# Blender 4.3.2
# www.blender.org
o BezelSetting
v 0.500853 -0.000000 -0.140473
v 0.502934 -0.000000 -0.173807
v 0.500900 -0.045191 -0.173807
v 0.463301 -0.190279 -0.140473
v 0.494538 -0.091515 -0.173807
v 0.483520 -0.138386 -0.173807
v 0.467622 -0.185127 -0.173807
v 0.415645 -0.279453 -0.140473
v 0.446748 -0.230995 -0.173807
v 0.420954 -0.275210 -0.173807
v 0.350449 -0.357826 -0.140473
v 0.390455 -0.316998 -0.173807
v 0.355628 -0.355628 -0.173807
v 0.316998 -0.390455 -0.173807
v 0.270825 -0.421317 -0.140473
v 0.275210 -0.420954 -0.173807
v 0.230995 -0.446748 -0.173807
v 0.182035 -0.466602 -0.140473
v 0.185127 -0.467622 -0.173807
v 0.138386 -0.483520 -0.173807
v 0.089967 -0.492707 -0.140473
v 0.091515 -0.494538 -0.173807
v 0.000000 -0.500853 -0.140473
v 0.045191 -0.500900 -0.173807
v 0.000000 -0.502934 -0.173807
v -0.095688 -0.491628 -0.140473
v -0.045191 -0.500900 -0.173807
v -0.091515 -0.494538 -0.173807
v -0.138386 -0.483520 -0.173807
v 0.490446 -0.090758 -0.107139
v 0.352686 -0.352686 -0.107139
v 0.387224 -0.314375 -0.107139
v 0.417471 -0.272933 -0.107139
v 0.443052 -0.229084 -0.107139
v 0.183596 -0.463753 -0.107139
v 0.229084 -0.443052 -0.107139
v 0.000000 -0.498773 -0.107139
v 0.044817 -0.496755 -0.107139
v -0.090758 -0.490446 -0.107139
v -0.044817 -0.496755 -0.107139
v -0.185127 -0.467622 -0.173807
v -0.190279 -0.463301 -0.140473
v 0.090758 -0.490446 -0.107139
v 0.137241 -0.479520 -0.107139
v 0.272933 -0.417471 -0.107139
v 0.314375 -0.387224 -0.107139
v -0.279453 -0.415645 -0.140473
v -0.230995 -0.446748 -0.173807
v -0.275210 -0.420954 -0.173807
v -0.357826 -0.350449 -0.140473
v -0.316998 -0.390455 -0.173807
v -0.355628 -0.355628 -0.173807
v -0.390455 -0.316998 -0.173807
v -0.272933 -0.417471 -0.107139
v -0.229084 -0.443052 -0.107139
v -0.420954 -0.275210 -0.173807
v -0.421317 -0.270825 -0.140473
v -0.417471 -0.272933 -0.107139
v -0.387224 -0.314375 -0.107139
v -0.446748 -0.230995 -0.173807
v -0.352686 -0.352686 -0.107139
v -0.314375 -0.387224 -0.107139
v -0.183596 -0.463753 -0.107139
v -0.137241 -0.479520 -0.107139
v -0.466602 -0.182035 -0.140473
v -0.467622 -0.185127 -0.173807
v -0.492707 -0.089967 -0.140473
v -0.483520 -0.138386 -0.173807
v -0.494538 -0.091515 -0.173807
v -0.500900 -0.045191 -0.173807
v -0.500853 -0.000000 -0.140473
v -0.502934 -0.000000 -0.173807
v -0.500900 0.045191 -0.173807
v -0.494538 0.091515 -0.173807
v -0.483520 0.138386 -0.173807
v -0.491628 0.095688 -0.140473
v -0.467622 0.185127 -0.173807
v -0.463301 0.190279 -0.140473
v -0.446748 0.230995 -0.173807
v -0.420954 0.275210 -0.173807
v -0.415645 0.279453 -0.140473
v -0.390455 0.316998 -0.173807
v -0.355628 0.355628 -0.173807
v -0.350449 0.357826 -0.140473
v -0.316998 0.390455 -0.173807
v -0.275210 0.420954 -0.173807
v -0.230995 0.446748 -0.173807
v -0.270825 0.421317 -0.140473
v -0.185127 0.467622 -0.173807
v -0.138386 0.483520 -0.173807
v -0.182035 0.466602 -0.140473
v -0.091515 0.494538 -0.173807
v -0.089967 0.492707 -0.140473
v -0.045191 0.500900 -0.173807
v -0.000000 0.502934 -0.173807
v -0.000000 0.500853 -0.140473
v 0.045191 0.500900 -0.173807
v 0.091515 0.494538 -0.173807
v 0.095688 0.491628 -0.140473
v 0.138386 0.483520 -0.173807
v -0.490446 -0.090758 -0.107139
v -0.479520 -0.137241 -0.107139
v 0.190279 0.463301 -0.140473
v 0.185127 0.467622 -0.173807
v 0.230995 0.446748 -0.173807
v 0.279453 0.415645 -0.140473
v 0.275210 0.420954 -0.173807
v -0.498773 -0.000000 -0.107139
v -0.496755 -0.044817 -0.107139
v 0.316998 0.390455 -0.173807
v 0.355628 0.355628 -0.173807
v 0.390455 0.316998 -0.173807
v 0.357826 0.350449 -0.140473
v 0.420954 0.275210 -0.173807
v 0.421317 0.270825 -0.140473
v 0.446748 0.230995 -0.173807
v 0.467622 0.185127 -0.173807
v 0.466602 0.182035 -0.140473
v 0.483520 0.138386 -0.173807
v 0.494538 0.091515 -0.173807
v 0.500900 0.045191 -0.173807
v 0.492707 0.089967 -0.140473
v -0.463753 -0.183596 -0.107139
v -0.443052 -0.229084 -0.107139
v 0.496755 -0.044817 -0.107139
v 0.479520 -0.137241 -0.107139
v 0.463753 -0.183596 -0.107139
v -0.463753 0.183596 -0.107139
v -0.479520 0.137241 -0.107139
v 0.498773 0.000000 -0.107139
v -0.496755 0.044817 -0.107139
v -0.490446 0.090758 -0.107139
v -0.443052 0.229084 -0.107139
v -0.417471 0.272933 -0.107139
v -0.352686 0.352686 -0.107139
v -0.387224 0.314375 -0.107139
v -0.272933 0.417471 -0.107139
v -0.314375 0.387224 -0.107139
v -0.183596 0.463753 -0.107139
v -0.229084 0.443052 -0.107139
v -0.090758 0.490446 -0.107139
v -0.137241 0.479520 -0.107139
v -0.000000 0.498773 -0.107139
v -0.044817 0.496755 -0.107139
v 0.183596 0.463753 -0.107139
v 0.137241 0.479520 -0.107139
v 0.272933 0.417471 -0.107139
v 0.229084 0.443052 -0.107139
v 0.090758 0.490446 -0.107139
v 0.044817 0.496755 -0.107139
v 0.417471 0.272933 -0.107139
v 0.387224 0.314375 -0.107139
v 0.490446 0.090758 -0.107139
v 0.479520 0.137241 -0.107139
v 0.496755 0.044817 -0.107139
v 0.463753 0.183596 -0.107139
v 0.443052 0.229084 -0.107139
v 0.352686 0.352686 -0.107139
v 0.314375 0.387224 -0.107139
v 0.540854 -0.105270 -0.084435
v 0.551004 -0.000000 -0.084435
v 0.524323 -0.000000 -0.093465
v 0.514665 -0.100172 -0.093465
v 0.509691 -0.209332 -0.084435
v 0.485011 -0.199196 -0.093465
v 0.457263 -0.307434 -0.084435
v 0.435122 -0.292548 -0.093465
v 0.385539 -0.393655 -0.084435
v 0.366871 -0.374594 -0.093465
v 0.297943 -0.463503 -0.084435
v 0.283516 -0.441060 -0.093465
v 0.200262 -0.513323 -0.084435
v 0.190565 -0.488467 -0.093465
v 0.098976 -0.542041 -0.084435
v 0.094183 -0.515795 -0.093465
v -0.000000 -0.551004 -0.084435
v -0.000000 -0.524323 -0.093465
v -0.105270 -0.540854 -0.084435
v -0.100172 -0.514665 -0.093465
v -0.209332 -0.509691 -0.084435
v -0.199196 -0.485011 -0.093465
v -0.307434 -0.457263 -0.084435
v -0.292548 -0.435122 -0.093465
v -0.393655 -0.385539 -0.084435
v -0.374594 -0.366871 -0.093465
v -0.463503 -0.297943 -0.084435
v -0.441060 -0.283516 -0.093465
v -0.513323 -0.200262 -0.084435
v -0.488467 -0.190565 -0.093465
v -0.542041 -0.098976 -0.084435
v -0.515795 -0.094183 -0.093465
v -0.551004 0.000000 -0.084435
v -0.524323 -0.000000 -0.093465
v -0.540854 0.105270 -0.084435
v -0.514665 0.100172 -0.093465
v -0.509691 0.209332 -0.084435
v -0.485011 0.199196 -0.093465
v -0.457263 0.307434 -0.084435
v -0.435122 0.292548 -0.093465
v -0.385539 0.393655 -0.084435
v -0.366871 0.374594 -0.093465
v -0.297943 0.463503 -0.084435
v -0.283516 0.441060 -0.093465
v -0.200262 0.513323 -0.084435
v -0.190565 0.488467 -0.093465
v -0.098976 0.542041 -0.084435
v -0.094183 0.515795 -0.093465
v 0.000000 0.551004 -0.084435
v -0.000000 0.524323 -0.093465
v 0.105270 0.540854 -0.084435
v 0.100172 0.514665 -0.093465
v 0.209332 0.509691 -0.084435
v 0.199196 0.485011 -0.093465
v 0.307434 0.457263 -0.084435
v 0.292548 0.435122 -0.093465
v 0.393655 0.385539 -0.084435
v 0.374594 0.366871 -0.093465
v 0.463503 0.297943 -0.084435
v 0.441060 0.283516 -0.093465
v 0.513323 0.200262 -0.084435
v 0.488467 0.190565 -0.093465
v 0.542041 0.098976 -0.084435
v 0.515795 0.094183 -0.093465
v 0.568216 -0.110595 -0.086548
v 0.578879 -0.000000 -0.086548
v 0.535476 -0.219922 -0.086548
v 0.480395 -0.322987 -0.086548
v 0.405043 -0.413570 -0.086548
v 0.313015 -0.486952 -0.086548
v 0.210393 -0.539291 -0.086548
v 0.103983 -0.569463 -0.086548
v -0.000000 -0.578879 -0.086548
v -0.110595 -0.568216 -0.086548
v -0.219922 -0.535476 -0.086548
v -0.322987 -0.480395 -0.086548
v -0.413570 -0.405043 -0.086548
v -0.486952 -0.313015 -0.086548
v -0.539291 -0.210393 -0.086548
v -0.569463 -0.103983 -0.086548
v -0.578879 0.000000 -0.086548
v -0.568216 0.110595 -0.086548
v -0.535476 0.219922 -0.086548
v -0.480395 0.322987 -0.086548
v -0.405043 0.413570 -0.086548
v -0.313015 0.486952 -0.086548
v -0.210393 0.539291 -0.086548
v -0.103983 0.569463 -0.086548
v 0.000000 0.578879 -0.086548
v 0.110595 0.568216 -0.086548
v 0.219922 0.535476 -0.086548
v 0.322987 0.480395 -0.086548
v 0.413570 0.405043 -0.086548
v 0.486952 0.313015 -0.086548
v 0.539291 0.210393 -0.086548
v 0.569463 0.103983 -0.086548
v 0.590662 -0.114964 -0.102482
v 0.601746 -0.000000 -0.102482
v 0.556629 -0.228610 -0.102482
v 0.499373 -0.335746 -0.102482
v 0.421044 -0.429908 -0.102482
v 0.325380 -0.506188 -0.102482
v 0.218704 -0.560595 -0.102482
v 0.108091 -0.591959 -0.102482
v -0.000000 -0.601746 -0.102482
v -0.114964 -0.590662 -0.102482
v -0.228610 -0.556629 -0.102482
v -0.335746 -0.499373 -0.102482
v -0.429908 -0.421044 -0.102482
v -0.506188 -0.325380 -0.102482
v -0.560595 -0.218704 -0.102482
v -0.591959 -0.108091 -0.102482
v -0.601746 0.000000 -0.102482
v -0.590662 0.114964 -0.102482
v -0.556629 0.228610 -0.102482
v -0.499373 0.335746 -0.102482
v -0.421044 0.429908 -0.102482
v -0.325380 0.506188 -0.102482
v -0.218704 0.560595 -0.102482
v -0.108091 0.591959 -0.102482
v 0.000000 0.601746 -0.102482
v 0.114964 0.590662 -0.102482
v 0.228610 0.556629 -0.102482
v 0.335746 0.499373 -0.102482
v 0.429908 0.421044 -0.102482
v 0.506188 0.325380 -0.102482
v 0.560595 0.218704 -0.102482
v 0.591959 0.108091 -0.102482
v 0.606528 -0.118052 -0.125541
v 0.617910 -0.000000 -0.125541
v 0.571581 -0.234750 -0.125541
v 0.512786 -0.344765 -0.125541
v 0.432354 -0.441455 -0.125541
v 0.334121 -0.519785 -0.125541
v 0.224579 -0.575653 -0.125541
v 0.110994 -0.607859 -0.125541
v -0.000000 -0.617910 -0.125541
v -0.118052 -0.606528 -0.125541
v -0.234750 -0.571581 -0.125541
v -0.344765 -0.512786 -0.125541
v -0.441455 -0.432354 -0.125541
v -0.519785 -0.334121 -0.125541
v -0.575653 -0.224579 -0.125541
v -0.607859 -0.110994 -0.125541
v -0.617910 0.000000 -0.125541
v -0.606528 0.118052 -0.125541
v -0.571581 0.234750 -0.125541
v -0.512786 0.344765 -0.125541
v -0.432354 0.441455 -0.125541
v -0.334121 0.519785 -0.125541
v -0.224579 0.575653 -0.125541
v -0.110994 0.607859 -0.125541
v 0.000000 0.617910 -0.125541
v 0.118052 0.606528 -0.125541
v 0.234750 0.571581 -0.125541
v 0.344765 0.512786 -0.125541
v 0.441455 0.432354 -0.125541
v 0.519785 0.334121 -0.125541
v 0.575653 0.224579 -0.125541
v 0.607859 0.110994 -0.125541
v 0.617165 -0.120122 -0.151419
v 0.628746 -0.000000 -0.151419
v 0.581605 -0.238867 -0.151419
v 0.521779 -0.350811 -0.151419
v 0.439936 -0.449197 -0.151419
v 0.339980 -0.528900 -0.151419
v 0.228517 -0.585749 -0.151419
v 0.112941 -0.618519 -0.151419
v -0.000000 -0.628746 -0.151419
v -0.120122 -0.617165 -0.151419
v -0.238867 -0.581605 -0.151419
v -0.350811 -0.521779 -0.151419
v -0.449197 -0.439936 -0.151419
v -0.528900 -0.339980 -0.151419
v -0.585749 -0.228517 -0.151419
v -0.618519 -0.112941 -0.151419
v -0.628746 0.000000 -0.151419
v -0.617165 0.120122 -0.151419
v -0.581605 0.238867 -0.151419
v -0.521779 0.350811 -0.151419
v -0.439936 0.449197 -0.151419
v -0.339980 0.528900 -0.151419
v -0.228517 0.585749 -0.151419
v -0.112941 0.618519 -0.151419
v 0.000000 0.628746 -0.151419
v 0.120122 0.617165 -0.151419
v 0.238867 0.581605 -0.151419
v 0.350811 0.521779 -0.151419
v 0.449197 0.439936 -0.151419
v 0.528900 0.339980 -0.151419
v 0.585749 0.228517 -0.151419
v 0.618519 0.112941 -0.151419
v 0.624096 -0.121471 -0.179062
v 0.635808 -0.000000 -0.179062
v 0.588137 -0.241550 -0.179062
v 0.527639 -0.354751 -0.179062
v 0.444877 -0.454242 -0.179062
v 0.343798 -0.534840 -0.179062
v 0.231084 -0.592327 -0.179062
v 0.114209 -0.625466 -0.179062
v -0.000000 -0.635808 -0.179062
v -0.121471 -0.624096 -0.179062
v -0.241550 -0.588137 -0.179062
v -0.354751 -0.527639 -0.179062
v -0.454242 -0.444877 -0.179062
v -0.534840 -0.343798 -0.179062
v -0.592327 -0.231084 -0.179062
v -0.625466 -0.114209 -0.179062
v -0.635808 0.000000 -0.179062
v -0.624096 0.121471 -0.179062
v -0.588137 0.241550 -0.179062
v -0.527639 0.354751 -0.179062
v -0.444877 0.454242 -0.179062
v -0.343798 0.534840 -0.179062
v -0.231084 0.592327 -0.179062
v -0.114209 0.625466 -0.179062
v -0.000000 0.635808 -0.179062
v 0.121471 0.624096 -0.179062
v 0.241550 0.588137 -0.179062
v 0.354751 0.527639 -0.179062
v 0.454242 0.444877 -0.179062
v 0.534840 0.343798 -0.179062
v 0.592327 0.231084 -0.179062
v 0.625466 0.114209 -0.179062
v 0.629295 -0.116453 -0.208800
v 0.637390 -0.057505 -0.208800
v 0.595045 -0.235573 -0.208800
v 0.615275 -0.176095 -0.208800
v 0.535660 -0.350203 -0.208800
v 0.568483 -0.293939 -0.208800
v 0.452534 -0.452534 -0.208800
v 0.496850 -0.403378 -0.208800
v 0.639979 -0.000000 -0.208800
v 0.350203 -0.535660 -0.208800
v 0.403378 -0.496850 -0.208800
v 0.235573 -0.595045 -0.208800
v 0.293939 -0.568483 -0.208800
v 0.116453 -0.629295 -0.208800
v 0.176095 -0.615275 -0.208800
v -0.116453 -0.629295 -0.208800
v -0.057505 -0.637390 -0.208800
v -0.235573 -0.595045 -0.208800
v -0.176095 -0.615275 -0.208800
v 0.000000 -0.639979 -0.208800
v 0.057505 -0.637390 -0.208800
v -0.452534 -0.452534 -0.208800
v -0.403378 -0.496850 -0.208800
v -0.535660 -0.350203 -0.208800
v -0.496850 -0.403378 -0.208800
v -0.629295 -0.116453 -0.208800
v -0.615275 -0.176095 -0.208800
v -0.639979 -0.000000 -0.208800
v -0.637390 -0.057505 -0.208800
v -0.595045 -0.235573 -0.208800
v -0.568483 -0.293939 -0.208800
v -0.350203 -0.535660 -0.208800
v -0.293939 -0.568483 -0.208800
v -0.629295 0.116453 -0.208800
v -0.637390 0.057505 -0.208800
v -0.595045 0.235573 -0.208800
v -0.615275 0.176095 -0.208800
v -0.535660 0.350203 -0.208800
v -0.568483 0.293939 -0.208800
v -0.452534 0.452534 -0.208800
v -0.496850 0.403378 -0.208800
v -0.350203 0.535660 -0.208800
v -0.403378 0.496850 -0.208800
v -0.235573 0.595045 -0.208800
v -0.293939 0.568483 -0.208800
v -0.116453 0.629295 -0.208800
v -0.176095 0.615275 -0.208800
v 0.116453 0.629295 -0.208800
v 0.057505 0.637390 -0.208800
v 0.235573 0.595045 -0.208800
v 0.176095 0.615275 -0.208800
v -0.000000 0.639979 -0.208800
v -0.057505 0.637390 -0.208800
v 0.452534 0.452534 -0.208800
v 0.403378 0.496850 -0.208800
v 0.535660 0.350203 -0.208800
v 0.496850 0.403378 -0.208800
v 0.629295 0.116453 -0.208800
v 0.615275 0.176095 -0.208800
v 0.637390 0.057505 -0.208800
v 0.595045 0.235573 -0.208800
v 0.568483 0.293939 -0.208800
v 0.350203 0.535660 -0.208800
v 0.293939 0.568483 -0.208800
v 0.615677 -0.119833 -0.472903
v 0.627231 -0.000000 -0.472903
v 0.645969 -0.000000 -0.344291
v 0.634070 -0.123413 -0.344291
v 0.580203 -0.238292 -0.472903
v 0.597536 -0.245410 -0.344291
v 0.520522 -0.349965 -0.472903
v 0.536072 -0.360420 -0.344291
v 0.438876 -0.448115 -0.472903
v 0.451987 -0.461502 -0.344291
v 0.339161 -0.527625 -0.472903
v 0.349293 -0.543388 -0.344291
v 0.227967 -0.584337 -0.472903
v 0.234777 -0.601793 -0.344291
v 0.112668 -0.617029 -0.472903
v 0.116034 -0.635462 -0.344291
v -0.000000 -0.627231 -0.472903
v -0.000000 -0.645969 -0.344291
v -0.119833 -0.615677 -0.472903
v -0.123413 -0.634070 -0.344291
v -0.238292 -0.580203 -0.472903
v -0.245410 -0.597536 -0.344291
v -0.349965 -0.520522 -0.472903
v -0.360420 -0.536072 -0.344291
v -0.448115 -0.438876 -0.472903
v -0.461502 -0.451987 -0.344291
v -0.527625 -0.339161 -0.472903
v -0.543388 -0.349293 -0.344291
v -0.584337 -0.227967 -0.472903
v -0.601793 -0.234777 -0.344291
v -0.617029 -0.112668 -0.472903
v -0.635462 -0.116034 -0.344291
v -0.627231 0.000000 -0.472903
v -0.645969 0.000000 -0.344291
v -0.615677 0.119833 -0.472903
v -0.634070 0.123413 -0.344291
v -0.580203 0.238292 -0.472903
v -0.597536 0.245410 -0.344291
v -0.520522 0.349965 -0.472903
v -0.536072 0.360420 -0.344291
v -0.438876 0.448115 -0.472903
v -0.451987 0.461502 -0.344291
v -0.339161 0.527625 -0.472903
v -0.349293 0.543388 -0.344291
v -0.227967 0.584337 -0.472903
v -0.234777 0.601793 -0.344291
v -0.112668 0.617029 -0.472903
v -0.116034 0.635462 -0.344291
v 0.000000 0.627231 -0.472903
v 0.000000 0.645969 -0.344291
v 0.119833 0.615677 -0.472903
v 0.123413 0.634070 -0.344291
v 0.238292 0.580203 -0.472903
v 0.245410 0.597536 -0.344291
v 0.349965 0.520522 -0.472903
v 0.360420 0.536072 -0.344291
v 0.448115 0.438876 -0.472903
v 0.461502 0.451987 -0.344291
v 0.527625 0.339161 -0.472903
v 0.543388 0.349293 -0.344291
v 0.584337 0.227967 -0.472903
v 0.601793 0.234777 -0.344291
v 0.617029 0.112668 -0.472903
v 0.635462 0.116034 -0.344291
v 0.569228 -0.110792 -0.603126
v 0.579910 -0.000000 -0.603126
v 0.536430 -0.220314 -0.603126
v 0.481251 -0.323562 -0.603126
v 0.405765 -0.414307 -0.603126
v 0.313573 -0.487819 -0.603126
v 0.210768 -0.540252 -0.603126
v 0.104168 -0.570477 -0.603126
v -0.000000 -0.579910 -0.603126
v -0.110792 -0.569228 -0.603126
v -0.220314 -0.536430 -0.603126
v -0.323562 -0.481251 -0.603126
v -0.414307 -0.405765 -0.603126
v -0.487819 -0.313573 -0.603126
v -0.540252 -0.210768 -0.603126
v -0.570477 -0.104168 -0.603126
v -0.579910 0.000000 -0.603126
v -0.569228 0.110792 -0.603126
v -0.536430 0.220314 -0.603126
v -0.481251 0.323562 -0.603126
v -0.405765 0.414307 -0.603126
v -0.313573 0.487819 -0.603126
v -0.210768 0.540252 -0.603126
v -0.104168 0.570477 -0.603126
v 0.000000 0.579910 -0.603126
v 0.110792 0.569228 -0.603126
v 0.220314 0.536430 -0.603126
v 0.323562 0.481251 -0.603126
v 0.414307 0.405765 -0.603126
v 0.487819 0.313573 -0.603126
v 0.540252 0.210768 -0.603126
v 0.570477 0.104168 -0.603126
v 0.500547 -0.092627 -0.719442
v 0.506986 -0.045740 -0.719442
v 0.473304 -0.187377 -0.719442
v 0.489396 -0.140068 -0.719442
v 0.426069 -0.278555 -0.719442
v 0.452177 -0.233802 -0.719442
v 0.359949 -0.359949 -0.719442
v 0.395199 -0.320850 -0.719442
v 0.509045 -0.000000 -0.719442
v 0.278555 -0.426069 -0.719442
v 0.320850 -0.395199 -0.719442
v 0.187377 -0.473304 -0.719442
v 0.233802 -0.452177 -0.719442
v 0.092627 -0.500547 -0.719442
v 0.140068 -0.489396 -0.719442
v -0.092627 -0.500547 -0.719442
v -0.045740 -0.506986 -0.719442
v -0.187377 -0.473304 -0.719442
v -0.140068 -0.489396 -0.719442
v 0.000000 -0.509045 -0.719442
v 0.045740 -0.506986 -0.719442
v -0.359949 -0.359949 -0.719442
v -0.320850 -0.395199 -0.719442
v -0.426069 -0.278555 -0.719442
v -0.395199 -0.320850 -0.719442
v -0.500547 -0.092627 -0.719442
v -0.489396 -0.140068 -0.719442
v -0.509045 -0.000000 -0.719442
v -0.506986 -0.045740 -0.719442
v -0.473304 -0.187377 -0.719442
v -0.452177 -0.233802 -0.719442
v -0.278555 -0.426069 -0.719442
v -0.233802 -0.452177 -0.719442
v -0.500547 0.092627 -0.719442
v -0.506986 0.045740 -0.719442
v -0.473304 0.187377 -0.719442
v -0.489396 0.140068 -0.719442
v -0.426069 0.278555 -0.719442
v -0.452177 0.233802 -0.719442
v -0.359949 0.359949 -0.719442
v -0.395199 0.320850 -0.719442
v -0.278555 0.426069 -0.719442
v -0.320850 0.395199 -0.719442
v -0.187377 0.473304 -0.719442
v -0.233802 0.452177 -0.719442
v -0.092627 0.500547 -0.719442
v -0.140068 0.489396 -0.719442
v 0.092627 0.500547 -0.719442
v 0.045740 0.506986 -0.719442
v 0.187377 0.473304 -0.719442
v 0.140068 0.489396 -0.719442
v -0.000000 0.509045 -0.719442
v -0.045740 0.506986 -0.719442
v 0.359949 0.359949 -0.719442
v 0.320850 0.395199 -0.719442
v 0.426069 0.278555 -0.719442
v 0.395199 0.320850 -0.719442
v 0.500547 0.092627 -0.719442
v 0.489396 0.140068 -0.719442
v 0.506986 0.045740 -0.719442
v 0.473304 0.187377 -0.719442
v 0.452177 0.233802 -0.719442
v 0.278555 0.426069 -0.719442
v 0.233802 0.452177 -0.719442
v 0.440179 -0.085674 -0.757334
v 0.448439 0.000000 -0.757334
v 0.480243 0.000000 -0.741601
v 0.471397 -0.091751 -0.741601
v 0.414816 -0.170367 -0.757334
v 0.444236 -0.182449 -0.741601
v 0.372147 -0.250208 -0.757334
v 0.398541 -0.267953 -0.741601
v 0.313774 -0.320380 -0.757334
v 0.336028 -0.343102 -0.741601
v 0.242483 -0.377226 -0.757334
v 0.259680 -0.403979 -0.741601
v 0.162985 -0.417772 -0.757334
v 0.174544 -0.447401 -0.741601
v 0.080552 -0.441145 -0.757334
v 0.086265 -0.472432 -0.741601
v -0.000000 -0.448439 -0.757334
v -0.000000 -0.480243 -0.741601
v -0.085674 -0.440179 -0.757334
v -0.091751 -0.471397 -0.741601
v -0.170367 -0.414816 -0.757334
v -0.182449 -0.444236 -0.741601
v -0.250208 -0.372147 -0.757334
v -0.267953 -0.398541 -0.741601
v -0.320380 -0.313774 -0.757334
v -0.343102 -0.336028 -0.741601
v -0.377226 -0.242483 -0.757334
v -0.403979 -0.259680 -0.741601
v -0.417772 -0.162985 -0.757334
v -0.447401 -0.174544 -0.741601
v -0.441145 -0.080552 -0.757334
v -0.472432 -0.086265 -0.741601
v -0.448439 0.000000 -0.757334
v -0.480243 0.000000 -0.741601
v -0.440179 0.085674 -0.757334
v -0.471397 0.091751 -0.741601
v -0.414816 0.170367 -0.757334
v -0.444236 0.182449 -0.741601
v -0.372147 0.250208 -0.757334
v -0.398541 0.267953 -0.741601
v -0.313774 0.320380 -0.757334
v -0.336028 0.343102 -0.741601
v -0.242483 0.377226 -0.757334
v -0.259680 0.403979 -0.741601
v -0.162985 0.417772 -0.757334
v -0.174544 0.447401 -0.741601
v -0.080552 0.441145 -0.757334
v -0.086265 0.472432 -0.741601
v 0.000000 0.448439 -0.757334
v -0.000000 0.480243 -0.741601
v 0.085674 0.440179 -0.757334
v 0.091751 0.471397 -0.741601
v 0.170367 0.414816 -0.757334
v 0.182449 0.444236 -0.741601
v 0.250208 0.372147 -0.757334
v 0.267953 0.398541 -0.741601
v 0.320380 0.313774 -0.757334
v 0.343102 0.336028 -0.741601
v 0.377226 0.242483 -0.757334
v 0.403979 0.259680 -0.741601
v 0.417772 0.162985 -0.757334
v 0.447401 0.174544 -0.741601
v 0.441145 0.080552 -0.757334
v 0.472432 0.086265 -0.741601
v 0.407086 -0.079233 -0.764420
v 0.414725 0.000000 -0.764420
v 0.383631 -0.157558 -0.764420
v 0.344169 -0.231397 -0.764420
v 0.290185 -0.296294 -0.764420
v 0.224253 -0.348866 -0.764420
v 0.150732 -0.386364 -0.764420
v 0.074496 -0.407980 -0.764420
v -0.000000 -0.414725 -0.764420
v -0.079233 -0.407086 -0.764420
v -0.157558 -0.383631 -0.764420
v -0.231397 -0.344169 -0.764420
v -0.296294 -0.290185 -0.764420
v -0.348866 -0.224253 -0.764420
v -0.386364 -0.150732 -0.764420
v -0.407980 -0.074496 -0.764420
v -0.414725 0.000000 -0.764420
v -0.407086 0.079233 -0.764420
v -0.383631 0.157558 -0.764420
v -0.344169 0.231397 -0.764420
v -0.290185 0.296294 -0.764420
v -0.224253 0.348866 -0.764420
v -0.150732 0.386364 -0.764420
v -0.074496 0.407980 -0.764420
v 0.000000 0.414725 -0.764420
v 0.079233 0.407086 -0.764420
v 0.157558 0.383631 -0.764420
v 0.231397 0.344169 -0.764420
v 0.296294 0.290185 -0.764420
v 0.348866 0.224253 -0.764420
v 0.386364 0.150732 -0.764420
v 0.407980 0.074496 -0.764420
v 0.373462 -0.072689 -0.761951
v 0.380470 0.000000 -0.761951
v 0.351943 -0.144544 -0.761951
v 0.315742 -0.212284 -0.761951
v 0.266216 -0.271820 -0.761951
v 0.205730 -0.320051 -0.761951
v 0.138282 -0.354451 -0.761951
v 0.068343 -0.374281 -0.761951
v -0.000000 -0.380470 -0.761951
v -0.072689 -0.373462 -0.761951
v -0.144544 -0.351943 -0.761951
v -0.212284 -0.315742 -0.761951
v -0.271820 -0.266216 -0.761951
v -0.320051 -0.205730 -0.761951
v -0.354451 -0.138282 -0.761951
v -0.374281 -0.068343 -0.761951
v -0.380470 -0.000000 -0.761951
v -0.373462 0.072689 -0.761951
v -0.351943 0.144544 -0.761951
v -0.315742 0.212284 -0.761951
v -0.266216 0.271820 -0.761951
v -0.205730 0.320051 -0.761951
v -0.138282 0.354451 -0.761951
v -0.068343 0.374281 -0.761951
v -0.000000 0.380470 -0.761951
v 0.072689 0.373462 -0.761951
v 0.144544 0.351943 -0.761951
v 0.212284 0.315742 -0.761951
v 0.271820 0.266216 -0.761951
v 0.320051 0.205730 -0.761951
v 0.354451 0.138282 -0.761951
v 0.374281 0.068343 -0.761951
v 0.340763 -0.066325 -0.750608
v 0.347157 0.000000 -0.750608
v 0.321128 -0.131889 -0.750608
v 0.288096 -0.193697 -0.750608
v 0.242907 -0.248021 -0.750608
v 0.187717 -0.292028 -0.750608
v 0.126174 -0.323416 -0.750608
v 0.062359 -0.341510 -0.750608
v 0.000000 -0.347157 -0.750608
v -0.066325 -0.340763 -0.750608
v -0.131889 -0.321128 -0.750608
v -0.193697 -0.288096 -0.750608
v -0.248021 -0.242907 -0.750608
v -0.292028 -0.187717 -0.750608
v -0.323416 -0.126174 -0.750608
v -0.341510 -0.062359 -0.750608
v -0.347157 -0.000000 -0.750608
v -0.340763 0.066325 -0.750608
v -0.321128 0.131889 -0.750608
v -0.288096 0.193697 -0.750608
v -0.242907 0.248021 -0.750608
v -0.187717 0.292028 -0.750608
v -0.126174 0.323416 -0.750608
v -0.062359 0.341510 -0.750608
v -0.000000 0.347157 -0.750608
v 0.066325 0.340763 -0.750608
v 0.131889 0.321128 -0.750608
v 0.193697 0.288096 -0.750608
v 0.248021 0.242907 -0.750608
v 0.292028 0.187717 -0.750608
v 0.323416 0.126174 -0.750608
v 0.341510 0.062359 -0.750608
v 0.310998 -0.057551 -0.732535
v 0.316278 0.000000 -0.732535
v 0.264723 -0.173070 -0.732535
v 0.294072 -0.116420 -0.732535
v 0.223642 -0.223642 -0.732535
v 0.116420 -0.294072 -0.732535
v 0.173070 -0.264723 -0.732535
v 0.000000 -0.316278 -0.732535
v 0.057551 -0.310998 -0.732535
v -0.057551 -0.310998 -0.732535
v -0.173070 -0.264723 -0.732535
v -0.116420 -0.294072 -0.732535
v -0.223642 -0.223642 -0.732535
v -0.294072 -0.116420 -0.732535
v -0.264723 -0.173070 -0.732535
v -0.316278 -0.000000 -0.732535
v -0.310998 -0.057551 -0.732535
v -0.310998 0.057551 -0.732535
v -0.294072 0.116420 -0.732535
v -0.264723 0.173070 -0.732535
v -0.223642 0.223642 -0.732535
v -0.116420 0.294072 -0.732535
v -0.173070 0.264723 -0.732535
v -0.057551 0.310998 -0.732535
v -0.000000 0.316278 -0.732535
v 0.116420 0.294072 -0.732535
v 0.057551 0.310998 -0.732535
v 0.173070 0.264723 -0.732535
v 0.223642 0.223642 -0.732535
v 0.294072 0.116420 -0.732535
v 0.264723 0.173070 -0.732535
v 0.310998 0.057551 -0.732535
v 0.342113 0.066587 -0.536962
v 0.335355 0.065272 -0.635738
v 0.341648 0.000000 -0.635738
v 0.348533 0.000000 -0.536962
v 0.322401 0.132411 -0.536962
v 0.316033 0.129796 -0.635738
v 0.289238 0.194465 -0.536962
v 0.283525 0.190624 -0.635738
v 0.243869 0.249003 -0.536962
v 0.239053 0.244085 -0.635738
v 0.188461 0.293185 -0.536962
v 0.184738 0.287394 -0.635738
v 0.126674 0.324698 -0.536962
v 0.124172 0.318284 -0.635738
v 0.062606 0.342864 -0.536962
v 0.061370 0.336091 -0.635738
v -0.000000 0.348533 -0.536962
v -0.000000 0.341648 -0.635738
v -0.066587 0.342113 -0.536962
v -0.065272 0.335355 -0.635738
v -0.132411 0.322401 -0.536962
v -0.129796 0.316033 -0.635738
v -0.194465 0.289238 -0.536962
v -0.190624 0.283525 -0.635738
v -0.249003 0.243869 -0.536962
v -0.244085 0.239053 -0.635738
v -0.293185 0.188461 -0.536962
v -0.287394 0.184738 -0.635738
v -0.324698 0.126674 -0.536962
v -0.318284 0.124172 -0.635738
v -0.342864 0.062606 -0.536962
v -0.336091 0.061370 -0.635738
v -0.348533 -0.000000 -0.536962
v -0.341648 -0.000000 -0.635738
v -0.342113 -0.066587 -0.536962
v -0.335355 -0.065272 -0.635738
v -0.322401 -0.132411 -0.536962
v -0.316033 -0.129796 -0.635738
v -0.289238 -0.194465 -0.536962
v -0.283525 -0.190624 -0.635738
v -0.243869 -0.249003 -0.536962
v -0.239053 -0.244085 -0.635738
v -0.188461 -0.293185 -0.536962
v -0.184738 -0.287394 -0.635738
v -0.126674 -0.324698 -0.536962
v -0.124172 -0.318284 -0.635738
v -0.062606 -0.342864 -0.536962
v -0.061370 -0.336091 -0.635738
v -0.000000 -0.348533 -0.536962
v -0.000000 -0.341648 -0.635738
v 0.066587 -0.342113 -0.536962
v 0.065272 -0.335355 -0.635738
v 0.132411 -0.322401 -0.536962
v 0.129796 -0.316033 -0.635738
v 0.194465 -0.289238 -0.536962
v 0.190624 -0.283525 -0.635738
v 0.249003 -0.243869 -0.536962
v 0.244085 -0.239053 -0.635738
v 0.293185 -0.188461 -0.536962
v 0.287394 -0.184738 -0.635738
v 0.324698 -0.126674 -0.536962
v 0.318284 -0.124172 -0.635738
v 0.342864 -0.062606 -0.536962
v 0.336091 -0.061370 -0.635738
v 0.329851 0.064201 -0.439161
v 0.336041 0.000000 -0.439161
v 0.310846 0.127666 -0.439161
v 0.278871 0.187495 -0.439161
v 0.235129 0.240079 -0.439161
v 0.181707 0.282677 -0.439161
v 0.122134 0.313061 -0.439161
v 0.060362 0.330575 -0.439161
v -0.000000 0.336041 -0.439161
v -0.064201 0.329851 -0.439161
v -0.127666 0.310846 -0.439161
v -0.187495 0.278871 -0.439161
v -0.240079 0.235129 -0.439161
v -0.282677 0.181707 -0.439161
v -0.313061 0.122134 -0.439161
v -0.330575 0.060362 -0.439161
v -0.336041 0.000000 -0.439161
v -0.329851 -0.064201 -0.439161
v -0.310846 -0.127666 -0.439161
v -0.278871 -0.187495 -0.439161
v -0.235129 -0.240079 -0.439161
v -0.181707 -0.282677 -0.439161
v -0.122134 -0.313061 -0.439161
v -0.060362 -0.330575 -0.439161
v -0.000000 -0.336041 -0.439161
v 0.064201 -0.329851 -0.439161
v 0.127666 -0.310846 -0.439161
v 0.187495 -0.278871 -0.439161
v 0.240079 -0.235129 -0.439161
v 0.282677 -0.181707 -0.439161
v 0.313061 -0.122134 -0.439161
v 0.330575 -0.060362 -0.439161
v 0.304962 0.000000 -0.343772
v 0.299871 0.055492 -0.343772
v 0.283550 0.112255 -0.343772
v 0.255252 0.166878 -0.343772
v 0.215641 0.215641 -0.343772
v 0.166878 0.255252 -0.343772
v 0.112255 0.283550 -0.343772
v 0.055492 0.299871 -0.343772
v 0.000000 0.304962 -0.343772
v -0.055492 0.299871 -0.343772
v -0.112255 0.283550 -0.343772
v -0.166878 0.255252 -0.343772
v -0.215641 0.215641 -0.343772
v -0.255252 0.166878 -0.343772
v -0.283550 0.112255 -0.343772
v -0.299871 0.055492 -0.343772
v -0.304962 0.000000 -0.343772
v -0.299871 -0.055492 -0.343772
v -0.283550 -0.112255 -0.343772
v -0.255252 -0.166878 -0.343772
v -0.215641 -0.215641 -0.343772
v -0.166878 -0.255252 -0.343772
v -0.112255 -0.283550 -0.343772
v -0.055492 -0.299871 -0.343772
v 0.000000 -0.304962 -0.343772
v 0.055492 -0.299871 -0.343772
v 0.112255 -0.283550 -0.343772
v 0.166878 -0.255252 -0.343772
v 0.215641 -0.215641 -0.343772
v 0.255252 -0.166878 -0.343772
v 0.283550 -0.112255 -0.343772
v 0.299871 -0.055492 -0.343772
v 0.403948 0.000000 -0.258789
v 0.353600 -0.353600 -0.146400
v 0.344000 -0.142500 -0.040200
v 0.201500 -0.201500 0.000000
v 0.142500 -0.344000 -0.040200
v 0.000000 -0.500000 -0.146400
v 0.000000 -0.285000 0.000000
v -0.142500 -0.344000 -0.040200
v 0.000000 0.000000 -0.600000
v -0.090000 0.037300 -0.523200
v -0.353600 0.353600 -0.173200
v -0.037300 0.090000 -0.523200
v 0.000000 0.500000 -0.173200
v 0.037300 0.090000 -0.523200
v 0.353600 0.353600 -0.173200
v 0.090000 0.037300 -0.523200
v 0.500000 0.000000 -0.173200
v 0.090000 -0.037300 -0.523200
v 0.353600 -0.353600 -0.173200
v 0.037300 -0.090000 -0.523200
v 0.000000 -0.500000 -0.173200
v -0.037300 -0.090000 -0.523200
v -0.353600 -0.353600 -0.173200
v -0.090000 -0.037300 -0.523200
v -0.500000 0.000000 -0.173200
v 0.000000 0.285000 0.000000
v -0.201500 0.201500 0.000000
v -0.285000 0.000000 0.000000
v 0.000000 0.000000 0.000000
v 0.285000 0.000000 0.000000
v 0.201500 0.201500 0.000000
v -0.201500 -0.201500 0.000000
v 0.500000 0.000000 -0.146400
v 0.344000 0.142500 -0.040200
v 0.353600 0.353600 -0.146400
v 0.142500 0.344000 -0.040200
v 0.000000 0.500000 -0.146400
v -0.142500 0.344000 -0.040200
v -0.353600 0.353600 -0.146400
v -0.344000 0.142500 -0.040200
v -0.500000 0.000000 -0.146400
v -0.344000 -0.142500 -0.040200
v -0.353600 -0.353600 -0.146400
v 0.497600 -0.049000 -0.166800
v 0.500000 0.000000 -0.159800
v 0.497600 -0.049000 -0.159700
v 0.490400 -0.097500 -0.164700
v 0.490400 -0.097500 -0.159600
v 0.478500 -0.145100 -0.166800
v 0.478500 -0.145100 -0.159700
v 0.461900 -0.191300 -0.173200
v 0.461900 -0.191300 -0.159800
v 0.441000 -0.235700 -0.166800
v 0.441000 -0.235700 -0.159700
v 0.415700 -0.277800 -0.164700
v 0.415700 -0.277800 -0.159600
v 0.386500 -0.317200 -0.166800
v 0.386500 -0.317200 -0.159700
v 0.353600 -0.353600 -0.159800
v 0.317200 -0.386500 -0.166800
v 0.317200 -0.386500 -0.159700
v 0.277800 -0.415700 -0.164700
v 0.277800 -0.415700 -0.159600
v 0.235700 -0.441000 -0.166800
v 0.235700 -0.441000 -0.159700
v 0.191300 -0.461900 -0.173200
v 0.191300 -0.461900 -0.159800
v 0.145100 -0.478500 -0.166800
v 0.145100 -0.478500 -0.159700
v 0.097500 -0.490400 -0.164700
v 0.097500 -0.490400 -0.159600
v 0.049000 -0.497600 -0.166800
v 0.049000 -0.497600 -0.159700
v 0.000000 -0.500000 -0.159800
v -0.049000 -0.497600 -0.166800
v -0.049000 -0.497600 -0.159700
v -0.097500 -0.490400 -0.164700
v -0.097500 -0.490400 -0.159600
v -0.145100 -0.478500 -0.166800
v -0.145100 -0.478500 -0.159700
v -0.191300 -0.461900 -0.173200
v -0.191300 -0.461900 -0.159800
v -0.235700 -0.441000 -0.166800
v -0.235700 -0.441000 -0.159700
v -0.277800 -0.415700 -0.164700
v -0.277800 -0.415700 -0.159600
v -0.317200 -0.386500 -0.166800
v -0.317200 -0.386500 -0.159700
v -0.353600 -0.353600 -0.159800
v -0.386500 -0.317200 -0.166800
v -0.386500 -0.317200 -0.159700
v -0.415700 -0.277800 -0.164700
v -0.415700 -0.277800 -0.159600
v -0.441000 -0.235700 -0.166800
v -0.441000 -0.235700 -0.159700
v -0.461900 -0.191300 -0.173200
v -0.461900 -0.191300 -0.159800
v -0.478500 -0.145100 -0.166800
v -0.478500 -0.145100 -0.159700
v -0.490400 -0.097500 -0.164700
v -0.490400 -0.097500 -0.159600
v -0.497600 -0.049000 -0.166800
v -0.497600 -0.049000 -0.159700
v -0.500000 0.000000 -0.159800
v -0.497600 0.049000 -0.166800
v -0.497600 0.049000 -0.159700
v -0.490400 0.097500 -0.164700
v -0.490400 0.097500 -0.159600
v -0.478500 0.145100 -0.166800
v -0.478500 0.145100 -0.159700
v -0.461900 0.191300 -0.173200
v -0.461900 0.191300 -0.159800
v -0.441000 0.235700 -0.166800
v -0.441000 0.235700 -0.159700
v -0.415700 0.277800 -0.164700
v -0.415700 0.277800 -0.159600
v -0.386500 0.317200 -0.166800
v -0.386500 0.317200 -0.159700
v -0.353600 0.353600 -0.159800
v -0.317200 0.386500 -0.166800
v -0.317200 0.386500 -0.159700
v -0.277800 0.415700 -0.164700
v -0.277800 0.415700 -0.159600
v -0.235700 0.441000 -0.166800
v -0.235700 0.441000 -0.159700
v -0.191300 0.461900 -0.173200
v -0.191300 0.461900 -0.159800
v -0.145100 0.478500 -0.166800
v -0.145100 0.478500 -0.159700
v -0.097500 0.490400 -0.164700
v -0.097500 0.490400 -0.159600
v -0.049000 0.497600 -0.166800
v -0.049000 0.497600 -0.159700
v 0.000000 0.500000 -0.159800
v 0.049000 0.497600 -0.166800
v 0.049000 0.497600 -0.159700
v 0.097500 0.490400 -0.164700
v 0.097500 0.490400 -0.159600
v 0.145100 0.478500 -0.166800
v 0.145100 0.478500 -0.159700
v 0.191300 0.461900 -0.173200
v 0.191300 0.461900 -0.159800
v 0.235700 0.441000 -0.166800
v 0.235700 0.441000 -0.159700
v 0.277800 0.415700 -0.164700
v 0.277800 0.415700 -0.159600
v 0.317200 0.386500 -0.166800
v 0.317200 0.386500 -0.159700
v 0.353600 0.353600 -0.159800
v 0.386500 0.317200 -0.166800
v 0.386500 0.317200 -0.159700
v 0.415700 0.277800 -0.164700
v 0.415700 0.277800 -0.159600
v 0.441000 0.235700 -0.166800
v 0.441000 0.235700 -0.159700
v 0.461900 0.191300 -0.173200
v 0.461900 0.191300 -0.159800
v 0.478500 0.145100 -0.166800
v 0.478500 0.145100 -0.159700
v 0.490400 0.097500 -0.164700
v 0.490400 0.097500 -0.159600
v 0.497600 0.049000 -0.166800
v 0.497600 0.049000 -0.159700
v 0.497600 -0.049000 -0.152500
v 0.490400 -0.097500 -0.154600
v 0.478500 -0.145100 -0.152500
v 0.461900 -0.191300 -0.146400
v 0.441000 -0.235700 -0.152500
v 0.415700 -0.277800 -0.154600
v 0.386500 -0.317200 -0.152500
v 0.317200 -0.386500 -0.152500
v 0.277800 -0.415700 -0.154600
v 0.235700 -0.441000 -0.152500
v 0.191300 -0.461900 -0.146400
v 0.145100 -0.478500 -0.152500
v 0.097500 -0.490400 -0.154600
v 0.049000 -0.497600 -0.152500
v -0.049000 -0.497600 -0.152500
v -0.097500 -0.490400 -0.154600
v -0.145100 -0.478500 -0.152500
v -0.191300 -0.461900 -0.146400
v -0.235700 -0.441000 -0.152500
v -0.277800 -0.415700 -0.154600
v -0.317200 -0.386500 -0.152500
v -0.386500 -0.317200 -0.152500
v -0.415700 -0.277800 -0.154600
v -0.441000 -0.235700 -0.152500
v -0.461900 -0.191300 -0.146400
v -0.478500 -0.145100 -0.152500
v -0.490400 -0.097500 -0.154600
v -0.497600 -0.049000 -0.152500
v 0.461900 0.191300 -0.146400
v 0.478500 0.145100 -0.152500
v 0.490400 0.097500 -0.154600
v 0.497600 0.049000 -0.152500
v 0.415700 0.277800 -0.154600
v 0.386500 0.317200 -0.152500
v 0.441000 0.235700 -0.152500
v 0.191300 0.461900 -0.146400
v 0.235700 0.441000 -0.152500
v 0.277800 0.415700 -0.154600
v 0.317200 0.386500 -0.152500
v 0.097500 0.490400 -0.154600
v 0.049000 0.497600 -0.152500
v 0.145100 0.478500 -0.152500
v -0.191300 0.461900 -0.146400
v -0.145100 0.478500 -0.152500
v -0.097500 0.490400 -0.154600
v -0.049000 0.497600 -0.152500
v -0.277800 0.415700 -0.154600
v -0.317200 0.386500 -0.152500
v -0.235700 0.441000 -0.152500
v -0.461900 0.191300 -0.146400
v -0.441000 0.235700 -0.152500
v -0.415700 0.277800 -0.154600
v -0.386500 0.317200 -0.152500
v -0.490400 0.097500 -0.154600
v -0.497600 0.049000 -0.152500
v -0.478500 0.145100 -0.152500
vn -0.9980 0.0044 -0.0624
vn -0.9231 -0.0000 0.3845
vn -0.9352 0.1005 0.3397
vn -0.9248 0.3752 -0.0624
vn -0.9120 0.1734 0.3717
vn -0.9157 0.2426 0.3203
vn -0.8600 0.3373 0.3830
vn -0.8281 0.5570 -0.0624
vn -0.8261 0.4315 0.3624
vn -0.7738 0.5036 0.3843
vn -0.6984 0.7130 -0.0624
vn -0.7220 0.5886 0.3637
vn -0.6538 0.6516 0.3846
vn -0.5864 0.7238 0.3636
vn -0.5401 0.8393 -0.0624
vn -0.5060 0.7719 0.3849
vn -0.4277 0.8271 0.3646
vn -0.3636 0.9295 -0.0624
vn -0.3403 0.8578 0.3852
vn -0.2569 0.8942 0.3667
vn -0.1806 0.9816 -0.0624
vn -0.1681 0.9073 0.3854
vn 0.0012 0.9981 -0.0624
vn -0.0851 0.9254 0.3693
vn 0.0011 0.9226 0.3857
vn 0.1932 0.9792 -0.0618
vn 0.0846 0.9268 0.3659
vn 0.1674 0.9075 0.3851
vn 0.2731 0.8987 0.3431
vn -0.8470 0.1587 0.5074
vn -0.6179 0.6110 0.4948
vn -0.6686 0.5497 0.5009
vn -0.7304 0.4708 0.4949
vn -0.7661 0.4030 0.5007
vn -0.3225 0.8072 0.4944
vn -0.3956 0.7701 0.5005
vn -0.0000 0.8697 0.4936
vn -0.0783 0.8633 0.4986
vn 0.1550 0.8555 0.4941
vn 0.0807 0.8625 0.4997
vn 0.3307 0.8649 0.3776
vn 0.3752 0.9251 -0.0586
vn -0.1598 0.8547 0.4939
vn -0.2375 0.8330 0.4997
vn -0.4787 0.7253 0.4947
vn -0.5425 0.6744 0.5009
vn 0.5570 0.8281 -0.0624
vn 0.4300 0.8261 0.3641
vn 0.5028 0.7750 0.3828
vn 0.7130 0.6984 -0.0624
vn 0.5901 0.7216 0.3619
vn 0.6511 0.6552 0.3831
vn 0.7252 0.5858 0.3618
vn 0.4708 0.7304 0.4949
vn 0.4030 0.7661 0.5007
vn 0.7719 0.5060 0.3849
vn 0.8393 0.5401 -0.0624
vn 0.7253 0.4787 0.4947
vn 0.6744 0.5425 0.5009
vn 0.8271 0.4277 0.3646
vn 0.6084 0.6233 0.4912
vn 0.5627 0.6703 0.4839
vn 0.3151 0.8100 0.4946
vn 0.2436 0.8310 0.5002
vn 0.9295 0.3636 -0.0624
vn 0.8579 0.3416 0.3838
vn 0.9816 0.1806 -0.0624
vn 0.8951 0.2559 0.3651
vn 0.9076 0.1692 0.3842
vn 0.9261 0.0841 0.3679
vn 0.9981 -0.0012 -0.0624
vn 0.9231 -0.0000 0.3845
vn 0.9273 -0.0857 0.3644
vn 0.9075 -0.1674 0.3851
vn 0.8944 -0.2584 0.3651
vn 0.9795 -0.1914 -0.0624
vn 0.8600 -0.3373 0.3830
vn 0.9230 -0.3797 -0.0624
vn 0.8261 -0.4315 0.3624
vn 0.7738 -0.5036 0.3843
vn 0.8281 -0.5570 -0.0624
vn 0.7220 -0.5886 0.3637
vn 0.6538 -0.6516 0.3846
vn 0.6984 -0.7130 -0.0624
vn 0.5864 -0.7238 0.3636
vn 0.5060 -0.7719 0.3849
vn 0.4277 -0.8271 0.3646
vn 0.5401 -0.8393 -0.0624
vn 0.3416 -0.8579 0.3838
vn 0.2559 -0.8951 0.3651
vn 0.3636 -0.9295 -0.0624
vn 0.1692 -0.9076 0.3842
vn 0.1806 -0.9816 -0.0624
vn 0.0841 -0.9261 0.3679
vn -0.0011 -0.9226 0.3857
vn -0.0012 -0.9981 -0.0624
vn -0.0846 -0.9268 0.3659
vn -0.1674 -0.9075 0.3851
vn -0.1914 -0.9795 -0.0624
vn -0.2584 -0.8944 0.3651
vn 0.8554 0.1659 0.4907
vn 0.8464 0.2309 0.4799
vn -0.3797 -0.9230 -0.0624
vn -0.3373 -0.8600 0.3830
vn -0.4315 -0.8261 0.3624
vn -0.5570 -0.8281 -0.0624
vn -0.5028 -0.7750 0.3828
vn 0.8714 0.0055 0.4906
vn 0.8746 0.0696 0.4797
vn -0.5901 -0.7217 0.3619
vn -0.6511 -0.6552 0.3831
vn -0.7252 -0.5858 0.3618
vn -0.7130 -0.6984 -0.0624
vn -0.7719 -0.5060 0.3849
vn -0.8393 -0.5401 -0.0624
vn -0.8271 -0.4277 0.3646
vn -0.8579 -0.3416 0.3838
vn -0.9295 -0.3636 -0.0624
vn -0.8951 -0.2559 0.3651
vn -0.9076 -0.1692 0.3842
vn -0.9260 -0.0841 0.3680
vn -0.9816 -0.1806 -0.0624
vn 0.8072 0.3225 0.4944
vn 0.7701 0.3956 0.5005
vn -0.8471 0.0933 0.5232
vn -0.8118 0.2165 0.5423
vn -0.8100 0.3151 0.4946
vn 0.8100 -0.3151 0.4946
vn 0.8310 -0.2436 0.5002
vn -0.8697 -0.0000 0.4936
vn 0.8625 -0.0807 0.4997
vn 0.8555 -0.1550 0.4941
vn 0.7661 -0.4030 0.5007
vn 0.7304 -0.4708 0.4949
vn 0.6179 -0.6110 0.4948
vn 0.6686 -0.5497 0.5009
vn 0.4787 -0.7253 0.4947
vn 0.5425 -0.6744 0.5009
vn 0.3225 -0.8072 0.4944
vn 0.3956 -0.7701 0.5005
vn 0.1598 -0.8547 0.4939
vn 0.2375 -0.8330 0.4997
vn -0.0000 -0.8697 0.4936
vn 0.0783 -0.8633 0.4986
vn -0.3151 -0.8100 0.4946
vn -0.2436 -0.8310 0.5002
vn -0.4708 -0.7304 0.4949
vn -0.4030 -0.7661 0.5007
vn -0.1550 -0.8555 0.4941
vn -0.0807 -0.8625 0.4997
vn -0.7253 -0.4787 0.4947
vn -0.6744 -0.5425 0.5009
vn -0.8547 -0.1598 0.4939
vn -0.8330 -0.2375 0.4997
vn -0.8633 -0.0783 0.4986
vn -0.8072 -0.3225 0.4944
vn -0.7701 -0.3956 0.5005
vn -0.6110 -0.6179 0.4948
vn -0.5497 -0.6686 0.5009
vn -0.1107 0.0217 0.9936
vn -0.1133 0.0003 0.9936
vn -0.3992 0.0008 0.9169
vn -0.3918 0.0767 0.9168
vn -0.1040 0.0428 0.9937
vn -0.3691 0.1520 0.9169
vn -0.0931 0.0627 0.9937
vn -0.3311 0.2228 0.9169
vn -0.0785 0.0802 0.9937
vn -0.2792 0.2852 0.9169
vn -0.0609 0.0945 0.9937
vn -0.2160 0.3356 0.9169
vn -0.0412 0.1050 0.9936
vn -0.1455 0.3716 0.9169
vn -0.0206 0.1115 0.9936
vn -0.0724 0.3923 0.9170
vn 0.0003 0.1133 0.9936
vn 0.0008 0.3992 0.9169
vn 0.0217 0.1107 0.9936
vn 0.0767 0.3918 0.9168
vn 0.0428 0.1040 0.9937
vn 0.1520 0.3691 0.9169
vn 0.0627 0.0931 0.9937
vn 0.2233 0.3305 0.9170
vn 0.0802 0.0785 0.9937
vn 0.2821 0.2797 0.9177
vn 0.0945 0.0609 0.9937
vn 0.3356 0.2160 0.9169
vn 0.1050 0.0412 0.9936
vn 0.3716 0.1447 0.9170
vn 0.1115 0.0206 0.9936
vn 0.3891 0.0741 0.9182
vn 0.1133 -0.0003 0.9936
vn 0.3965 0.0023 0.9180
vn 0.1107 -0.0217 0.9936
vn 0.3918 -0.0767 0.9168
vn 0.1040 -0.0428 0.9937
vn 0.3691 -0.1520 0.9169
vn 0.0931 -0.0627 0.9937
vn 0.3311 -0.2228 0.9169
vn 0.0785 -0.0802 0.9937
vn 0.2792 -0.2852 0.9169
vn 0.0609 -0.0945 0.9937
vn 0.2160 -0.3356 0.9169
vn 0.0412 -0.1050 0.9936
vn 0.1455 -0.3716 0.9169
vn 0.0206 -0.1115 0.9936
vn 0.0724 -0.3923 0.9170
vn -0.0003 -0.1133 0.9936
vn -0.0008 -0.3992 0.9169
vn -0.0217 -0.1107 0.9936
vn -0.0767 -0.3918 0.9168
vn -0.0428 -0.1040 0.9937
vn -0.1520 -0.3691 0.9169
vn -0.0627 -0.0931 0.9937
vn -0.2228 -0.3311 0.9169
vn -0.0802 -0.0785 0.9937
vn -0.2852 -0.2792 0.9169
vn -0.0945 -0.0609 0.9937
vn -0.3356 -0.2160 0.9169
vn -0.1050 -0.0412 0.9936
vn -0.3716 -0.1455 0.9169
vn -0.1115 -0.0206 0.9936
vn -0.3923 -0.0724 0.9170
vn 0.3433 -0.0673 0.9368
vn 0.3492 -0.0011 0.9370
vn 0.3238 -0.1334 0.9367
vn 0.2907 -0.1956 0.9366
vn 0.2452 -0.2504 0.9366
vn 0.1897 -0.2945 0.9366
vn 0.1278 -0.3257 0.9368
vn 0.0637 -0.3433 0.9371
vn -0.0011 -0.3492 0.9370
vn -0.0673 -0.3433 0.9368
vn -0.1334 -0.3238 0.9367
vn -0.1956 -0.2907 0.9366
vn -0.2504 -0.2452 0.9366
vn -0.2945 -0.1897 0.9366
vn -0.3257 -0.1278 0.9368
vn -0.3433 -0.0637 0.9371
vn -0.3492 0.0011 0.9370
vn -0.3433 0.0673 0.9368
vn -0.3238 0.1334 0.9367
vn -0.2907 0.1956 0.9366
vn -0.2452 0.2504 0.9366
vn -0.1897 0.2945 0.9366
vn -0.1278 0.3257 0.9368
vn -0.0637 0.3433 0.9371
vn 0.0011 0.3492 0.9370
vn 0.0673 0.3433 0.9368
vn 0.1334 0.3238 0.9367
vn 0.1956 0.2907 0.9366
vn 0.2504 0.2452 0.9366
vn 0.2945 0.1897 0.9366
vn 0.3257 0.1278 0.9368
vn 0.3433 0.0637 0.9371
vn 0.6982 -0.1368 0.7027
vn 0.7112 -0.0021 0.7030
vn 0.6579 -0.2711 0.7026
vn 0.5904 -0.3973 0.7025
vn 0.4980 -0.5084 0.7025
vn 0.3855 -0.5982 0.7025
vn 0.2599 -0.6623 0.7027
vn 0.1296 -0.6993 0.7030
vn -0.0021 -0.7112 0.7030
vn -0.1368 -0.6982 0.7027
vn -0.2711 -0.6579 0.7026
vn -0.3973 -0.5904 0.7025
vn -0.5084 -0.4980 0.7025
vn -0.5982 -0.3855 0.7025
vn -0.6623 -0.2599 0.7027
vn -0.6993 -0.1296 0.7030
vn -0.7112 0.0021 0.7030
vn -0.6982 0.1368 0.7027
vn -0.6579 0.2711 0.7026
vn -0.5904 0.3973 0.7025
vn -0.4980 0.5084 0.7025
vn -0.3855 0.5982 0.7025
vn -0.2599 0.6623 0.7027
vn -0.1296 0.6993 0.7030
vn 0.0021 0.7112 0.7030
vn 0.1368 0.6982 0.7027
vn 0.2711 0.6579 0.7026
vn 0.3973 0.5904 0.7025
vn 0.5084 0.4980 0.7025
vn 0.5982 0.3855 0.7025
vn 0.6623 0.2599 0.7027
vn 0.6993 0.1296 0.7030
vn 0.8608 -0.1687 0.4801
vn 0.8771 -0.0025 0.4802
vn 0.8111 -0.3342 0.4800
vn 0.7278 -0.4898 0.4800
vn 0.6139 -0.6267 0.4800
vn 0.4752 -0.7374 0.4800
vn 0.3204 -0.8166 0.4801
vn 0.1599 -0.8624 0.4802
vn -0.0025 -0.8771 0.4802
vn -0.1687 -0.8608 0.4801
vn -0.3342 -0.8111 0.4800
vn -0.4898 -0.7278 0.4800
vn -0.6267 -0.6139 0.4800
vn -0.7374 -0.4752 0.4800
vn -0.8166 -0.3204 0.4801
vn -0.8624 -0.1599 0.4802
vn -0.8771 0.0025 0.4802
vn -0.8608 0.1687 0.4801
vn -0.8111 0.3342 0.4800
vn -0.7278 0.4898 0.4800
vn -0.6139 0.6267 0.4800
vn -0.4752 0.7374 0.4800
vn -0.3204 0.8166 0.4801
vn -0.1599 0.8624 0.4802
vn 0.0025 0.8771 0.4802
vn 0.1687 0.8608 0.4801
vn 0.3342 0.8111 0.4800
vn 0.4898 0.7278 0.4800
vn 0.6267 0.6139 0.4800
vn 0.7374 0.4752 0.4800
vn 0.8166 0.3204 0.4801
vn 0.8624 0.1599 0.4802
vn 0.9309 -0.1825 0.3164
vn 0.9486 -0.0028 0.3164
vn 0.8771 -0.3614 0.3163
vn 0.7870 -0.5296 0.3163
vn 0.6638 -0.6777 0.3163
vn 0.5138 -0.7974 0.3163
vn 0.3465 -0.8831 0.3164
vn 0.1729 -0.9327 0.3164
vn -0.0028 -0.9486 0.3164
vn -0.1825 -0.9309 0.3164
vn -0.3614 -0.8771 0.3163
vn -0.5296 -0.7870 0.3163
vn -0.6777 -0.6638 0.3163
vn -0.7974 -0.5138 0.3163
vn -0.8831 -0.3465 0.3164
vn -0.9327 -0.1729 0.3164
vn -0.9486 0.0028 0.3164
vn -0.9309 0.1825 0.3164
vn -0.8771 0.3614 0.3163
vn -0.7870 0.5296 0.3163
vn -0.6638 0.6777 0.3163
vn -0.5138 0.7974 0.3163
vn -0.3465 0.8831 0.3164
vn -0.1729 0.9327 0.3164
vn 0.0028 0.9486 0.3164
vn 0.1825 0.9309 0.3164
vn 0.3614 0.8771 0.3163
vn 0.5296 0.7870 0.3163
vn 0.6777 0.6638 0.3163
vn 0.7974 0.5138 0.3163
vn 0.8831 0.3465 0.3164
vn 0.9327 0.1729 0.3164
vn 0.9601 -0.1881 0.2071
vn 0.9784 -0.0018 0.2067
vn 0.9045 -0.3729 0.2070
vn 0.8114 -0.5465 0.2070
vn 0.6842 -0.6992 0.2072
vn 0.5294 -0.8227 0.2071
vn 0.3567 -0.9111 0.2068
vn 0.1775 -0.9623 0.2061
vn -0.0018 -0.9784 0.2067
vn -0.1881 -0.9601 0.2071
vn -0.3729 -0.9045 0.2070
vn -0.5465 -0.8114 0.2070
vn -0.6992 -0.6842 0.2072
vn -0.8227 -0.5294 0.2071
vn -0.9111 -0.3567 0.2068
vn -0.9623 -0.1775 0.2061
vn -0.9784 0.0018 0.2067
vn -0.9601 0.1881 0.2071
vn -0.9045 0.3729 0.2070
vn -0.8114 0.5465 0.2070
vn -0.6842 0.6992 0.2072
vn -0.5294 0.8227 0.2071
vn -0.3567 0.9111 0.2068
vn -0.1775 0.9623 0.2061
vn 0.0018 0.9784 0.2067
vn 0.1881 0.9601 0.2071
vn 0.3729 0.9045 0.2070
vn 0.5465 0.8114 0.2070
vn 0.6992 0.6842 0.2072
vn 0.8227 0.5294 0.2071
vn 0.9111 0.3567 0.2068
vn 0.9623 0.1775 0.2061
vn 0.9796 -0.1784 0.0923
vn 0.9883 -0.0918 0.1220
vn 0.9274 -0.3623 0.0931
vn 0.9528 -0.2776 0.1232
vn 0.8361 -0.5406 0.0932
vn 0.8789 -0.4603 0.1247
vn 0.7071 -0.7010 0.0927
vn 0.7674 -0.6288 0.1254
vn 0.9958 -0.0000 0.0915
vn 0.5478 -0.8315 0.0922
vn 0.6228 -0.7722 0.1256
vn 0.3689 -0.9249 0.0918
vn 0.4541 -0.8822 0.1242
vn 0.1828 -0.9789 0.0916
vn 0.2726 -0.9544 0.1215
vn -0.1784 -0.9796 0.0923
vn -0.0918 -0.9883 0.1220
vn -0.3623 -0.9274 0.0931
vn -0.2776 -0.9528 0.1232
vn -0.0000 -0.9958 0.0915
vn 0.0897 -0.9890 0.1178
vn -0.6977 -0.7110 0.0873
vn -0.6339 -0.7646 0.1164
vn -0.8315 -0.5478 0.0922
vn -0.7722 -0.6228 0.1256
vn -0.9784 -0.1882 0.0860
vn -0.9573 -0.2669 0.1113
vn -0.9963 -0.0051 0.0862
vn -0.9906 -0.0840 0.1081
vn -0.9249 -0.3689 0.0918
vn -0.8822 -0.4541 0.1242
vn -0.5406 -0.8361 0.0932
vn -0.4603 -0.8789 0.1247
vn -0.9796 0.1784 0.0923
vn -0.9883 0.0918 0.1220
vn -0.9274 0.3623 0.0931
vn -0.9528 0.2776 0.1232
vn -0.8361 0.5406 0.0932
vn -0.8789 0.4603 0.1247
vn -0.7071 0.7010 0.0927
vn -0.7674 0.6288 0.1254
vn -0.5478 0.8315 0.0922
vn -0.6228 0.7722 0.1256
vn -0.3689 0.9249 0.0918
vn -0.4541 0.8822 0.1242
vn -0.1828 0.9789 0.0916
vn -0.2726 0.9544 0.1215
vn 0.1784 0.9796 0.0923
vn 0.0918 0.9883 0.1220
vn 0.3623 0.9274 0.0931
vn 0.2776 0.9528 0.1232
vn -0.0000 0.9958 0.0915
vn -0.0897 0.9890 0.1178
vn 0.7010 0.7071 0.0927
vn 0.6288 0.7674 0.1254
vn 0.8315 0.5478 0.0922
vn 0.7722 0.6228 0.1256
vn 0.9789 0.1828 0.0916
vn 0.9544 0.2726 0.1215
vn 0.9890 0.0897 0.1178
vn 0.9249 0.3689 0.0918
vn 0.8822 0.4541 0.1242
vn 0.5406 0.8361 0.0932
vn 0.4603 0.8789 0.1247
vn 0.9520 -0.1866 -0.2426
vn 0.9701 -0.0028 -0.2427
vn 0.9983 -0.0025 -0.0576
vn 0.9797 -0.1918 -0.0581
vn 0.8970 -0.3696 -0.2426
vn 0.9231 -0.3802 -0.0583
vn 0.8049 -0.5416 -0.2426
vn 0.8283 -0.5572 -0.0585
vn 0.6788 -0.6931 -0.2426
vn 0.6986 -0.7131 -0.0586
vn 0.5255 -0.8155 -0.2426
vn 0.5406 -0.8392 -0.0584
vn 0.3544 -0.9031 -0.2426
vn 0.3645 -0.9294 -0.0580
vn 0.1768 -0.9539 -0.2427
vn 0.1816 -0.9817 -0.0574
vn -0.0028 -0.9701 -0.2427
vn -0.0025 -0.9983 -0.0576
vn -0.1866 -0.9520 -0.2426
vn -0.1918 -0.9797 -0.0581
vn -0.3696 -0.8970 -0.2426
vn -0.3802 -0.9231 -0.0583
vn -0.5416 -0.8049 -0.2426
vn -0.5591 -0.8272 -0.0568
vn -0.6931 -0.6788 -0.2426
vn -0.7113 -0.7007 -0.0554
vn -0.8155 -0.5255 -0.2426
vn -0.8392 -0.5406 -0.0584
vn -0.9031 -0.3544 -0.2426
vn -0.9303 -0.3624 -0.0563
vn -0.9539 -0.1768 -0.2427
vn -0.9818 -0.1825 -0.0520
vn -0.9701 0.0028 -0.2427
vn -0.9985 -0.0004 -0.0540
vn -0.9520 0.1866 -0.2426
vn -0.9797 0.1918 -0.0581
vn -0.8970 0.3696 -0.2426
vn -0.9231 0.3802 -0.0583
vn -0.8049 0.5416 -0.2426
vn -0.8283 0.5572 -0.0585
vn -0.6788 0.6931 -0.2426
vn -0.6986 0.7131 -0.0586
vn -0.5255 0.8155 -0.2426
vn -0.5406 0.8392 -0.0584
vn -0.3544 0.9031 -0.2426
vn -0.3645 0.9294 -0.0580
vn -0.1768 0.9539 -0.2427
vn -0.1816 0.9817 -0.0574
vn 0.0028 0.9701 -0.2427
vn 0.0025 0.9983 -0.0576
vn 0.1866 0.9520 -0.2426
vn 0.1918 0.9797 -0.0581
vn 0.3696 0.8970 -0.2426
vn 0.3802 0.9231 -0.0583
vn 0.5416 0.8049 -0.2426
vn 0.5572 0.8283 -0.0585
vn 0.6931 0.6788 -0.2426
vn 0.7131 0.6986 -0.0586
vn 0.8155 0.5255 -0.2426
vn 0.8392 0.5406 -0.0584
vn 0.9031 0.3544 -0.2426
vn 0.9294 0.3645 -0.0580
vn 0.9539 0.1768 -0.2427
vn 0.9817 0.1816 -0.0574
vn 0.8881 -0.1740 -0.4255
vn 0.9048 -0.0024 -0.4259
vn 0.8369 -0.3447 -0.4252
vn 0.7510 -0.5053 -0.4251
vn 0.6334 -0.6466 -0.4250
vn 0.4902 -0.7609 -0.4251
vn 0.3304 -0.8425 -0.4255
vn 0.1647 -0.8896 -0.4260
vn -0.0024 -0.9048 -0.4259
vn -0.1740 -0.8881 -0.4255
vn -0.3447 -0.8369 -0.4252
vn -0.5053 -0.7510 -0.4251
vn -0.6466 -0.6334 -0.4250
vn -0.7609 -0.4902 -0.4251
vn -0.8425 -0.3304 -0.4255
vn -0.8896 -0.1647 -0.4260
vn -0.9048 0.0024 -0.4259
vn -0.8881 0.1740 -0.4255
vn -0.8369 0.3447 -0.4252
vn -0.7510 0.5053 -0.4251
vn -0.6334 0.6466 -0.4250
vn -0.4902 0.7609 -0.4251
vn -0.3304 0.8425 -0.4255
vn -0.1647 0.8896 -0.4260
vn 0.0024 0.9048 -0.4259
vn 0.1740 0.8881 -0.4255
vn 0.3447 0.8369 -0.4252
vn 0.5053 0.7510 -0.4251
vn 0.6466 0.6334 -0.4250
vn 0.7609 0.4902 -0.4251
vn 0.8425 0.3304 -0.4255
vn 0.8896 0.1647 -0.4260
vn 0.7345 -0.1348 -0.6651
vn 0.7384 -0.0681 -0.6709
vn 0.6950 -0.2731 -0.6651
vn 0.7122 -0.2065 -0.6709
vn 0.6263 -0.4068 -0.6650
vn 0.6573 -0.3429 -0.6711
vn 0.5296 -0.5268 -0.6649
vn 0.5740 -0.4690 -0.6712
vn 0.7468 -0.0000 -0.6651
vn 0.4101 -0.6243 -0.6649
vn 0.4660 -0.5765 -0.6713
vn 0.2762 -0.6940 -0.6649
vn 0.3398 -0.6590 -0.6711
vn 0.1368 -0.7342 -0.6650
vn 0.2040 -0.7132 -0.6706
vn -0.1348 -0.7345 -0.6651
vn -0.0681 -0.7384 -0.6709
vn -0.2678 -0.6940 -0.6683
vn -0.2099 -0.7032 -0.6793
vn -0.0000 -0.7468 -0.6651
vn 0.0671 -0.7392 -0.6701
vn -0.5268 -0.5296 -0.6649
vn -0.4690 -0.5740 -0.6712
vn -0.6243 -0.4101 -0.6649
vn -0.5765 -0.4660 -0.6713
vn -0.7342 -0.1368 -0.6650
vn -0.7132 -0.2040 -0.6706
vn -0.7468 -0.0000 -0.6651
vn -0.7392 -0.0671 -0.6701
vn -0.6940 -0.2762 -0.6649
vn -0.6590 -0.3398 -0.6711
vn -0.4068 -0.6263 -0.6650
vn -0.3429 -0.6573 -0.6711
vn -0.7345 0.1348 -0.6651
vn -0.7384 0.0681 -0.6709
vn -0.6950 0.2731 -0.6651
vn -0.7122 0.2065 -0.6709
vn -0.6263 0.4068 -0.6650
vn -0.6573 0.3429 -0.6711
vn -0.5296 0.5268 -0.6649
vn -0.5740 0.4690 -0.6712
vn -0.4101 0.6243 -0.6649
vn -0.4660 0.5765 -0.6713
vn -0.2762 0.6940 -0.6649
vn -0.3398 0.6590 -0.6711
vn -0.1368 0.7342 -0.6650
vn -0.2040 0.7132 -0.6706
vn 0.1348 0.7345 -0.6651
vn 0.0681 0.7384 -0.6709
vn 0.2731 0.6950 -0.6651
vn 0.2065 0.7122 -0.6709
vn -0.0000 0.7468 -0.6651
vn -0.0671 0.7392 -0.6701
vn 0.5268 0.5296 -0.6649
vn 0.4690 0.5740 -0.6712
vn 0.6243 0.4101 -0.6649
vn 0.5765 0.4660 -0.6713
vn 0.7342 0.1368 -0.6650
vn 0.7132 0.2040 -0.6706
vn 0.7392 0.0671 -0.6701
vn 0.6940 0.2762 -0.6649
vn 0.6590 0.3398 -0.6711
vn 0.4068 0.6263 -0.6650
vn 0.3429 0.6573 -0.6711
vn 0.3278 -0.0643 -0.9426
vn 0.3338 -0.0010 -0.9427
vn 0.5264 -0.0010 -0.8502
vn 0.5165 -0.1010 -0.8503
vn 0.3090 -0.1274 -0.9425
vn 0.4867 -0.2003 -0.8503
vn 0.2774 -0.1867 -0.9424
vn 0.4367 -0.2937 -0.8503
vn 0.2340 -0.2389 -0.9424
vn 0.3683 -0.3759 -0.8503
vn 0.1811 -0.2810 -0.9425
vn 0.2849 -0.4425 -0.8503
vn 0.1221 -0.3110 -0.9425
vn 0.1920 -0.4902 -0.8502
vn 0.0609 -0.3282 -0.9427
vn 0.0956 -0.5179 -0.8501
vn -0.0010 -0.3338 -0.9427
vn -0.0010 -0.5264 -0.8502
vn -0.0643 -0.3278 -0.9426
vn -0.1023 -0.5165 -0.8501
vn -0.1274 -0.3090 -0.9425
vn -0.1980 -0.4897 -0.8491
vn -0.1867 -0.2774 -0.9424
vn -0.2937 -0.4367 -0.8503
vn -0.2389 -0.2340 -0.9424
vn -0.3759 -0.3683 -0.8503
vn -0.2810 -0.1811 -0.9425
vn -0.4425 -0.2849 -0.8503
vn -0.3110 -0.1221 -0.9425
vn -0.4902 -0.1920 -0.8502
vn -0.3282 -0.0609 -0.9427
vn -0.5179 -0.0956 -0.8501
vn -0.3338 0.0010 -0.9427
vn -0.5264 0.0010 -0.8502
vn -0.3278 0.0643 -0.9426
vn -0.5165 0.1010 -0.8503
vn -0.3090 0.1274 -0.9425
vn -0.4867 0.2003 -0.8503
vn -0.2774 0.1867 -0.9424
vn -0.4367 0.2937 -0.8503
vn -0.2340 0.2389 -0.9424
vn -0.3683 0.3759 -0.8503
vn -0.1811 0.2810 -0.9425
vn -0.2849 0.4425 -0.8503
vn -0.1221 0.3110 -0.9425
vn -0.1920 0.4902 -0.8502
vn -0.0609 0.3282 -0.9427
vn -0.0956 0.5179 -0.8501
vn 0.0010 0.3338 -0.9427
vn 0.0010 0.5264 -0.8502
vn 0.0643 0.3278 -0.9426
vn 0.1010 0.5165 -0.8503
vn 0.1274 0.3090 -0.9425
vn 0.2003 0.4867 -0.8503
vn 0.1867 0.2774 -0.9424
vn 0.2937 0.4367 -0.8503
vn 0.2389 0.2340 -0.9424
vn 0.3759 0.3683 -0.8503
vn 0.2810 0.1811 -0.9425
vn 0.4425 0.2849 -0.8503
vn 0.3110 0.1221 -0.9425
vn 0.4902 0.1920 -0.8502
vn 0.3282 0.0609 -0.9427
vn 0.5179 0.0956 -0.8501
vn 0.0747 -0.0147 -0.9971
vn 0.0758 -0.0002 -0.9971
vn 0.0706 -0.0291 -0.9971
vn 0.0635 -0.0427 -0.9971
vn 0.0535 -0.0547 -0.9971
vn 0.0414 -0.0642 -0.9971
vn 0.0278 -0.0709 -0.9971
vn 0.0138 -0.0745 -0.9971
vn -0.0002 -0.0758 -0.9971
vn -0.0147 -0.0747 -0.9971
vn -0.0291 -0.0706 -0.9971
vn -0.0427 -0.0635 -0.9971
vn -0.0547 -0.0535 -0.9971
vn -0.0642 -0.0414 -0.9971
vn -0.0709 -0.0278 -0.9971
vn -0.0745 -0.0138 -0.9971
vn -0.0758 0.0002 -0.9971
vn -0.0747 0.0147 -0.9971
vn -0.0706 0.0291 -0.9971
vn -0.0635 0.0427 -0.9971
vn -0.0535 0.0547 -0.9971
vn -0.0414 0.0642 -0.9971
vn -0.0278 0.0709 -0.9971
vn -0.0138 0.0745 -0.9971
vn 0.0002 0.0758 -0.9971
vn 0.0147 0.0747 -0.9971
vn 0.0291 0.0706 -0.9971
vn 0.0427 0.0635 -0.9971
vn 0.0547 0.0535 -0.9971
vn 0.0642 0.0414 -0.9971
vn 0.0709 0.0278 -0.9971
vn 0.0745 0.0138 -0.9971
vn -0.1875 0.0367 -0.9816
vn -0.1914 0.0005 -0.9815
vn -0.1765 0.0727 -0.9816
vn -0.1583 0.1065 -0.9816
vn -0.1335 0.1363 -0.9816
vn -0.1034 0.1604 -0.9816
vn -0.0698 0.1779 -0.9816
vn -0.0349 0.1882 -0.9815
vn 0.0005 0.1914 -0.9815
vn 0.0367 0.1875 -0.9816
vn 0.0727 0.1765 -0.9816
vn 0.1065 0.1583 -0.9816
vn 0.1363 0.1335 -0.9816
vn 0.1604 0.1034 -0.9816
vn 0.1779 0.0698 -0.9816
vn 0.1882 0.0349 -0.9815
vn 0.1914 -0.0005 -0.9815
vn 0.1875 -0.0367 -0.9816
vn 0.1765 -0.0727 -0.9816
vn 0.1583 -0.1065 -0.9816
vn 0.1335 -0.1363 -0.9816
vn 0.1034 -0.1604 -0.9816
vn 0.0698 -0.1779 -0.9816
vn 0.0349 -0.1882 -0.9815
vn -0.0005 -0.1914 -0.9815
vn -0.0367 -0.1875 -0.9816
vn -0.0727 -0.1765 -0.9816
vn -0.1065 -0.1583 -0.9816
vn -0.1363 -0.1335 -0.9816
vn -0.1604 -0.1034 -0.9816
vn -0.1779 -0.0698 -0.9816
vn -0.1882 -0.0349 -0.9815
vn -0.4024 0.0797 -0.9120
vn -0.4108 0.0011 -0.9117
vn -0.3784 0.1568 -0.9123
vn -0.3393 0.2292 -0.9124
vn -0.2862 0.2929 -0.9123
vn -0.2217 0.3447 -0.9122
vn -0.1497 0.3819 -0.9120
vn -0.0748 0.4038 -0.9118
vn 0.0011 0.4108 -0.9117
vn 0.0797 0.4024 -0.9120
vn 0.1568 0.3784 -0.9123
vn 0.2292 0.3393 -0.9124
vn 0.2929 0.2862 -0.9123
vn 0.3447 0.2217 -0.9122
vn 0.3819 0.1497 -0.9120
vn 0.4038 0.0748 -0.9118
vn 0.4108 -0.0011 -0.9117
vn 0.4024 -0.0797 -0.9120
vn 0.3784 -0.1568 -0.9123
vn 0.3393 -0.2292 -0.9124
vn 0.2862 -0.2929 -0.9123
vn 0.2217 -0.3447 -0.9122
vn 0.1497 -0.3819 -0.9120
vn 0.0748 -0.4038 -0.9118
vn -0.0011 -0.4108 -0.9117
vn -0.0797 -0.4024 -0.9120
vn -0.1568 -0.3784 -0.9123
vn -0.2292 -0.3393 -0.9124
vn -0.2929 -0.2862 -0.9123
vn -0.3447 -0.2217 -0.9122
vn -0.3819 -0.1497 -0.9120
vn -0.4038 -0.0748 -0.9118
vn -0.9031 0.1690 -0.3947
vn -0.9187 0.0004 -0.3950
vn -0.7692 0.5022 -0.3951
vn -0.8540 0.3387 -0.3949
vn -0.6504 0.6486 -0.3952
vn -0.3402 0.8533 -0.3952
vn -0.5042 0.7679 -0.3953
vn 0.0004 0.9187 -0.3950
vn -0.1694 0.9028 -0.3953
vn 0.1690 0.9031 -0.3947
vn 0.5022 0.7692 -0.3951
vn 0.3387 0.8540 -0.3949
vn 0.6486 0.6504 -0.3952
vn 0.8533 0.3402 -0.3952
vn 0.7679 0.5042 -0.3953
vn 0.9187 -0.0004 -0.3950
vn 0.9028 0.1694 -0.3953
vn 0.9031 -0.1690 -0.3947
vn 0.8540 -0.3387 -0.3949
vn 0.7692 -0.5022 -0.3951
vn 0.6504 -0.6486 -0.3952
vn 0.3402 -0.8533 -0.3952
vn 0.5042 -0.7679 -0.3953
vn 0.1694 -0.9028 -0.3953
vn -0.0004 -0.9187 -0.3950
vn -0.3387 -0.8540 -0.3949
vn -0.1690 -0.9031 -0.3947
vn -0.5022 -0.7692 -0.3951
vn -0.6486 -0.6504 -0.3952
vn -0.8533 -0.3402 -0.3952
vn -0.7679 -0.5042 -0.3953
vn -0.9028 -0.1694 -0.3953
vn -0.9809 -0.1922 -0.0285
vn -0.9686 -0.1898 0.1603
vn -0.9870 -0.0025 0.1609
vn -0.9996 -0.0029 -0.0286
vn -0.9242 -0.3808 -0.0285
vn -0.9126 -0.3762 0.1602
vn -0.8293 -0.5581 -0.0285
vn -0.8188 -0.5513 0.1603
vn -0.6995 -0.7141 -0.0285
vn -0.6905 -0.7053 0.1605
vn -0.5414 -0.8403 -0.0285
vn -0.5344 -0.8298 0.1607
vn -0.3651 -0.9305 -0.0285
vn -0.3604 -0.9188 0.1610
vn -0.1822 -0.9829 -0.0286
vn -0.1798 -0.9704 0.1612
vn 0.0029 -0.9996 -0.0286
vn 0.0025 -0.9870 0.1609
vn 0.1922 -0.9809 -0.0285
vn 0.1898 -0.9686 0.1603
vn 0.3808 -0.9242 -0.0285
vn 0.3762 -0.9126 0.1602
vn 0.5581 -0.8293 -0.0285
vn 0.5513 -0.8188 0.1603
vn 0.7141 -0.6995 -0.0285
vn 0.7053 -0.6905 0.1605
vn 0.8403 -0.5414 -0.0285
vn 0.8298 -0.5344 0.1607
vn 0.9305 -0.3651 -0.0285
vn 0.9188 -0.3604 0.1610
vn 0.9828 -0.1822 -0.0286
vn 0.9704 -0.1798 0.1612
vn 0.9996 0.0029 -0.0286
vn 0.9870 0.0025 0.1609
vn 0.9809 0.1922 -0.0285
vn 0.9686 0.1898 0.1603
vn 0.9242 0.3808 -0.0285
vn 0.9126 0.3762 0.1602
vn 0.8293 0.5581 -0.0285
vn 0.8188 0.5513 0.1603
vn 0.6995 0.7141 -0.0285
vn 0.6905 0.7053 0.1605
vn 0.5414 0.8403 -0.0285
vn 0.5344 0.8298 0.1607
vn 0.3651 0.9305 -0.0285
vn 0.3604 0.9188 0.1610
vn 0.1822 0.9828 -0.0286
vn 0.1798 0.9704 0.1612
vn -0.0029 0.9996 -0.0286
vn -0.0025 0.9870 0.1609
vn -0.1922 0.9809 -0.0285
vn -0.1898 0.9686 0.1603
vn -0.3808 0.9242 -0.0285
vn -0.3762 0.9126 0.1602
vn -0.5581 0.8293 -0.0285
vn -0.5513 0.8188 0.1603
vn -0.7141 0.6995 -0.0285
vn -0.7053 0.6905 0.1605
vn -0.8403 0.5414 -0.0285
vn -0.8298 0.5344 0.1607
vn -0.9305 0.3651 -0.0285
vn -0.9188 0.3604 0.1610
vn -0.9829 0.1822 -0.0286
vn -0.9704 0.1798 0.1612
vn -0.9575 -0.1881 -0.2185
vn -0.9759 -0.0027 -0.2181
vn -0.9020 -0.3720 -0.2190
vn -0.8094 -0.5448 -0.2192
vn -0.6827 -0.6971 -0.2190
vn -0.5285 -0.8202 -0.2188
vn -0.3565 -0.9084 -0.2185
vn -0.1779 -0.9595 -0.2183
vn 0.0027 -0.9759 -0.2181
vn 0.1881 -0.9575 -0.2185
vn 0.3720 -0.9020 -0.2190
vn 0.5448 -0.8094 -0.2192
vn 0.6971 -0.6827 -0.2190
vn 0.8202 -0.5285 -0.2188
vn 0.9084 -0.3565 -0.2185
vn 0.9595 -0.1779 -0.2183
vn 0.9759 0.0027 -0.2181
vn 0.9575 0.1881 -0.2185
vn 0.9020 0.3720 -0.2190
vn 0.8094 0.5448 -0.2192
vn 0.6827 0.6971 -0.2190
vn 0.5285 0.8202 -0.2188
vn 0.3565 0.9084 -0.2185
vn 0.1779 0.9595 -0.2183
vn -0.0027 0.9759 -0.2181
vn -0.1881 0.9575 -0.2185
vn -0.3720 0.9020 -0.2190
vn -0.5448 0.8094 -0.2192
vn -0.6971 0.6827 -0.2190
vn -0.8202 0.5285 -0.2188
vn -0.9084 0.3565 -0.2185
vn -0.9595 0.1779 -0.2183
vn -0.9603 -0.0005 0.2790
vn -0.9432 -0.1763 0.2817
vn -0.8909 -0.3559 0.2823
vn -0.8033 -0.5244 0.2824
vn -0.6783 -0.6778 0.2837
vn -0.5259 -0.8020 0.2833
vn -0.3541 -0.8918 0.2815
vn -0.1776 -0.9436 0.2792
vn -0.0006 -0.9599 0.2802
vn 0.1772 -0.9428 0.2825
vn 0.3559 -0.8909 0.2823
vn 0.5256 -0.8029 0.2813
vn 0.6783 -0.6789 0.2811
vn 0.8016 -0.5273 0.2818
vn 0.8918 -0.3541 0.2815
vn 0.9432 -0.1786 0.2802
vn 0.9596 0.0005 0.2814
vn 0.9428 0.1772 0.2825
vn 0.8909 0.3559 0.2823
vn 0.8033 0.5244 0.2824
vn 0.6783 0.6778 0.2837
vn 0.5250 0.8029 0.2822
vn 0.3555 0.8917 0.2800
vn 0.1776 0.9436 0.2792
vn -0.0004 0.9602 0.2793
vn -0.1774 0.9434 0.2803
vn -0.3549 0.8917 0.2810
vn -0.5256 0.8029 0.2813
vn -0.6783 0.6789 0.2811
vn -0.8016 0.5273 0.2818
vn -0.8918 0.3541 0.2815
vn -0.9436 0.1777 0.2794
vn -0.6480 -0.0000 0.7616
vn 0.6265 -0.6265 0.4637
vn 0.4839 -0.2005 0.8518
vn 0.2087 -0.2087 0.9554
vn 0.2005 -0.4839 0.8518
vn -0.0000 -0.8859 0.4640
vn -0.0000 -0.2953 0.9554
vn -0.2005 -0.4839 0.8518
vn -0.0000 -0.0000 -1.0000
vn -0.5761 0.2386 -0.7818
vn -0.6360 0.6360 -0.4372
vn -0.2386 0.5761 -0.7818
vn -0.0000 0.8993 -0.4373
vn 0.2386 0.5761 -0.7818
vn 0.6360 0.6360 -0.4372
vn 0.5761 0.2386 -0.7818
vn 0.8993 -0.0000 -0.4373
vn 0.5761 -0.2386 -0.7818
vn 0.6360 -0.6360 -0.4372
vn 0.2386 -0.5761 -0.7818
vn -0.0000 -0.8993 -0.4373
vn -0.2386 -0.5761 -0.7818
vn -0.6360 -0.6360 -0.4372
vn -0.5761 -0.2386 -0.7818
vn -0.8993 -0.0000 -0.4373
vn -0.0000 0.2953 0.9554
vn -0.2087 0.2087 0.9554
vn -0.2953 -0.0000 0.9554
vn -0.0000 -0.0000 1.0000
vn 0.2953 -0.0000 0.9554
vn 0.2087 0.2087 0.9554
vn -0.2088 -0.2088 0.9554
vn 0.8859 -0.0000 0.4640
vn 0.4839 0.2005 0.8518
vn 0.6265 0.6265 0.4637
vn 0.2005 0.4839 0.8518
vn -0.0000 0.8859 0.4640
vn -0.2005 0.4839 0.8518
vn -0.6265 0.6265 0.4637
vn -0.4839 0.2005 0.8518
vn -0.8859 -0.0000 0.4640
vn -0.4839 -0.2005 0.8518
vn -0.6265 -0.6265 0.4637
vn 0.9098 -0.1227 -0.3966
vn 1.0000 -0.0000 -0.0000
vn 0.9952 -0.0980 -0.0000
vn 0.9005 -0.1790 -0.3963
vn 0.9808 -0.1949 -0.0000
vn 0.8874 -0.2353 -0.3965
vn 0.9568 -0.2907 -0.0000
vn 0.8310 -0.3440 -0.4372
vn 0.9240 -0.3825 -0.0000
vn 0.7938 -0.4612 -0.3964
vn 0.8821 -0.4711 -0.0000
vn 0.7632 -0.5104 -0.3964
vn 0.8312 -0.5559 -0.0000
vn 0.7305 -0.5559 -0.3966
vn 0.7736 -0.6337 -0.0000
vn 0.7071 -0.7071 -0.0000
vn 0.5559 -0.7305 -0.3966
vn 0.6337 -0.7736 -0.0000
vn 0.5104 -0.7632 -0.3964
vn 0.5559 -0.8312 -0.0000
vn 0.4612 -0.7938 -0.3964
vn 0.4711 -0.8821 -0.0000
vn 0.3440 -0.8310 -0.4372
vn 0.3825 -0.9240 -0.0000
vn 0.2353 -0.8874 -0.3965
vn 0.2907 -0.9568 -0.0000
vn 0.1790 -0.9005 -0.3963
vn 0.1949 -0.9808 -0.0000
vn 0.1227 -0.9098 -0.3966
vn 0.0980 -0.9952 -0.0000
vn -0.0000 -1.0000 -0.0000
vn -0.1227 -0.9098 -0.3966
vn -0.0980 -0.9952 -0.0000
vn -0.1790 -0.9005 -0.3963
vn -0.1949 -0.9808 -0.0000
vn -0.2353 -0.8874 -0.3965
vn -0.2907 -0.9568 -0.0000
vn -0.3440 -0.8310 -0.4372
vn -0.3825 -0.9240 -0.0000
vn -0.4612 -0.7938 -0.3964
vn -0.4711 -0.8821 -0.0000
vn -0.5104 -0.7632 -0.3964
vn -0.5559 -0.8312 -0.0000
vn -0.5559 -0.7305 -0.3966
vn -0.6337 -0.7736 -0.0000
vn -0.7071 -0.7071 -0.0000
vn -0.7305 -0.5559 -0.3966
vn -0.7736 -0.6337 -0.0000
vn -0.7632 -0.5104 -0.3964
vn -0.8312 -0.5559 -0.0000
vn -0.7938 -0.4612 -0.3964
vn -0.8821 -0.4711 -0.0000
vn -0.8310 -0.3440 -0.4372
vn -0.9240 -0.3825 -0.0000
vn -0.8874 -0.2353 -0.3965
vn -0.9568 -0.2907 -0.0000
vn -0.9005 -0.1790 -0.3963
vn -0.9808 -0.1949 -0.0000
vn -0.9098 -0.1227 -0.3966
vn -0.9952 -0.0980 -0.0000
vn -1.0000 -0.0000 -0.0000
vn -0.9098 0.1227 -0.3966
vn -0.9952 0.0980 -0.0000
vn -0.9005 0.1790 -0.3963
vn -0.9808 0.1949 -0.0000
vn -0.8874 0.2353 -0.3965
vn -0.9568 0.2907 -0.0000
vn -0.8310 0.3440 -0.4372
vn -0.9240 0.3825 -0.0000
vn -0.7938 0.4612 -0.3964
vn -0.8821 0.4711 -0.0000
vn -0.7632 0.5104 -0.3964
vn -0.8312 0.5559 -0.0000
vn -0.7305 0.5559 -0.3966
vn -0.7736 0.6337 -0.0000
vn -0.7071 0.7071 -0.0000
vn -0.5559 0.7305 -0.3966
vn -0.6337 0.7736 -0.0000
vn -0.5104 0.7632 -0.3964
vn -0.5559 0.8312 -0.0000
vn -0.4612 0.7938 -0.3964
vn -0.4711 0.8821 -0.0000
vn -0.3440 0.8310 -0.4372
vn -0.3825 0.9240 -0.0000
vn -0.2353 0.8874 -0.3965
vn -0.2907 0.9568 -0.0000
vn -0.1790 0.9005 -0.3963
vn -0.1949 0.9808 -0.0000
vn -0.1227 0.9098 -0.3966
vn -0.0980 0.9952 -0.0000
vn -0.0000 1.0000 -0.0000
vn 0.1227 0.9098 -0.3966
vn 0.0980 0.9952 -0.0000
vn 0.1790 0.9005 -0.3963
vn 0.1949 0.9808 -0.0000
vn 0.2353 0.8874 -0.3965
vn 0.2907 0.9568 -0.0000
vn 0.3440 0.8310 -0.4372
vn 0.3825 0.9240 -0.0000
vn 0.4612 0.7938 -0.3964
vn 0.4711 0.8821 -0.0000
vn 0.5104 0.7632 -0.3964
vn 0.5559 0.8312 -0.0000
vn 0.5559 0.7305 -0.3966
vn 0.6337 0.7736 -0.0000
vn 0.7071 0.7071 -0.0000
vn 0.7305 0.5559 -0.3966
vn 0.7736 0.6337 -0.0000
vn 0.7632 0.5104 -0.3964
vn 0.8312 0.5559 -0.0000
vn 0.7938 0.4612 -0.3964
vn 0.8821 0.4711 -0.0000
vn 0.8310 0.3440 -0.4372
vn 0.9240 0.3825 -0.0000
vn 0.8874 0.2353 -0.3965
vn 0.9568 0.2907 -0.0000
vn 0.9005 0.1790 -0.3963
vn 0.9808 0.1949 -0.0000
vn 0.9098 0.1227 -0.3966
vn 0.9952 0.0980 -0.0000
vn 0.9054 -0.1218 0.4068
vn 0.8964 -0.1783 0.4058
vn 0.8830 -0.2342 0.4068
vn 0.8270 -0.3423 0.4459
vn 0.7899 -0.4589 0.4068
vn 0.7598 -0.5079 0.4058
vn 0.7269 -0.5534 0.4066
vn 0.5534 -0.7269 0.4066
vn 0.5079 -0.7598 0.4058
vn 0.4589 -0.7899 0.4068
vn 0.3423 -0.8270 0.4459
vn 0.2342 -0.8830 0.4068
vn 0.1783 -0.8964 0.4058
vn 0.1218 -0.9054 0.4068
vn -0.1218 -0.9054 0.4068
vn -0.1783 -0.8964 0.4058
vn -0.2342 -0.8830 0.4068
vn -0.3423 -0.8270 0.4459
vn -0.4589 -0.7899 0.4068
vn -0.5079 -0.7598 0.4058
vn -0.5534 -0.7269 0.4066
vn -0.7269 -0.5534 0.4066
vn -0.7598 -0.5079 0.4058
vn -0.7899 -0.4589 0.4068
vn -0.8270 -0.3423 0.4459
vn -0.8830 -0.2342 0.4068
vn -0.8964 -0.1783 0.4058
vn -0.9054 -0.1218 0.4068
vn 0.8270 0.3423 0.4459
vn 0.8830 0.2342 0.4068
vn 0.8964 0.1783 0.4058
vn 0.9054 0.1218 0.4068
vn 0.7598 0.5079 0.4058
vn 0.7269 0.5534 0.4066
vn 0.7899 0.4589 0.4068
vn 0.3423 0.8270 0.4459
vn 0.4589 0.7899 0.4068
vn 0.5079 0.7598 0.4058
vn 0.5534 0.7269 0.4066
vn 0.1783 0.8964 0.4058
vn 0.1218 0.9054 0.4068
vn 0.2342 0.8830 0.4068
vn -0.3423 0.8270 0.4459
vn -0.2342 0.8830 0.4068
vn -0.1783 0.8964 0.4058
vn -0.1218 0.9054 0.4068
vn -0.5079 0.7598 0.4058
vn -0.5534 0.7269 0.4066
vn -0.4589 0.7899 0.4068
vn -0.8270 0.3423 0.4459
vn -0.7899 0.4589 0.4068
vn -0.7598 0.5079 0.4058
vn -0.7269 0.5534 0.4066
vn -0.8964 0.1783 0.4058
vn -0.9054 0.1218 0.4068
vn -0.8830 0.2342 0.4068
s 1
f 1//1 2//2 3//3
f 4//4 5//5 6//6
f 4//4 6//6 7//7
f 5//5 1//1 3//3
f 8//8 9//9 10//10
f 11//11 12//12 13//13
f 11//11 13//13 14//14
f 12//12 8//8 10//10
f 9//9 4//4 7//7
f 15//15 16//16 17//17
f 18//18 19//19 20//20
f 21//21 20//20 22//22
f 19//19 18//18 17//17
f 23//23 24//24 25//25
f 26//26 27//27 28//28
f 26//26 28//28 29//29
f 27//27 23//23 25//25
f 24//24 21//21 22//22
f 16//16 15//15 14//14
f 4//4 9//9 8//8
f 1//1 5//5 30//30
f 14//14 15//15 11//11
f 11//11 8//8 12//12
f 11//11 31//31 32//32
f 11//11 32//32 8//8
f 17//17 18//18 15//15
f 8//8 33//33 34//34
f 8//8 34//34 4//4
f 5//5 4//4 30//30
f 18//18 20//20 21//21
f 18//18 35//35 36//36
f 18//18 36//36 15//15
f 23//23 27//27 26//26
f 23//23 37//37 38//38
f 23//23 38//38 21//21
f 26//26 39//39 40//40
f 26//26 40//40 23//23
f 26//26 29//29 41//41
f 26//26 41//41 42//42
f 21//21 43//43 44//44
f 21//21 44//44 18//18
f 21//21 24//24 23//23
f 15//15 45//45 46//46
f 15//15 46//46 11//11
f 47//47 48//48 49//49
f 50//50 51//51 52//52
f 50//50 52//52 53//53
f 51//51 47//47 49//49
f 47//47 51//51 50//50
f 47//47 54//54 55//55
f 47//47 55//55 42//42
f 56//56 57//57 53//53
f 57//57 50//50 53//53
f 57//57 58//58 59//59
f 57//57 59//59 50//50
f 60//60 57//57 56//56
f 50//50 61//61 62//62
f 50//50 62//62 47//47
f 42//42 48//48 47//47
f 42//42 41//41 48//48
f 42//42 63//63 64//64
f 42//42 64//64 26//26
f 65//65 60//60 66//66
f 67//67 68//68 69//69
f 67//67 69//69 70//70
f 68//68 65//65 66//66
f 71//71 72//72 73//73
f 74//74 75//75 76//76
f 75//75 77//77 78//78
f 76//76 73//73 74//74
f 72//72 71//71 70//70
f 79//79 80//80 81//81
f 82//82 83//83 84//84
f 83//83 85//85 84//84
f 81//81 80//80 82//82
f 86//86 87//87 88//88
f 89//89 90//90 91//91
f 90//90 92//92 93//93
f 91//91 87//87 89//89
f 88//88 85//85 86//86
f 78//78 77//77 79//79
f 94//94 95//95 96//96
f 97//97 98//98 99//99
f 98//98 100//100 99//99
f 96//96 95//95 97//97
f 92//92 94//94 93//93
f 67//67 101//101 102//102
f 67//67 102//102 65//65
f 103//103 104//104 105//105
f 100//100 104//104 103//103
f 106//106 105//105 107//107
f 71//71 108//108 109//109
f 71//71 109//109 67//67
f 71//71 67//67 70//70
f 67//67 65//65 68//68
f 107//107 110//110 106//106
f 111//111 112//112 113//113
f 112//112 114//114 115//115
f 113//113 110//110 111//111
f 116//116 117//117 118//118
f 117//117 119//119 118//118
f 120//120 121//121 122//122
f 121//121 2//2 1//1
f 122//122 119//119 120//120
f 115//115 114//114 116//116
f 76//76 71//71 73//73
f 65//65 57//57 60//60
f 65//65 123//123 124//124
f 65//65 124//124 57//57
f 125//125 1//1 30//30
f 126//126 4//4 127//127
f 127//127 4//4 34//34
f 30//30 4//4 126//126
f 33//33 8//8 32//32
f 31//31 11//11 46//46
f 78//78 128//128 129//129
f 78//78 129//129 76//76
f 44//44 35//35 18//18
f 75//75 78//78 76//76
f 36//36 45//45 15//15
f 43//43 21//21 38//38
f 37//37 23//23 40//40
f 64//64 39//39 26//26
f 130//130 1//1 125//125
f 54//54 47//47 62//62
f 63//63 42//42 55//55
f 61//61 50//50 59//59
f 58//58 57//57 124//124
f 108//108 71//71 131//131
f 101//101 67//67 109//109
f 76//76 132//132 131//131
f 78//78 133//133 128//128
f 76//76 129//129 132//132
f 71//71 76//76 131//131
f 123//123 65//65 102//102
f 81//81 134//134 133//133
f 81//81 133//133 78//78
f 84//84 135//135 136//136
f 84//84 136//136 81//81
f 85//85 88//88 84//84
f 88//88 137//137 138//138
f 88//88 138//138 84//84
f 91//91 139//139 140//140
f 91//91 140//140 88//88
f 87//87 91//91 88//88
f 81//81 136//136 134//134
f 82//82 84//84 81//81
f 88//88 140//140 137//137
f 84//84 138//138 135//135
f 93//93 141//141 142//142
f 93//93 142//142 91//91
f 94//94 96//96 93//93
f 96//96 143//143 144//144
f 96//96 144//144 93//93
f 100//100 103//103 99//99
f 103//103 145//145 146//146
f 103//103 146//146 99//99
f 106//106 147//147 148//148
f 106//106 148//148 103//103
f 105//105 106//106 103//103
f 99//99 149//149 150//150
f 99//99 150//150 96//96
f 97//97 99//99 96//96
f 112//112 115//115 113//113
f 115//115 151//151 152//152
f 115//115 152//152 113//113
f 119//119 122//122 118//118
f 122//122 153//153 154//154
f 122//122 154//154 118//118
f 1//1 130//130 155//155
f 1//1 155//155 122//122
f 121//121 1//1 122//122
f 118//118 156//156 157//157
f 118//118 157//157 115//115
f 116//116 118//118 115//115
f 113//113 158//158 159//159
f 113//113 159//159 106//106
f 110//110 113//113 106//106
f 90//90 93//93 91//91
f 91//91 142//142 139//139
f 93//93 144//144 141//141
f 103//103 148//148 145//145
f 99//99 146//146 149//149
f 96//96 150//150 143//143
f 106//106 159//159 147//147
f 113//113 152//152 158//158
f 118//118 154//154 156//156
f 122//122 155//155 153//153
f 115//115 157//157 151//151
f 79//79 81//81 78//78
f 160//160 161//161 162//162
f 160//160 162//162 163//163
f 164//164 160//160 163//163
f 164//164 163//163 165//165
f 166//166 164//164 165//165
f 166//166 165//165 167//167
f 168//168 166//166 167//167
f 168//168 167//167 169//169
f 170//170 168//168 169//169
f 170//170 169//169 171//171
f 172//172 170//170 171//171
f 172//172 171//171 173//173
f 174//174 172//172 173//173
f 174//174 173//173 175//175
f 176//176 174//174 175//175
f 176//176 175//175 177//177
f 178//178 176//176 177//177
f 178//178 177//177 179//179
f 180//180 178//178 179//179
f 180//180 179//179 181//181
f 182//182 180//180 181//181
f 182//182 181//181 183//183
f 184//184 182//182 183//183
f 184//184 183//183 185//185
f 186//186 184//184 185//185
f 186//186 185//185 187//187
f 188//188 186//186 187//187
f 188//188 187//187 189//189
f 190//190 188//188 189//189
f 190//190 189//189 191//191
f 192//192 190//190 191//191
f 192//192 191//191 193//193
f 194//194 192//192 193//193
f 194//194 193//193 195//195
f 196//196 194//194 195//195
f 196//196 195//195 197//197
f 198//198 196//196 197//197
f 198//198 197//197 199//199
f 200//200 198//198 199//199
f 200//200 199//199 201//201
f 202//202 200//200 201//201
f 202//202 201//201 203//203
f 204//204 202//202 203//203
f 204//204 203//203 205//205
f 206//206 204//204 205//205
f 206//206 205//205 207//207
f 208//208 206//206 207//207
f 208//208 207//207 209//209
f 210//210 208//208 209//209
f 210//210 209//209 211//211
f 212//212 210//210 211//211
f 212//212 211//211 213//213
f 214//214 212//212 213//213
f 214//214 213//213 215//215
f 216//216 214//214 215//215
f 216//216 215//215 217//217
f 218//218 216//216 217//217
f 218//218 217//217 219//219
f 220//220 218//218 219//219
f 220//220 219//219 221//221
f 222//222 220//220 221//221
f 222//222 221//221 223//223
f 161//161 222//222 223//223
f 161//161 223//223 162//162
f 224//224 225//225 161//161
f 224//224 161//161 160//160
f 226//226 224//224 160//160
f 226//226 160//160 164//164
f 227//227 226//226 164//164
f 227//227 164//164 166//166
f 228//228 227//227 166//166
f 228//228 166//166 168//168
f 229//229 228//228 168//168
f 229//229 168//168 170//170
f 230//230 229//229 170//170
f 230//230 170//170 172//172
f 231//231 230//230 172//172
f 231//231 172//172 174//174
f 232//232 231//231 174//174
f 232//232 174//174 176//176
f 233//233 232//232 176//176
f 233//233 176//176 178//178
f 234//234 233//233 178//178
f 234//234 178//178 180//180
f 235//235 234//234 180//180
f 235//235 180//180 182//182
f 236//236 235//235 182//182
f 236//236 182//182 184//184
f 237//237 236//236 184//184
f 237//237 184//184 186//186
f 238//238 237//237 186//186
f 238//238 186//186 188//188
f 239//239 238//238 188//188
f 239//239 188//188 190//190
f 240//240 239//239 190//190
f 240//240 190//190 192//192
f 241//241 240//240 192//192
f 241//241 192//192 194//194
f 242//242 241//241 194//194
f 242//242 194//194 196//196
f 243//243 242//242 196//196
f 243//243 196//196 198//198
f 244//244 243//243 198//198
f 244//244 198//198 200//200
f 245//245 244//244 200//200
f 245//245 200//200 202//202
f 246//246 245//245 202//202
f 246//246 202//202 204//204
f 247//247 246//246 204//204
f 247//247 204//204 206//206
f 248//248 247//247 206//206
f 248//248 206//206 208//208
f 249//249 248//248 208//208
f 249//249 208//208 210//210
f 250//250 249//249 210//210
f 250//250 210//210 212//212
f 251//251 250//250 212//212
f 251//251 212//212 214//214
f 252//252 251//251 214//214
f 252//252 214//214 216//216
f 253//253 252//252 216//216
f 253//253 216//216 218//218
f 254//254 253//253 218//218
f 254//254 218//218 220//220
f 255//255 254//254 220//220
f 255//255 220//220 222//222
f 225//225 255//255 222//222
f 225//225 222//222 161//161
f 256//256 257//257 225//225
f 256//256 225//225 224//224
f 258//258 256//256 224//224
f 258//258 224//224 226//226
f 259//259 258//258 226//226
f 259//259 226//226 227//227
f 260//260 259//259 227//227
f 260//260 227//227 228//228
f 261//261 260//260 228//228
f 261//261 228//228 229//229
f 262//262 261//261 229//229
f 262//262 229//229 230//230
f 263//263 262//262 230//230
f 263//263 230//230 231//231
f 264//264 263//263 231//231
f 264//264 231//231 232//232
f 265//265 264//264 232//232
f 265//265 232//232 233//233
f 266//266 265//265 233//233
f 266//266 233//233 234//234
f 267//267 266//266 234//234
f 267//267 234//234 235//235
f 268//268 267//267 235//235
f 268//268 235//235 236//236
f 269//269 268//268 236//236
f 269//269 236//236 237//237
f 270//270 269//269 237//237
f 270//270 237//237 238//238
f 271//271 270//270 238//238
f 271//271 238//238 239//239
f 272//272 271//271 239//239
f 272//272 239//239 240//240
f 273//273 272//272 240//240
f 273//273 240//240 241//241
f 274//274 273//273 241//241
f 274//274 241//241 242//242
f 275//275 274//274 242//242
f 275//275 242//242 243//243
f 276//276 275//275 243//243
f 276//276 243//243 244//244
f 277//277 276//276 244//244
f 277//277 244//244 245//245
f 278//278 277//277 245//245
f 278//278 245//245 246//246
f 279//279 278//278 246//246
f 279//279 246//246 247//247
f 280//280 279//279 247//247
f 280//280 247//247 248//248
f 281//281 280//280 248//248
f 281//281 248//248 249//249
f 282//282 281//281 249//249
f 282//282 249//249 250//250
f 283//283 282//282 250//250
f 283//283 250//250 251//251
f 284//284 283//283 251//251
f 284//284 251//251 252//252
f 285//285 284//284 252//252
f 285//285 252//252 253//253
f 286//286 285//285 253//253
f 286//286 253//253 254//254
f 287//287 286//286 254//254
f 287//287 254//254 255//255
f 257//257 287//287 255//255
f 257//257 255//255 225//225
f 288//288 289//289 257//257
f 288//288 257//257 256//256
f 290//290 288//288 256//256
f 290//290 256//256 258//258
f 291//291 290//290 258//258
f 291//291 258//258 259//259
f 292//292 291//291 259//259
f 292//292 259//259 260//260
f 293//293 292//292 260//260
f 293//293 260//260 261//261
f 294//294 293//293 261//261
f 294//294 261//261 262//262
f 295//295 294//294 262//262
f 295//295 262//262 263//263
f 296//296 295//295 263//263
f 296//296 263//263 264//264
f 297//297 296//296 264//264
f 297//297 264//264 265//265
f 298//298 297//297 265//265
f 298//298 265//265 266//266
f 299//299 298//298 266//266
f 299//299 266//266 267//267
f 300//300 299//299 267//267
f 300//300 267//267 268//268
f 301//301 300//300 268//268
f 301//301 268//268 269//269
f 302//302 301//301 269//269
f 302//302 269//269 270//270
f 303//303 302//302 270//270
f 303//303 270//270 271//271
f 304//304 303//303 271//271
f 304//304 271//271 272//272
f 305//305 304//304 272//272
f 305//305 272//272 273//273
f 306//306 305//305 273//273
f 306//306 273//273 274//274
f 307//307 306//306 274//274
f 307//307 274//274 275//275
f 308//308 307//307 275//275
f 308//308 275//275 276//276
f 309//309 308//308 276//276
f 309//309 276//276 277//277
f 310//310 309//309 277//277
f 310//310 277//277 278//278
f 311//311 310//310 278//278
f 311//311 278//278 279//279
f 312//312 311//311 279//279
f 312//312 279//279 280//280
f 313//313 312//312 280//280
f 313//313 280//280 281//281
f 314//314 313//313 281//281
f 314//314 281//281 282//282
f 315//315 314//314 282//282
f 315//315 282//282 283//283
f 316//316 315//315 283//283
f 316//316 283//283 284//284
f 317//317 316//316 284//284
f 317//317 284//284 285//285
f 318//318 317//317 285//285
f 318//318 285//285 286//286
f 319//319 318//318 286//286
f 319//319 286//286 287//287
f 289//289 319//319 287//287
f 289//289 287//287 257//257
f 320//320 321//321 289//289
f 320//320 289//289 288//288
f 322//322 320//320 288//288
f 322//322 288//288 290//290
f 323//323 322//322 290//290
f 323//323 290//290 291//291
f 324//324 323//323 291//291
f 324//324 291//291 292//292
f 325//325 324//324 292//292
f 325//325 292//292 293//293
f 326//326 325//325 293//293
f 326//326 293//293 294//294
f 327//327 326//326 294//294
f 327//327 294//294 295//295
f 328//328 327//327 295//295
f 328//328 295//295 296//296
f 329//329 328//328 296//296
f 329//329 296//296 297//297
f 330//330 329//329 297//297
f 330//330 297//297 298//298
f 331//331 330//330 298//298
f 331//331 298//298 299//299
f 332//332 331//331 299//299
f 332//332 299//299 300//300
f 333//333 332//332 300//300
f 333//333 300//300 301//301
f 334//334 333//333 301//301
f 334//334 301//301 302//302
f 335//335 334//334 302//302
f 335//335 302//302 303//303
f 336//336 335//335 303//303
f 336//336 303//303 304//304
f 337//337 336//336 304//304
f 337//337 304//304 305//305
f 338//338 337//337 305//305
f 338//338 305//305 306//306
f 339//339 338//338 306//306
f 339//339 306//306 307//307
f 340//340 339//339 307//307
f 340//340 307//307 308//308
f 341//341 340//340 308//308
f 341//341 308//308 309//309
f 342//342 341//341 309//309
f 342//342 309//309 310//310
f 343//343 342//342 310//310
f 343//343 310//310 311//311
f 344//344 343//343 311//311
f 344//344 311//311 312//312
f 345//345 344//344 312//312
f 345//345 312//312 313//313
f 346//346 345//345 313//313
f 346//346 313//313 314//314
f 347//347 346//346 314//314
f 347//347 314//314 315//315
f 348//348 347//347 315//315
f 348//348 315//315 316//316
f 349//349 348//348 316//316
f 349//349 316//316 317//317
f 350//350 349//349 317//317
f 350//350 317//317 318//318
f 351//351 350//350 318//318
f 351//351 318//318 319//319
f 321//321 351//351 319//319
f 321//321 319//319 289//289
f 352//352 353//353 321//321
f 352//352 321//321 320//320
f 354//354 352//352 320//320
f 354//354 320//320 322//322
f 355//355 354//354 322//322
f 355//355 322//322 323//323
f 356//356 355//355 323//323
f 356//356 323//323 324//324
f 357//357 356//356 324//324
f 357//357 324//324 325//325
f 358//358 357//357 325//325
f 358//358 325//325 326//326
f 359//359 358//358 326//326
f 359//359 326//326 327//327
f 360//360 359//359 327//327
f 360//360 327//327 328//328
f 361//361 360//360 328//328
f 361//361 328//328 329//329
f 362//362 361//361 329//329
f 362//362 329//329 330//330
f 363//363 362//362 330//330
f 363//363 330//330 331//331
f 364//364 363//363 331//331
f 364//364 331//331 332//332
f 365//365 364//364 332//332
f 365//365 332//332 333//333
f 366//366 365//365 333//333
f 366//366 333//333 334//334
f 367//367 366//366 334//334
f 367//367 334//334 335//335
f 368//368 367//367 335//335
f 368//368 335//335 336//336
f 369//369 368//368 336//336
f 369//369 336//336 337//337
f 370//370 369//369 337//337
f 370//370 337//337 338//338
f 371//371 370//370 338//338
f 371//371 338//338 339//339
f 372//372 371//371 339//339
f 372//372 339//339 340//340
f 373//373 372//372 340//340
f 373//373 340//340 341//341
f 374//374 373//373 341//341
f 374//374 341//341 342//342
f 375//375 374//374 342//342
f 375//375 342//342 343//343
f 376//376 375//375 343//343
f 376//376 343//343 344//344
f 377//377 376//376 344//344
f 377//377 344//344 345//345
f 378//378 377//377 345//345
f 378//378 345//345 346//346
f 379//379 378//378 346//346
f 379//379 346//346 347//347
f 380//380 379//379 347//347
f 380//380 347//347 348//348
f 381//381 380//380 348//348
f 381//381 348//348 349//349
f 382//382 381//381 349//349
f 382//382 349//349 350//350
f 383//383 382//382 350//350
f 383//383 350//350 351//351
f 353//353 383//383 351//351
f 353//353 351//351 321//321
f 162//162 130//130 125//125
f 163//163 125//125 30//30
f 165//165 126//126 127//127
f 165//165 127//127 34//34
f 126//126 163//163 30//30
f 167//167 33//33 32//32
f 169//169 32//32 31//31
f 171//171 46//46 45//45
f 171//171 45//45 36//36
f 46//46 169//169 31//31
f 33//33 167//167 34//34
f 173//173 35//35 44//44
f 175//175 44//44 43//43
f 177//177 38//38 37//37
f 177//177 37//37 40//40
f 38//38 175//175 43//43
f 179//179 39//39 64//64
f 181//181 64//64 63//63
f 183//183 55//55 54//54
f 183//183 54//54 62//62
f 55//55 181//181 63//63
f 39//39 179//179 40//40
f 35//35 173//173 36//36
f 163//163 126//126 165//165
f 165//165 34//34 167//167
f 169//169 46//46 171//171
f 171//171 36//36 173//173
f 167//167 32//32 169//169
f 175//175 38//38 177//177
f 177//177 40//40 179//179
f 181//181 55//55 183//183
f 183//183 62//62 61//61
f 183//183 61//61 185//185
f 179//179 64//64 181//181
f 173//173 44//44 175//175
f 185//185 61//61 59//59
f 187//187 59//59 58//58
f 189//189 124//124 123//123
f 189//189 123//123 102//102
f 124//124 187//187 58//58
f 187//187 124//124 189//189
f 189//189 102//102 101//101
f 189//189 101//101 191//191
f 191//191 101//101 109//109
f 191//191 109//109 108//108
f 191//191 108//108 193//193
f 185//185 59//59 187//187
f 162//162 125//125 163//163
f 195//195 131//131 132//132
f 195//195 132//132 129//129
f 197//197 128//128 133//133
f 199//199 133//133 134//134
f 128//128 197//197 129//129
f 201//201 136//136 135//135
f 201//201 135//135 138//138
f 203//203 137//137 140//140
f 205//205 140//140 139//139
f 137//137 203//203 138//138
f 136//136 199//199 134//134
f 207//207 142//142 141//141
f 207//207 141//141 144//144
f 209//209 143//143 150//150
f 211//211 150//150 149//149
f 143//143 209//209 144//144
f 213//213 146//146 145//145
f 213//213 145//145 148//148
f 215//215 147//147 159//159
f 217//217 159//159 158//158
f 147//147 215//215 148//148
f 146//146 211//211 149//149
f 142//142 205//205 139//139
f 195//195 129//129 197//197
f 197//197 133//133 199//199
f 201//201 138//138 203//203
f 203//203 140//140 205//205
f 199//199 136//136 201//201
f 207//207 144//144 209//209
f 209//209 150//150 211//211
f 213//213 148//148 215//215
f 215//215 159//159 217//217
f 211//211 146//146 213//213
f 205//205 142//142 207//207
f 219//219 152//152 151//151
f 219//219 151//151 157//157
f 221//221 156//156 154//154
f 223//223 154//154 153//153
f 156//156 221//221 157//157
f 219//219 157//157 221//221
f 221//221 154//154 223//223
f 162//162 155//155 130//130
f 155//155 162//162 223//223
f 155//155 223//223 153//153
f 217//217 152//152 219//219
f 152//152 217//217 158//158
f 193//193 131//131 195//195
f 193//193 108//108 131//131
f 352//352 384//384 385//385
f 352//352 385//385 353//353
f 354//354 386//386 387//387
f 354//354 387//387 352//352
f 355//355 388//388 389//389
f 355//355 389//389 354//354
f 356//356 390//390 391//391
f 356//356 391//391 355//355
f 385//385 392//392 353//353
f 352//352 387//387 384//384
f 354//354 389//389 386//386
f 357//357 393//393 394//394
f 357//357 394//394 356//356
f 358//358 395//395 396//396
f 358//358 396//396 357//357
f 359//359 397//397 398//398
f 359//359 398//398 358//358
f 361//361 399//399 400//400
f 361//361 400//400 360//360
f 362//362 401//401 402//402
f 362//362 402//402 361//361
f 360//360 403//403 404//404
f 360//360 404//404 359//359
f 364//364 405//405 406//406
f 364//364 406//406 363//363
f 365//365 407//407 408//408
f 365//365 408//408 364//364
f 367//367 409//409 410//410
f 367//367 410//410 366//366
f 368//368 411//411 412//412
f 368//368 412//412 367//367
f 366//366 413//413 414//414
f 366//366 414//414 365//365
f 363//363 415//415 416//416
f 363//363 416//416 362//362
f 391//391 388//388 355//355
f 356//356 394//394 390//390
f 357//357 396//396 393//393
f 359//359 404//404 397//397
f 360//360 400//400 403//403
f 358//358 398//398 395//395
f 362//362 416//416 401//401
f 363//363 406//406 415//415
f 365//365 414//414 407//407
f 366//366 410//410 413//413
f 367//367 412//412 409//409
f 364//364 408//408 405//405
f 361//361 402//402 399//399
f 369//369 417//417 418//418
f 369//369 418//418 368//368
f 411//411 368//368 418//418
f 370//370 419//419 420//420
f 370//370 420//420 369//369
f 371//371 421//421 422//422
f 371//371 422//422 370//370
f 372//372 423//423 424//424
f 372//372 424//424 371//371
f 369//369 420//420 417//417
f 371//371 424//424 421//421
f 370//370 422//422 419//419
f 373//373 425//425 426//426
f 373//373 426//426 372//372
f 374//374 427//427 428//428
f 374//374 428//428 373//373
f 375//375 429//429 430//430
f 375//375 430//430 374//374
f 377//377 431//431 432//432
f 377//377 432//432 376//376
f 378//378 433//433 434//434
f 378//378 434//434 377//377
f 376//376 435//435 436//436
f 376//376 436//436 375//375
f 380//380 437//437 438//438
f 380//380 438//438 379//379
f 381//381 439//439 440//440
f 381//381 440//440 380//380
f 383//383 441//441 442//442
f 383//383 442//442 382//382
f 353//353 392//392 443//443
f 353//353 443//443 383//383
f 382//382 444//444 445//445
f 382//382 445//445 381//381
f 379//379 446//446 447//447
f 379//379 447//447 378//378
f 372//372 426//426 423//423
f 374//374 430//430 427//427
f 373//373 428//428 425//425
f 375//375 436//436 429//429
f 377//377 434//434 431//431
f 376//376 432//432 435//435
f 378//378 447//447 433//433
f 380//380 440//440 437//437
f 379//379 438//438 446//446
f 381//381 445//445 439//439
f 383//383 443//443 441//441
f 382//382 442//442 444//444
f 448//448 449//449 450//450
f 448//448 450//450 451//451
f 452//452 448//448 451//451
f 452//452 451//451 453//453
f 454//454 452//452 453//453
f 454//454 453//453 455//455
f 456//456 454//454 455//455
f 456//456 455//455 457//457
f 458//458 456//456 457//457
f 458//458 457//457 459//459
f 460//460 458//458 459//459
f 460//460 459//459 461//461
f 462//462 460//460 461//461
f 462//462 461//461 463//463
f 464//464 462//462 463//463
f 464//464 463//463 465//465
f 466//466 464//464 465//465
f 466//466 465//465 467//467
f 468//468 466//466 467//467
f 468//468 467//467 469//469
f 470//470 468//468 469//469
f 470//470 469//469 471//471
f 472//472 470//470 471//471
f 472//472 471//471 473//473
f 474//474 472//472 473//473
f 474//474 473//473 475//475
f 476//476 474//474 475//475
f 476//476 475//475 477//477
f 478//478 476//476 477//477
f 478//478 477//477 479//479
f 480//480 478//478 479//479
f 480//480 479//479 481//481
f 482//482 480//480 481//481
f 482//482 481//481 483//483
f 484//484 482//482 483//483
f 484//484 483//483 485//485
f 486//486 484//484 485//485
f 486//486 485//485 487//487
f 488//488 486//486 487//487
f 488//488 487//487 489//489
f 490//490 488//488 489//489
f 490//490 489//489 491//491
f 492//492 490//490 491//491
f 492//492 491//491 493//493
f 494//494 492//492 493//493
f 494//494 493//493 495//495
f 496//496 494//494 495//495
f 496//496 495//495 497//497
f 498//498 496//496 497//497
f 498//498 497//497 499//499
f 500//500 498//498 499//499
f 500//500 499//499 501//501
f 502//502 500//500 501//501
f 502//502 501//501 503//503
f 504//504 502//502 503//503
f 504//504 503//503 505//505
f 506//506 504//504 505//505
f 506//506 505//505 507//507
f 508//508 506//506 507//507
f 508//508 507//507 509//509
f 510//510 508//508 509//509
f 510//510 509//509 511//511
f 449//449 510//510 511//511
f 449//449 511//511 450//450
f 512//512 513//513 449//449
f 512//512 449//449 448//448
f 514//514 512//512 448//448
f 514//514 448//448 452//452
f 515//515 514//514 452//452
f 515//515 452//452 454//454
f 516//516 515//515 454//454
f 516//516 454//454 456//456
f 517//517 516//516 456//456
f 517//517 456//456 458//458
f 518//518 517//517 458//458
f 518//518 458//458 460//460
f 519//519 518//518 460//460
f 519//519 460//460 462//462
f 520//520 519//519 462//462
f 520//520 462//462 464//464
f 521//521 520//520 464//464
f 521//521 464//464 466//466
f 522//522 521//521 466//466
f 522//522 466//466 468//468
f 523//523 522//522 468//468
f 523//523 468//468 470//470
f 524//524 523//523 470//470
f 524//524 470//470 472//472
f 525//525 524//524 472//472
f 525//525 472//472 474//474
f 526//526 525//525 474//474
f 526//526 474//474 476//476
f 527//527 526//526 476//476
f 527//527 476//476 478//478
f 528//528 527//527 478//478
f 528//528 478//478 480//480
f 529//529 528//528 480//480
f 529//529 480//480 482//482
f 530//530 529//529 482//482
f 530//530 482//482 484//484
f 531//531 530//530 484//484
f 531//531 484//484 486//486
f 532//532 531//531 486//486
f 532//532 486//486 488//488
f 533//533 532//532 488//488
f 533//533 488//488 490//490
f 534//534 533//533 490//490
f 534//534 490//490 492//492
f 535//535 534//534 492//492
f 535//535 492//492 494//494
f 536//536 535//535 494//494
f 536//536 494//494 496//496
f 537//537 536//536 496//496
f 537//537 496//496 498//498
f 538//538 537//537 498//498
f 538//538 498//498 500//500
f 539//539 538//538 500//500
f 539//539 500//500 502//502
f 540//540 539//539 502//502
f 540//540 502//502 504//504
f 541//541 540//540 504//504
f 541//541 504//504 506//506
f 542//542 541//541 506//506
f 542//542 506//506 508//508
f 543//543 542//542 508//508
f 543//543 508//508 510//510
f 513//513 543//543 510//510
f 513//513 510//510 449//449
f 450//450 392//392 385//385
f 451//451 385//385 384//384
f 453//453 387//387 386//386
f 453//453 386//386 389//389
f 387//387 451//451 384//384
f 455//455 388//388 391//391
f 457//457 391//391 390//390
f 459//459 394//394 393//393
f 459//459 393//393 396//396
f 394//394 457//457 390//390
f 388//388 455//455 389//389
f 461//461 395//395 398//398
f 463//463 398//398 397//397
f 465//465 404//404 403//403
f 465//465 403//403 400//400
f 404//404 463//463 397//397
f 467//467 399//399 402//402
f 469//469 402//402 401//401
f 471//471 416//416 415//415
f 471//471 415//415 406//406
f 416//416 469//469 401//401
f 399//399 467//467 400//400
f 395//395 461//461 396//396
f 451//451 387//387 453//453
f 453//453 389//389 455//455
f 457//457 394//394 459//459
f 459//459 396//396 461//461
f 455//455 391//391 457//457
f 463//463 404//404 465//465
f 465//465 400//400 467//467
f 469//469 416//416 471//471
f 471//471 406//406 405//405
f 471//471 405//405 473//473
f 467//467 402//402 469//469
f 461//461 398//398 463//463
f 473//473 405//405 408//408
f 475//475 408//408 407//407
f 477//477 414//414 413//413
f 477//477 413//413 410//410
f 414//414 475//475 407//407
f 475//475 414//414 477//477
f 477//477 410//410 409//409
f 477//477 409//409 479//479
f 479//479 409//409 412//412
f 479//479 412//412 411//411
f 479//479 411//411 481//481
f 473//473 408//408 475//475
f 450//450 385//385 451//451
f 483//483 418//418 417//417
f 483//483 417//417 420//420
f 485//485 419//419 422//422
f 487//487 422//422 421//421
f 419//419 485//485 420//420
f 489//489 424//424 423//423
f 489//489 423//423 426//426
f 491//491 425//425 428//428
f 493//493 428//428 427//427
f 425//425 491//491 426//426
f 424//424 487//487 421//421
f 495//495 430//430 429//429
f 495//495 429//429 436//436
f 497//497 435//435 432//432
f 499//499 432//432 431//431
f 435//435 497//497 436//436
f 501//501 434//434 433//433
f 501//501 433//433 447//447
f 503//503 446//446 438//438
f 505//505 438//438 437//437
f 446//446 503//503 447//447
f 434//434 499//499 431//431
f 430//430 493//493 427//427
f 483//483 420//420 485//485
f 485//485 422//422 487//487
f 489//489 426//426 491//491
f 491//491 428//428 493//493
f 487//487 424//424 489//489
f 495//495 436//436 497//497
f 497//497 432//432 499//499
f 501//501 447//447 503//503
f 503//503 438//438 505//505
f 499//499 434//434 501//501
f 493//493 430//430 495//495
f 507//507 440//440 439//439
f 507//507 439//439 445//445
f 509//509 444//444 442//442
f 511//511 442//442 441//441
f 444//444 509//509 445//445
f 507//507 445//445 509//509
f 509//509 442//442 511//511
f 450//450 443//443 392//392
f 443//443 450//450 511//511
f 443//443 511//511 441//441
f 505//505 440//440 507//507
f 440//440 505//505 437//437
f 481//481 418//418 483//483
f 481//481 411//411 418//418
f 512//512 544//544 545//545
f 512//512 545//545 513//513
f 514//514 546//546 547//547
f 514//514 547//547 512//512
f 515//515 548//548 549//549
f 515//515 549//549 514//514
f 516//516 550//550 551//551
f 516//516 551//551 515//515
f 545//545 552//552 513//513
f 512//512 547//547 544//544
f 514//514 549//549 546//546
f 517//517 553//553 554//554
f 517//517 554//554 516//516
f 518//518 555//555 556//556
f 518//518 556//556 517//517
f 519//519 557//557 558//558
f 519//519 558//558 518//518
f 521//521 559//559 560//560
f 521//521 560//560 520//520
f 522//522 561//561 562//562
f 522//522 562//562 521//521
f 520//520 563//563 564//564
f 520//520 564//564 519//519
f 524//524 565//565 566//566
f 524//524 566//566 523//523
f 525//525 567//567 568//568
f 525//525 568//568 524//524
f 527//527 569//569 570//570
f 527//527 570//570 526//526
f 528//528 571//571 572//572
f 528//528 572//572 527//527
f 526//526 573//573 574//574
f 526//526 574//574 525//525
f 523//523 575//575 576//576
f 523//523 576//576 522//522
f 551//551 548//548 515//515
f 516//516 554//554 550//550
f 517//517 556//556 553//553
f 519//519 564//564 557//557
f 520//520 560//560 563//563
f 518//518 558//558 555//555
f 522//522 576//576 561//561
f 523//523 566//566 575//575
f 525//525 574//574 567//567
f 526//526 570//570 573//573
f 527//527 572//572 569//569
f 524//524 568//568 565//565
f 521//521 562//562 559//559
f 529//529 577//577 578//578
f 529//529 578//578 528//528
f 571//571 528//528 578//578
f 530//530 579//579 580//580
f 530//530 580//580 529//529
f 531//531 581//581 582//582
f 531//531 582//582 530//530
f 532//532 583//583 584//584
f 532//532 584//584 531//531
f 529//529 580//580 577//577
f 531//531 584//584 581//581
f 530//530 582//582 579//579
f 533//533 585//585 586//586
f 533//533 586//586 532//532
f 534//534 587//587 588//588
f 534//534 588//588 533//533
f 535//535 589//589 590//590
f 535//535 590//590 534//534
f 537//537 591//591 592//592
f 537//537 592//592 536//536
f 538//538 593//593 594//594
f 538//538 594//594 537//537
f 536//536 595//595 596//596
f 536//536 596//596 535//535
f 540//540 597//597 598//598
f 540//540 598//598 539//539
f 541//541 599//599 600//600
f 541//541 600//600 540//540
f 543//543 601//601 602//602
f 543//543 602//602 542//542
f 513//513 552//552 603//603
f 513//513 603//603 543//543
f 542//542 604//604 605//605
f 542//542 605//605 541//541
f 539//539 606//606 607//607
f 539//539 607//607 538//538
f 532//532 586//586 583//583
f 534//534 590//590 587//587
f 533//533 588//588 585//585
f 535//535 596//596 589//589
f 537//537 594//594 591//591
f 536//536 592//592 595//595
f 538//538 607//607 593//593
f 540//540 600//600 597//597
f 539//539 598//598 606//606
f 541//541 605//605 599//599
f 543//543 603//603 601//601
f 542//542 602//602 604//604
f 608//608 609//609 610//610
f 608//608 610//610 611//611
f 612//612 608//608 611//611
f 612//612 611//611 613//613
f 614//614 612//612 613//613
f 614//614 613//613 615//615
f 616//616 614//614 615//615
f 616//616 615//615 617//617
f 618//618 616//616 617//617
f 618//618 617//617 619//619
f 620//620 618//618 619//619
f 620//620 619//619 621//621
f 622//622 620//620 621//621
f 622//622 621//621 623//623
f 624//624 622//622 623//623
f 624//624 623//623 625//625
f 626//626 624//624 625//625
f 626//626 625//625 627//627
f 628//628 626//626 627//627
f 628//628 627//627 629//629
f 630//630 628//628 629//629
f 630//630 629//629 631//631
f 632//632 630//630 631//631
f 632//632 631//631 633//633
f 634//634 632//632 633//633
f 634//634 633//633 635//635
f 636//636 634//634 635//635
f 636//636 635//635 637//637
f 638//638 636//636 637//637
f 638//638 637//637 639//639
f 640//640 638//638 639//639
f 640//640 639//639 641//641
f 642//642 640//640 641//641
f 642//642 641//641 643//643
f 644//644 642//642 643//643
f 644//644 643//643 645//645
f 646//646 644//644 645//645
f 646//646 645//645 647//647
f 648//648 646//646 647//647
f 648//648 647//647 649//649
f 650//650 648//648 649//649
f 650//650 649//649 651//651
f 652//652 650//650 651//651
f 652//652 651//651 653//653
f 654//654 652//652 653//653
f 654//654 653//653 655//655
f 656//656 654//654 655//655
f 656//656 655//655 657//657
f 658//658 656//656 657//657
f 658//658 657//657 659//659
f 660//660 658//658 659//659
f 660//660 659//659 661//661
f 662//662 660//660 661//661
f 662//662 661//661 663//663
f 664//664 662//662 663//663
f 664//664 663//663 665//665
f 666//666 664//664 665//665
f 666//666 665//665 667//667
f 668//668 666//666 667//667
f 668//668 667//667 669//669
f 670//670 668//668 669//669
f 670//670 669//669 671//671
f 609//609 670//670 671//671
f 609//609 671//671 610//610
f 672//672 673//673 609//609
f 672//672 609//609 608//608
f 674//674 672//672 608//608
f 674//674 608//608 612//612
f 675//675 674//674 612//612
f 675//675 612//612 614//614
f 676//676 675//675 614//614
f 676//676 614//614 616//616
f 677//677 676//676 616//616
f 677//677 616//616 618//618
f 678//678 677//677 618//618
f 678//678 618//618 620//620
f 679//679 678//678 620//620
f 679//679 620//620 622//622
f 680//680 679//679 622//622
f 680//680 622//622 624//624
f 681//681 680//680 624//624
f 681//681 624//624 626//626
f 682//682 681//681 626//626
f 682//682 626//626 628//628
f 683//683 682//682 628//628
f 683//683 628//628 630//630
f 684//684 683//683 630//630
f 684//684 630//630 632//632
f 685//685 684//684 632//632
f 685//685 632//632 634//634
f 686//686 685//685 634//634
f 686//686 634//634 636//636
f 687//687 686//686 636//636
f 687//687 636//636 638//638
f 688//688 687//687 638//638
f 688//688 638//638 640//640
f 689//689 688//688 640//640
f 689//689 640//640 642//642
f 690//690 689//689 642//642
f 690//690 642//642 644//644
f 691//691 690//690 644//644
f 691//691 644//644 646//646
f 692//692 691//691 646//646
f 692//692 646//646 648//648
f 693//693 692//692 648//648
f 693//693 648//648 650//650
f 694//694 693//693 650//650
f 694//694 650//650 652//652
f 695//695 694//694 652//652
f 695//695 652//652 654//654
f 696//696 695//695 654//654
f 696//696 654//654 656//656
f 697//697 696//696 656//656
f 697//697 656//656 658//658
f 698//698 697//697 658//658
f 698//698 658//658 660//660
f 699//699 698//698 660//660
f 699//699 660//660 662//662
f 700//700 699//699 662//662
f 700//700 662//662 664//664
f 701//701 700//700 664//664
f 701//701 664//664 666//666
f 702//702 701//701 666//666
f 702//702 666//666 668//668
f 703//703 702//702 668//668
f 703//703 668//668 670//670
f 673//673 703//703 670//670
f 673//673 670//670 609//609
f 704//704 705//705 673//673
f 704//704 673//673 672//672
f 706//706 704//704 672//672
f 706//706 672//672 674//674
f 707//707 706//706 674//674
f 707//707 674//674 675//675
f 708//708 707//707 675//675
f 708//708 675//675 676//676
f 709//709 708//708 676//676
f 709//709 676//676 677//677
f 710//710 709//709 677//677
f 710//710 677//677 678//678
f 711//711 710//710 678//678
f 711//711 678//678 679//679
f 712//712 711//711 679//679
f 712//712 679//679 680//680
f 713//713 712//712 680//680
f 713//713 680//680 681//681
f 714//714 713//713 681//681
f 714//714 681//681 682//682
f 715//715 714//714 682//682
f 715//715 682//682 683//683
f 716//716 715//715 683//683
f 716//716 683//683 684//684
f 717//717 716//716 684//684
f 717//717 684//684 685//685
f 718//718 717//717 685//685
f 718//718 685//685 686//686
f 719//719 718//718 686//686
f 719//719 686//686 687//687
f 720//720 719//719 687//687
f 720//720 687//687 688//688
f 721//721 720//720 688//688
f 721//721 688//688 689//689
f 722//722 721//721 689//689
f 722//722 689//689 690//690
f 723//723 722//722 690//690
f 723//723 690//690 691//691
f 724//724 723//723 691//691
f 724//724 691//691 692//692
f 725//725 724//724 692//692
f 725//725 692//692 693//693
f 726//726 725//725 693//693
f 726//726 693//693 694//694
f 727//727 726//726 694//694
f 727//727 694//694 695//695
f 728//728 727//727 695//695
f 728//728 695//695 696//696
f 729//729 728//728 696//696
f 729//729 696//696 697//697
f 730//730 729//729 697//697
f 730//730 697//697 698//698
f 731//731 730//730 698//698
f 731//731 698//698 699//699
f 732//732 731//731 699//699
f 732//732 699//699 700//700
f 733//733 732//732 700//700
f 733//733 700//700 701//701
f 734//734 733//733 701//701
f 734//734 701//701 702//702
f 735//735 734//734 702//702
f 735//735 702//702 703//703
f 705//705 735//735 703//703
f 705//705 703//703 673//673
f 736//736 737//737 705//705
f 736//736 705//705 704//704
f 738//738 736//736 704//704
f 738//738 704//704 706//706
f 739//739 738//738 706//706
f 739//739 706//706 707//707
f 740//740 739//739 707//707
f 740//740 707//707 708//708
f 741//741 740//740 708//708
f 741//741 708//708 709//709
f 742//742 741//741 709//709
f 742//742 709//709 710//710
f 743//743 742//742 710//710
f 743//743 710//710 711//711
f 744//744 743//743 711//711
f 744//744 711//711 712//712
f 745//745 744//744 712//712
f 745//745 712//712 713//713
f 746//746 745//745 713//713
f 746//746 713//713 714//714
f 747//747 746//746 714//714
f 747//747 714//714 715//715
f 748//748 747//747 715//715
f 748//748 715//715 716//716
f 749//749 748//748 716//716
f 749//749 716//716 717//717
f 750//750 749//749 717//717
f 750//750 717//717 718//718
f 751//751 750//750 718//718
f 751//751 718//718 719//719
f 752//752 751//751 719//719
f 752//752 719//719 720//720
f 753//753 752//752 720//720
f 753//753 720//720 721//721
f 754//754 753//753 721//721
f 754//754 721//721 722//722
f 755//755 754//754 722//722
f 755//755 722//722 723//723
f 756//756 755//755 723//723
f 756//756 723//723 724//724
f 757//757 756//756 724//724
f 757//757 724//724 725//725
f 758//758 757//757 725//725
f 758//758 725//725 726//726
f 759//759 758//758 726//726
f 759//759 726//726 727//727
f 760//760 759//759 727//727
f 760//760 727//727 728//728
f 761//761 760//760 728//728
f 761//761 728//728 729//729
f 762//762 761//761 729//729
f 762//762 729//729 730//730
f 763//763 762//762 730//730
f 763//763 730//730 731//731
f 764//764 763//763 731//731
f 764//764 731//731 732//732
f 765//765 764//764 732//732
f 765//765 732//732 733//733
f 766//766 765//765 733//733
f 766//766 733//733 734//734
f 767//767 766//766 734//734
f 767//767 734//734 735//735
f 737//737 767//767 735//735
f 737//737 735//735 705//705
f 610//610 552//552 545//545
f 611//611 544//544 547//547
f 613//613 547//547 546//546
f 544//544 611//611 545//545
f 615//615 549//549 548//548
f 617//617 551//551 550//550
f 617//617 550//550 554//554
f 551//551 615//615 548//548
f 549//549 613//613 546//546
f 619//619 553//553 556//556
f 621//621 555//555 558//558
f 623//623 558//558 557//557
f 555//555 621//621 556//556
f 625//625 564//564 563//563
f 627//627 560//560 559//559
f 627//627 559//559 562//562
f 560//560 625//625 563//563
f 564//564 623//623 557//557
f 553//553 619//619 554//554
f 611//611 547//547 613//613
f 615//615 551//551 617//617
f 617//617 554//554 619//619
f 613//613 549//549 615//615
f 621//621 558//558 623//623
f 625//625 560//560 627//627
f 627//627 562//562 561//561
f 627//627 561//561 629//629
f 623//623 564//564 625//625
f 619//619 556//556 621//621
f 629//629 561//561 576//576
f 631//631 575//575 566//566
f 633//633 566//566 565//565
f 575//575 631//631 576//576
f 631//631 566//566 633//633
f 565//565 568//568 633//633
f 567//567 635//635 568//568
f 633//633 568//568 635//635
f 574//574 635//635 567//567
f 629//629 576//576 631//631
f 610//610 545//545 611//611
f 637//637 574//574 573//573
f 639//639 570//570 569//569
f 639//639 569//569 572//572
f 570//570 637//637 573//573
f 641//641 571//571 578//578
f 577//577 580//580 643//643
f 580//580 579//579 645//645
f 643//643 578//578 577//577
f 571//571 641//641 572//572
f 582//582 581//581 647//647
f 584//584 583//583 649//649
f 583//583 586//586 649//649
f 647//647 581//581 584//584
f 585//585 588//588 651//651
f 587//587 590//590 653//653
f 590//590 589//589 655//655
f 653//653 588//588 587//587
f 651//651 586//586 585//585
f 645//645 579//579 582//582
f 596//596 595//595 657//657
f 592//592 591//591 659//659
f 591//591 594//594 659//659
f 657//657 595//595 592//592
f 589//589 596//596 655//655
f 661//661 593//593 607//607
f 594//594 593//593 661//661
f 663//663 607//607 606//606
f 641//641 639//639 572//572
f 639//639 637//637 570//570
f 606//606 598//598 663//663
f 597//597 600//600 665//665
f 600//600 599//599 667//667
f 665//665 598//598 597//597
f 605//605 604//604 669//669
f 604//604 602//602 669//669
f 601//601 603//603 671//671
f 603//603 552//552 610//610
f 671//671 602//602 601//601
f 667//667 599//599 605//605
f 643//643 641//641 578//578
f 637//637 635//635 574//574
f 736//736 768//768 769//769
f 736//736 769//769 737//737
f 739//739 770//770 771//771
f 739//739 771//771 738//738
f 740//740 772//772 770//770
f 740//740 770//770 739//739
f 738//738 771//771 768//768
f 738//738 768//768 736//736
f 742//742 773//773 774//774
f 742//742 774//774 741//741
f 744//744 775//775 776//776
f 744//744 776//776 743//743
f 745//745 777//777 775//775
f 745//745 775//775 744//744
f 743//743 776//776 773//773
f 743//743 773//773 742//742
f 741//741 774//774 772//772
f 741//741 772//772 740//740
f 747//747 778//778 779//779
f 747//747 779//779 746//746
f 580//580 645//645 643//643
f 748//748 780//780 778//778
f 748//748 778//778 747//747
f 750//750 781//781 782//782
f 750//750 782//782 749//749
f 752//752 783//783 784//784
f 752//752 784//784 751//751
f 753//753 785//785 783//783
f 753//753 783//783 752//752
f 751//751 784//784 781//781
f 751//751 781//781 750//750
f 749//749 782//782 780//780
f 749//749 780//780 748//748
f 746//746 779//779 777//777
f 746//746 777//777 745//745
f 754//754 786//786 785//785
f 754//754 785//785 753//753
f 786//786 754//754 755//755
f 786//786 755//755 787//787
f 584//584 649//649 647//647
f 588//588 653//653 651//651
f 590//590 655//655 653//653
f 586//586 651//651 649//649
f 756//756 788//788 787//787
f 756//756 787//787 755//755
f 758//758 789//789 790//790
f 758//758 790//790 757//757
f 759//759 791//791 789//789
f 759//759 789//789 758//758
f 757//757 790//790 788//788
f 757//757 788//788 756//756
f 592//592 659//659 657//657
f 607//607 663//663 661//661
f 598//598 665//665 663//663
f 594//594 661//661 659//659
f 602//602 671//671 669//669
f 603//603 610//610 671//671
f 605//605 669//669 667//667
f 600//600 667//667 665//665
f 760//760 792//792 791//791
f 760//760 791//791 759//759
f 596//596 657//657 655//655
f 762//762 793//793 794//794
f 762//762 794//794 761//761
f 792//792 760//760 761//761
f 792//792 761//761 794//794
f 793//793 762//762 763//763
f 793//793 763//763 795//795
f 764//764 796//796 795//795
f 764//764 795//795 763//763
f 766//766 797//797 798//798
f 766//766 798//798 765//765
f 767//767 799//799 797//797
f 767//767 797//797 766//766
f 765//765 798//798 796//796
f 765//765 796//796 764//764
f 737//737 769//769 799//799
f 737//737 799//799 767//767
f 582//582 647//647 645//645
f 800//800 801//801 802//802
f 800//800 802//802 803//803
f 804//804 805//805 801//801
f 804//804 801//801 800//800
f 806//806 807//807 805//805
f 806//806 805//805 804//804
f 808//808 809//809 807//807
f 808//808 807//807 806//806
f 810//810 811//811 809//809
f 810//810 809//809 808//808
f 812//812 813//813 811//811
f 812//812 811//811 810//810
f 814//814 815//815 813//813
f 814//814 813//813 812//812
f 816//816 817//817 815//815
f 816//816 815//815 814//814
f 818//818 819//819 817//817
f 818//818 817//817 816//816
f 820//820 821//821 819//819
f 820//820 819//819 818//818
f 822//822 823//823 821//821
f 822//822 821//821 820//820
f 824//824 825//825 823//823
f 824//824 823//823 822//822
f 826//826 827//827 825//825
f 826//826 825//825 824//824
f 828//828 829//829 827//827
f 828//828 827//827 826//826
f 830//830 831//831 829//829
f 830//830 829//829 828//828
f 832//832 833//833 831//831
f 832//832 831//831 830//830
f 834//834 835//835 833//833
f 834//834 833//833 832//832
f 836//836 837//837 835//835
f 836//836 835//835 834//834
f 838//838 839//839 837//837
f 838//838 837//837 836//836
f 840//840 841//841 839//839
f 840//840 839//839 838//838
f 842//842 843//843 841//841
f 842//842 841//841 840//840
f 844//844 845//845 843//843
f 844//844 843//843 842//842
f 846//846 847//847 845//845
f 846//846 845//845 844//844
f 848//848 849//849 847//847
f 848//848 847//847 846//846
f 850//850 851//851 849//849
f 850//850 849//849 848//848
f 852//852 853//853 851//851
f 852//852 851//851 850//850
f 854//854 855//855 853//853
f 854//854 853//853 852//852
f 856//856 857//857 855//855
f 856//856 855//855 854//854
f 858//858 859//859 857//857
f 858//858 857//857 856//856
f 860//860 861//861 859//859
f 860//860 859//859 858//858
f 862//862 863//863 861//861
f 862//862 861//861 860//860
f 803//803 802//802 863//863
f 803//803 863//863 862//862
f 864//864 800//800 803//803
f 864//864 803//803 865//865
f 866//866 804//804 800//800
f 866//866 800//800 864//864
f 867//867 806//806 804//804
f 867//867 804//804 866//866
f 868//868 808//808 806//806
f 868//868 806//806 867//867
f 869//869 810//810 808//808
f 869//869 808//808 868//868
f 870//870 812//812 810//810
f 870//870 810//810 869//869
f 871//871 814//814 812//812
f 871//871 812//812 870//870
f 872//872 816//816 814//814
f 872//872 814//814 871//871
f 873//873 818//818 816//816
f 873//873 816//816 872//872
f 874//874 820//820 818//818
f 874//874 818//818 873//873
f 875//875 822//822 820//820
f 875//875 820//820 874//874
f 876//876 824//824 822//822
f 876//876 822//822 875//875
f 877//877 826//826 824//824
f 877//877 824//824 876//876
f 878//878 828//828 826//826
f 878//878 826//826 877//877
f 879//879 830//830 828//828
f 879//879 828//828 878//878
f 880//880 832//832 830//830
f 880//880 830//830 879//879
f 881//881 834//834 832//832
f 881//881 832//832 880//880
f 882//882 836//836 834//834
f 882//882 834//834 881//881
f 883//883 838//838 836//836
f 883//883 836//836 882//882
f 884//884 840//840 838//838
f 884//884 838//838 883//883
f 885//885 842//842 840//840
f 885//885 840//840 884//884
f 886//886 844//844 842//842
f 886//886 842//842 885//885
f 887//887 846//846 844//844
f 887//887 844//844 886//886
f 888//888 848//848 846//846
f 888//888 846//846 887//887
f 889//889 850//850 848//848
f 889//889 848//848 888//888
f 890//890 852//852 850//850
f 890//890 850//850 889//889
f 891//891 854//854 852//852
f 891//891 852//852 890//890
f 892//892 856//856 854//854
f 892//892 854//854 891//891
f 893//893 858//858 856//856
f 893//893 856//856 892//892
f 894//894 860//860 858//858
f 894//894 858//858 893//893
f 895//895 862//862 860//860
f 895//895 860//860 894//894
f 865//865 803//803 862//862
f 865//865 862//862 895//895
f 799//799 769//769 802//802
f 799//799 802//802 801//801
f 798//798 797//797 805//805
f 798//798 805//805 807//807
f 797//797 799//799 801//801
f 797//797 801//801 805//805
f 795//795 796//796 809//809
f 795//795 809//809 811//811
f 794//794 793//793 813//813
f 794//794 813//813 815//815
f 793//793 795//795 811//811
f 793//793 811//811 813//813
f 796//796 798//798 807//807
f 796//796 807//807 809//809
f 791//791 792//792 817//817
f 791//791 817//817 819//819
f 790//790 789//789 821//821
f 790//790 821//821 823//823
f 789//789 791//791 819//819
f 789//789 819//819 821//821
f 787//787 788//788 825//825
f 787//787 825//825 827//827
f 785//785 786//786 829//829
f 785//785 829//829 831//831
f 786//786 787//787 827//827
f 786//786 827//827 829//829
f 788//788 790//790 823//823
f 788//788 823//823 825//825
f 792//792 794//794 815//815
f 792//792 815//815 817//817
f 783//783 785//785 831//831
f 783//783 831//831 833//833
f 781//781 784//784 835//835
f 781//781 835//835 837//837
f 780//780 782//782 839//839
f 780//780 839//839 841//841
f 782//782 781//781 837//837
f 782//782 837//837 839//839
f 779//779 778//778 843//843
f 779//779 843//843 845//845
f 775//775 777//777 847//847
f 775//775 847//847 849//849
f 777//777 779//779 845//845
f 777//777 845//845 847//847
f 778//778 780//780 841//841
f 778//778 841//841 843//843
f 773//773 776//776 851//851
f 773//773 851//851 853//853
f 772//772 774//774 855//855
f 772//772 855//855 857//857
f 774//774 773//773 853//853
f 774//774 853//853 855//855
f 771//771 770//770 859//859
f 771//771 859//859 861//861
f 769//769 768//768 863//863
f 769//769 863//863 802//802
f 768//768 771//771 861//861
f 768//768 861//861 863//863
f 770//770 772//772 857//857
f 770//770 857//857 859//859
f 776//776 775//775 849//849
f 776//776 849//849 851//851
f 833//833 835//835 784//784
f 833//833 784//784 783//783
f 864//864 865//865 896//896
f 864//864 896//896 897//897
f 867//867 866//866 898//898
f 867//867 898//898 899//899
f 866//866 864//864 897//897
f 866//866 897//897 898//898
f 869//869 868//868 900//900
f 869//869 900//900 901//901
f 871//871 870//870 902//902
f 871//871 902//902 903//903
f 870//870 869//869 901//901
f 870//870 901//901 902//902
f 868//868 867//867 899//899
f 868//868 899//899 900//900
f 873//873 872//872 904//904
f 873//873 904//904 905//905
f 875//875 874//874 906//906
f 875//875 906//906 907//907
f 874//874 873//873 905//905
f 874//874 905//905 906//906
f 877//877 876//876 908//908
f 877//877 908//908 909//909
f 879//879 878//878 910//910
f 879//879 910//910 911//911
f 878//878 877//877 909//909
f 878//878 909//909 910//910
f 876//876 875//875 907//907
f 876//876 907//907 908//908
f 872//872 871//871 903//903
f 872//872 903//903 904//904
f 880//880 879//879 911//911
f 880//880 911//911 912//912
f 882//882 881//881 913//913
f 882//882 913//913 914//914
f 884//884 883//883 915//915
f 884//884 915//915 916//916
f 883//883 882//882 914//914
f 883//883 914//914 915//915
f 886//886 885//885 917//917
f 886//886 917//917 918//918
f 888//888 887//887 919//919
f 888//888 919//919 920//920
f 887//887 886//886 918//918
f 887//887 918//918 919//919
f 885//885 884//884 916//916
f 885//885 916//916 917//917
f 890//890 889//889 921//921
f 890//890 921//921 922//922
f 892//892 891//891 923//923
f 892//892 923//923 924//924
f 891//891 890//890 922//922
f 891//891 922//922 923//923
f 894//894 893//893 925//925
f 894//894 925//925 926//926
f 865//865 895//895 927//927
f 865//865 927//927 896//896
f 895//895 894//894 926//926
f 895//895 926//926 927//927
f 893//893 892//892 924//924
f 893//893 924//924 925//925
f 889//889 888//888 920//920
f 889//889 920//920 921//921
f 881//881 880//880 912//912
f 881//881 912//912 913//913
f 928//928 896//896 927//927
f 926//926 6//6 5//5
f 926//926 5//5 927//927
f 3//3 2//2 928//928
f 927//927 3//3 928//928
f 9//9 926//926 925//925
f 924//924 12//12 10//10
f 924//924 10//10 925//925
f 923//923 14//14 13//13
f 923//923 13//13 924//924
f 921//921 20//20 19//19
f 921//921 19//19 922//922
f 920//920 24//24 22//22
f 920//920 22//22 921//921
f 922//922 17//17 16//16
f 922//922 16//16 923//923
f 5//5 3//3 927//927
f 926//926 7//7 6//6
f 925//925 10//10 9//9
f 926//926 9//9 7//7
f 923//923 16//16 14//14
f 922//922 19//19 17//17
f 921//921 22//22 20//20
f 924//924 13//13 12//12
f 919//919 27//27 25//25
f 919//919 25//25 920//920
f 918//918 29//29 28//28
f 918//918 28//28 919//919
f 917//917 48//48 41//41
f 917//917 41//41 918//918
f 53//53 916//916 915//915
f 914//914 60//60 56//56
f 914//914 56//56 915//915
f 916//916 51//51 917//917
f 912//912 72//72 70//70
f 912//912 70//70 913//913
f 73//73 912//912 911//911
f 79//79 910//910 909//909
f 908//908 82//82 80//80
f 908//908 80//80 909//909
f 910//910 75//75 74//74
f 910//910 74//74 911//911
f 913//913 68//68 914//914
f 906//906 87//87 86//86
f 906//906 86//86 907//907
f 904//904 95//95 94//94
f 904//904 94//94 905//905
f 902//902 100//100 98//98
f 902//902 98//98 903//903
f 901//901 107//107 105//105
f 901//901 105//105 902//902
f 903//903 97//97 95//95
f 903//903 95//95 904//904
f 900//900 899//899 112//112
f 898//898 116//116 114//114
f 898//898 114//114 899//899
f 121//121 897//897 928//928
f 897//897 896//896 928//928
f 898//898 897//897 119//119
f 901//901 900//900 110//110
f 907//907 85//85 83//83
f 907//907 83//83 908//908
f 905//905 92//92 90//90
f 905//905 90//90 906//906
f 920//920 25//25 24//24
f 918//918 41//41 29//29
f 919//919 28//28 27//27
f 917//917 49//49 48//48
f 917//917 51//51 49//49
f 916//916 53//53 52//52
f 915//915 56//56 53//53
f 916//916 52//52 51//51
f 914//914 66//66 60//60
f 914//914 68//68 66//66
f 913//913 70//70 69//69
f 913//913 69//69 68//68
f 911//911 74//74 73//73
f 910//910 79//79 77//77
f 909//909 80//80 79//79
f 910//910 77//77 75//75
f 912//912 73//73 72//72
f 907//907 86//86 85//85
f 906//906 89//89 87//87
f 906//906 90//90 89//89
f 905//905 94//94 92//92
f 903//903 98//98 97//97
f 902//902 105//105 104//104
f 900//900 111//111 110//110
f 900//900 112//112 111//111
f 901//901 110//110 107//107
f 898//898 117//117 116//116
f 897//897 120//120 119//119
f 928//928 2//2 121//121
f 897//897 121//121 120//120
f 898//898 119//119 117//117
f 899//899 114//114 112//112
f 902//902 104//104 100//100
f 908//908 83//83 82//82
f 929//929 930//930 931//931
f 929//929 931//931 932//932
f 933//933 932//932 934//934
f 933//933 934//934 935//935
f 936//936 937//937 938//938
f 936//936 938//938 939//939
f 936//936 939//939 940//940
f 936//936 940//940 941//941
f 936//936 941//941 942//942
f 936//936 942//942 943//943
f 936//936 943//943 944//944
f 936//936 944//944 945//945
f 936//936 945//945 946//946
f 936//936 946//946 947//947
f 936//936 947//947 948//948
f 936//936 948//948 949//949
f 936//936 949//949 950//950
f 936//936 950//950 951//951
f 936//936 951//951 952//952
f 936//936 952//952 937//937
f 953//953 954//954 955//955
f 953//953 955//955 956//956
f 957//957 958//958 953//953
f 957//957 953//953 956//956
f 934//934 931//931 957//957
f 934//934 957//957 956//956
f 934//934 956//956 955//955
f 934//934 955//955 959//959
f 960//960 961//961 957//957
f 960//960 957//957 930//930
f 962//962 963//963 958//958
f 962//962 958//958 961//961
f 964//964 965//965 953//953
f 964//964 953//953 963//963
f 966//966 967//967 954//954
f 966//966 954//954 965//965
f 968//968 969//969 955//955
f 968//968 955//955 967//967
f 969//969 970//970 935//935
f 969//969 935//935 959//959
f 971//971 944//944 972//972
f 971//971 972//972 973//973
f 974//974 971//971 973//973
f 974//974 973//973 975//975
f 976//976 974//974 975//975
f 976//976 975//975 977//977
f 978//978 976//976 977//977
f 978//978 977//977 979//979
f 980//980 978//978 979//979
f 980//980 979//979 981//981
f 982//982 980//980 981//981
f 982//982 981//981 983//983
f 984//984 982//982 983//983
f 984//984 983//983 985//985
f 946//946 984//984 985//985
f 946//946 985//985 986//986
f 987//987 946//946 986//986
f 987//987 986//986 988//988
f 989//989 987//987 988//988
f 989//989 988//988 990//990
f 991//991 989//989 990//990
f 991//991 990//990 992//992
f 993//993 991//991 992//992
f 993//993 992//992 994//994
f 995//995 993//993 994//994
f 995//995 994//994 996//996
f 997//997 995//995 996//996
f 997//997 996//996 998//998
f 999//999 997//997 998//998
f 999//999 998//998 1000//1000
f 948//948 999//999 1000//1000
f 948//948 1000//1000 1001//1001
f 1002//1002 948//948 1001//1001
f 1002//1002 1001//1001 1003//1003
f 1004//1004 1002//1002 1003//1003
f 1004//1004 1003//1003 1005//1005
f 1006//1006 1004//1004 1005//1005
f 1006//1006 1005//1005 1007//1007
f 1008//1008 1006//1006 1007//1007
f 1008//1008 1007//1007 1009//1009
f 1010//1010 1008//1008 1009//1009
f 1010//1010 1009//1009 1011//1011
f 1012//1012 1010//1010 1011//1011
f 1012//1012 1011//1011 1013//1013
f 1014//1014 1012//1012 1013//1013
f 1014//1014 1013//1013 1015//1015
f 950//950 1014//1014 1015//1015
f 950//950 1015//1015 1016//1016
f 1017//1017 950//950 1016//1016
f 1017//1017 1016//1016 1018//1018
f 1019//1019 1017//1017 1018//1018
f 1019//1019 1018//1018 1020//1020
f 1021//1021 1019//1019 1020//1020
f 1021//1021 1020//1020 1022//1022
f 1023//1023 1021//1021 1022//1022
f 1023//1023 1022//1022 1024//1024
f 1025//1025 1023//1023 1024//1024
f 1025//1025 1024//1024 1026//1026
f 1027//1027 1025//1025 1026//1026
f 1027//1027 1026//1026 1028//1028
f 1029//1029 1027//1027 1028//1028
f 1029//1029 1028//1028 1030//1030
f 952//952 1029//1029 1030//1030
f 952//952 1030//1030 1031//1031
f 1032//1032 952//952 1031//1031
f 1032//1032 1031//1031 1033//1033
f 1034//1034 1032//1032 1033//1033
f 1034//1034 1033//1033 1035//1035
f 1036//1036 1034//1034 1035//1035
f 1036//1036 1035//1035 1037//1037
f 1038//1038 1036//1036 1037//1037
f 1038//1038 1037//1037 1039//1039
f 1040//1040 1038//1038 1039//1039
f 1040//1040 1039//1039 1041//1041
f 1042//1042 1040//1040 1041//1041
f 1042//1042 1041//1041 1043//1043
f 1044//1044 1042//1042 1043//1043
f 1044//1044 1043//1043 1045//1045
f 938//938 1044//1044 1045//1045
f 938//938 1045//1045 1046//1046
f 1047//1047 938//938 1046//1046
f 1047//1047 1046//1046 1048//1048
f 1049//1049 1047//1047 1048//1048
f 1049//1049 1048//1048 1050//1050
f 1051//1051 1049//1049 1050//1050
f 1051//1051 1050//1050 1052//1052
f 1053//1053 1051//1051 1052//1052
f 1053//1053 1052//1052 1054//1054
f 1055//1055 1053//1053 1054//1054
f 1055//1055 1054//1054 1056//1056
f 1057//1057 1055//1055 1056//1056
f 1057//1057 1056//1056 1058//1058
f 1059//1059 1057//1057 1058//1058
f 1059//1059 1058//1058 1060//1060
f 940//940 1059//1059 1060//1060
f 940//940 1060//1060 1061//1061
f 1062//1062 940//940 1061//1061
f 1062//1062 1061//1061 1063//1063
f 1064//1064 1062//1062 1063//1063
f 1064//1064 1063//1063 1065//1065
f 1066//1066 1064//1064 1065//1065
f 1066//1066 1065//1065 1067//1067
f 1068//1068 1066//1066 1067//1067
f 1068//1068 1067//1067 1069//1069
f 1070//1070 1068//1068 1069//1069
f 1070//1070 1069//1069 1071//1071
f 1072//1072 1070//1070 1071//1071
f 1072//1072 1071//1071 1073//1073
f 1074//1074 1072//1072 1073//1073
f 1074//1074 1073//1073 1075//1075
f 942//942 1074//1074 1075//1075
f 942//942 1075//1075 1076//1076
f 1077//1077 942//942 1076//1076
f 1077//1077 1076//1076 1078//1078
f 1079//1079 1077//1077 1078//1078
f 1079//1079 1078//1078 1080//1080
f 1081//1081 1079//1079 1080//1080
f 1081//1081 1080//1080 1082//1082
f 1083//1083 1081//1081 1082//1082
f 1083//1083 1082//1082 1084//1084
f 1085//1085 1083//1083 1084//1084
f 1085//1085 1084//1084 1086//1086
f 1087//1087 1085//1085 1086//1086
f 1087//1087 1086//1086 1088//1088
f 1089//1089 1087//1087 1088//1088
f 1089//1089 1088//1088 1090//1090
f 944//944 1089//1089 1090//1090
f 944//944 1090//1090 972//972
f 973//973 972//972 960//960
f 973//973 960//960 1091//1091
f 975//975 973//973 1091//1091
f 975//975 1091//1091 1092//1092
f 977//977 975//975 1092//1092
f 977//977 1092//1092 1093//1093
f 979//979 977//977 1093//1093
f 979//979 1093//1093 1094//1094
f 981//981 979//979 1094//1094
f 981//981 1094//1094 1095//1095
f 983//983 981//981 1095//1095
f 983//983 1095//1095 1096//1096
f 985//985 983//983 1096//1096
f 985//985 1096//1096 1097//1097
f 986//986 985//985 1097//1097
f 986//986 1097//1097 929//929
f 988//988 986//986 929//929
f 988//988 929//929 1098//1098
f 990//990 988//988 1098//1098
f 990//990 1098//1098 1099//1099
f 992//992 990//990 1099//1099
f 992//992 1099//1099 1100//1100
f 994//994 992//992 1100//1100
f 994//994 1100//1100 1101//1101
f 996//996 994//994 1101//1101
f 996//996 1101//1101 1102//1102
f 998//998 996//996 1102//1102
f 998//998 1102//1102 1103//1103
f 1000//1000 998//998 1103//1103
f 1000//1000 1103//1103 1104//1104
f 1001//1001 1000//1000 1104//1104
f 1001//1001 1104//1104 933//933
f 1003//1003 1001//1001 933//933
f 1003//1003 933//933 1105//1105
f 1005//1005 1003//1003 1105//1105
f 1005//1005 1105//1105 1106//1106
f 1007//1007 1005//1005 1106//1106
f 1007//1007 1106//1106 1107//1107
f 1009//1009 1007//1007 1107//1107
f 1009//1009 1107//1107 1108//1108
f 1011//1011 1009//1009 1108//1108
f 1011//1011 1108//1108 1109//1109
f 1013//1013 1011//1011 1109//1109
f 1013//1013 1109//1109 1110//1110
f 1015//1015 1013//1013 1110//1110
f 1015//1015 1110//1110 1111//1111
f 1016//1016 1015//1015 1111//1111
f 1016//1016 1111//1111 970//970
f 1018//1018 1016//1016 970//970
f 1018//1018 970//970 1112//1112
f 1020//1020 1018//1018 1112//1112
f 1020//1020 1112//1112 1113//1113
f 1022//1022 1020//1020 1113//1113
f 1022//1022 1113//1113 1114//1114
f 1024//1024 1022//1022 1114//1114
f 1024//1024 1114//1114 1115//1115
f 1026//1026 1024//1024 1115//1115
f 1026//1026 1115//1115 1116//1116
f 1028//1028 1026//1026 1116//1116
f 1028//1028 1116//1116 1117//1117
f 1030//1030 1028//1028 1117//1117
f 1030//1030 1117//1117 1118//1118
f 1031//1031 1030//1030 1118//1118
f 1031//1031 1118//1118 968//968
f 1115//1115 969//969 1116//1116
f 961//961 958//958 957//957
f 963//963 953//953 958//958
f 965//965 954//954 953//953
f 967//967 955//955 954//954
f 969//969 959//959 955//955
f 935//935 934//934 959//959
f 932//932 931//931 934//934
f 930//930 957//957 931//931
f 1119//1119 961//961 1120//1120
f 1121//1121 1120//1120 961//961
f 1121//1121 961//961 1122//1122
f 960//960 1122//1122 961//961
f 1123//1123 1124//1124 961//961
f 962//962 961//961 1124//1124
f 1119//1119 1125//1125 961//961
f 1123//1123 961//961 1125//1125
f 1126//1126 963//963 1127//1127
f 1128//1128 1127//1127 963//963
f 1128//1128 963//963 1129//1129
f 962//962 1129//1129 963//963
f 1130//1130 1131//1131 963//963
f 964//964 963//963 1131//1131
f 1126//1126 1132//1132 963//963
f 1130//1130 963//963 1132//1132
f 1133//1133 965//965 1134//1134
f 1135//1135 1134//1134 965//965
f 1135//1135 965//965 1136//1136
f 964//964 1136//1136 965//965
f 1137//1137 1138//1138 965//965
f 966//966 965//965 1138//1138
f 1133//1133 1139//1139 965//965
f 1137//1137 965//965 1139//1139
f 1140//1140 967//967 1141//1141
f 1142//1142 1141//1141 967//967
f 1142//1142 967//967 1143//1143
f 966//966 1143//1143 967//967
f 1144//1144 1145//1145 967//967
f 968//968 967//967 1145//1145
f 1140//1140 1146//1146 967//967
f 1144//1144 967//967 1146//1146
f 1117//1117 1116//1116 969//969
f 1117//1117 969//969 1118//1118
f 968//968 1118//1118 969//969
f 1113//1113 1112//1112 969//969
f 970//970 969//969 1112//1112
f 1115//1115 1114//1114 969//969
f 1113//1113 969//969 1114//1114
f 1108//1108 935//935 1109//1109
f 1110//1110 1109//1109 935//935
f 1110//1110 935//935 1111//1111
f 970//970 1111//1111 935//935
f 1106//1106 1105//1105 935//935
f 933//933 935//935 1105//1105
f 1108//1108 1107//1107 935//935
f 1106//1106 935//935 1107//1107
f 1101//1101 932//932 1102//1102
f 1103//1103 1102//1102 932//932
f 1103//1103 932//932 1104//1104
f 933//933 1104//1104 932//932
f 1099//1099 1098//1098 932//932
f 929//929 932//932 1098//1098
f 1101//1101 1100//1100 932//932
f 1099//1099 932//932 1100//1100
f 1094//1094 930//930 1095//1095
f 1096//1096 1095//1095 930//930
f 1096//1096 930//930 1097//1097
f 929//929 1097//1097 930//930
f 1092//1092 1091//1091 930//930
f 960//960 930//930 1091//1091
f 1094//1094 1093//1093 930//930
f 1092//1092 930//930 1093//1093
f 1087//1087 1089//1089 943//943
f 944//944 943//943 1089//1089
f 1083//1083 1085//1085 943//943
f 1087//1087 943//943 1085//1085
f 1083//1083 943//943 1081//1081
f 1079//1079 1081//1081 943//943
f 1079//1079 943//943 1077//1077
f 942//942 1077//1077 943//943
f 1072//1072 1074//1074 941//941
f 942//942 941//941 1074//1074
f 1068//1068 1070//1070 941//941
f 1072//1072 941//941 1070//1070
f 1068//1068 941//941 1066//1066
f 1064//1064 1066//1066 941//941
f 1064//1064 941//941 1062//1062
f 940//940 1062//1062 941//941
f 1057//1057 1059//1059 939//939
f 940//940 939//939 1059//1059
f 1053//1053 1055//1055 939//939
f 1057//1057 939//939 1055//1055
f 1053//1053 939//939 1051//1051
f 1049//1049 1051//1051 939//939
f 1049//1049 939//939 1047//1047
f 938//938 1047//1047 939//939
f 1042//1042 1044//1044 937//937
f 938//938 937//937 1044//1044
f 1038//1038 1040//1040 937//937
f 1042//1042 937//937 1040//1040
f 1038//1038 937//937 1036//1036
f 1034//1034 1036//1036 937//937
f 1034//1034 937//937 1032//1032
f 952//952 1032//1032 937//937
f 1027//1027 1029//1029 951//951
f 952//952 951//951 1029//1029
f 1023//1023 1025//1025 951//951
f 1027//1027 951//951 1025//1025
f 1023//1023 951//951 1021//1021
f 1019//1019 1021//1021 951//951
f 1019//1019 951//951 1017//1017
f 950//950 1017//1017 951//951
f 1012//1012 1014//1014 949//949
f 950//950 949//949 1014//1014
f 1008//1008 1010//1010 949//949
f 1012//1012 949//949 1010//1010
f 1008//1008 949//949 1006//1006
f 1004//1004 1006//1006 949//949
f 1004//1004 949//949 1002//1002
f 948//948 1002//1002 949//949
f 997//997 999//999 947//947
f 948//948 947//947 999//999
f 993//993 995//995 947//947
f 997//997 947//947 995//995
f 993//993 947//947 991//991
f 989//989 991//991 947//947
f 989//989 947//947 987//987
f 946//946 987//987 947//947
f 982//982 984//984 945//945
f 946//946 945//945 984//984
f 978//978 980//980 945//945
f 982//982 945//945 980//980
f 978//978 945//945 976//976
f 974//974 976//976 945//945
f 974//974 945//945 971//971
f 944//944 971//971 945//945
f 972//972 1090//1090 1122//1122
f 972//972 1122//1122 960//960
f 1090//1090 1088//1088 1121//1121
f 1090//1090 1121//1121 1122//1122
f 1088//1088 1086//1086 1120//1120
f 1088//1088 1120//1120 1121//1121
f 1086//1086 1084//1084 1119//1119
f 1086//1086 1119//1119 1120//1120
f 1084//1084 1082//1082 1125//1125
f 1084//1084 1125//1125 1119//1119
f 1082//1082 1080//1080 1123//1123
f 1082//1082 1123//1123 1125//1125
f 1080//1080 1078//1078 1124//1124
f 1080//1080 1124//1124 1123//1123
f 1078//1078 1076//1076 962//962
f 1078//1078 962//962 1124//1124
f 1076//1076 1075//1075 1129//1129
f 1076//1076 1129//1129 962//962
f 1075//1075 1073//1073 1128//1128
f 1075//1075 1128//1128 1129//1129
f 1073//1073 1071//1071 1127//1127
f 1073//1073 1127//1127 1128//1128
f 1071//1071 1069//1069 1126//1126
f 1071//1071 1126//1126 1127//1127
f 1069//1069 1067//1067 1132//1132
f 1069//1069 1132//1132 1126//1126
f 1067//1067 1065//1065 1130//1130
f 1067//1067 1130//1130 1132//1132
f 1065//1065 1063//1063 1131//1131
f 1065//1065 1131//1131 1130//1130
f 1063//1063 1061//1061 964//964
f 1063//1063 964//964 1131//1131
f 1061//1061 1060//1060 1136//1136
f 1061//1061 1136//1136 964//964
f 1060//1060 1058//1058 1135//1135
f 1060//1060 1135//1135 1136//1136
f 1058//1058 1056//1056 1134//1134
f 1058//1058 1134//1134 1135//1135
f 1056//1056 1054//1054 1133//1133
f 1056//1056 1133//1133 1134//1134
f 1054//1054 1052//1052 1139//1139
f 1054//1054 1139//1139 1133//1133
f 1052//1052 1050//1050 1137//1137
f 1052//1052 1137//1137 1139//1139
f 1050//1050 1048//1048 1138//1138
f 1050//1050 1138//1138 1137//1137
f 1048//1048 1046//1046 966//966
f 1048//1048 966//966 1138//1138
f 1046//1046 1045//1045 1143//1143
f 1046//1046 1143//1143 966//966
f 1045//1045 1043//1043 1142//1142
f 1045//1045 1142//1142 1143//1143
f 1043//1043 1041//1041 1141//1141
f 1043//1043 1141//1141 1142//1142
f 1041//1041 1039//1039 1140//1140
f 1041//1041 1140//1140 1141//1141
f 1039//1039 1037//1037 1146//1146
f 1039//1039 1146//1146 1140//1140
f 1037//1037 1035//1035 1144//1144
f 1037//1037 1144//1144 1146//1146
f 1035//1035 1033//1033 1145//1145
f 1035//1035 1145//1145 1144//1144
f 1033//1033 1031//1031 968//968
f 1033//1033 968//968 1145//1145
