# Blender 4.3.2
# www.blender.org
o 2
v -1.250611 1.320000 -1.298598
v -1.250611 1.320000 -1.499223
v -1.295435 1.320000 -1.499223
v -1.295435 1.320000 -1.298598
v -1.335000 1.320000 -1.499223
v -1.335000 1.320000 -1.499223
v -1.335000 1.320000 -1.298598
v -1.335000 1.320000 -1.298598
v -1.068727 1.320000 -1.298598
v -1.068727 1.320000 -1.499223
v -1.113371 1.320000 -1.499223
v -1.113371 1.320000 -1.298598
v -1.157223 1.320000 -1.499223
v -1.157223 1.320000 -1.298598
v -0.980075 1.320000 -1.298598
v -0.980075 1.320000 -1.499223
v -1.024195 1.320000 -1.499223
v -1.024195 1.320000 -1.298598
v -0.891243 1.320000 -1.298598
v -0.891243 1.320000 -1.499223
v -0.934756 1.320000 -1.499223
v -0.934756 1.320000 -1.298598
v -0.714796 1.319481 -1.298598
v -0.714796 1.319481 -1.298598
v -0.714796 1.319481 -1.499223
v -0.714796 1.319481 -1.499223
v -0.714796 1.319481 -1.499223
v -0.752376 1.319981 -1.499223
v -0.752376 1.319981 -1.499223
v -0.752376 1.319981 -1.499223
v -0.752376 1.319981 -1.298598
v -0.752376 1.319981 -1.298598
v -0.752376 1.319981 -1.298598
v -0.800139 1.320000 -1.499223
v -0.800139 1.320000 -1.499223
v -0.800139 1.320000 -1.298598
v -0.800139 1.320000 -1.298598
v -0.649161 1.304132 -1.499223
v -0.649161 1.304132 -1.499223
v -0.649161 1.304132 -1.499223
v -0.649161 1.304132 -1.499223
v -0.649161 1.304132 -1.499223
v -0.663315 1.312662 -1.499223
v -0.663315 1.312662 -1.499223
v -0.663315 1.312662 -1.499223
v -0.663315 1.312662 -1.499223
v -0.663315 1.312662 -1.298598
v -0.663315 1.312662 -1.298598
v -0.663315 1.312662 -1.298598
v -0.663315 1.312662 -1.298598
v -0.640742 1.290710 -1.298598
v -0.640742 1.290710 -1.298598
v -0.640742 1.290710 -1.298598
v -0.640742 1.290710 -1.298598
v -0.640742 1.290710 -1.499223
v -0.640742 1.290710 -1.499223
v -0.640742 1.290710 -1.499223
v -0.640742 1.290710 -1.599535
v -0.640742 1.290710 -1.599535
v -0.649161 1.304132 -1.599535
v -0.649161 1.304132 -1.599535
v -0.649161 1.304132 -1.599535
v -0.649161 1.304132 -1.599535
v -0.663315 1.312662 -1.599535
v -0.663315 1.312662 -1.599535
v -0.663315 1.312662 -1.599535
v -0.663315 1.312662 -1.599535
v -0.635000 1.196003 -1.298598
v -0.635000 1.196003 -1.298598
v -0.635000 1.196003 -1.499223
v -0.635000 1.196003 -1.499223
v -0.635405 1.254305 -1.499223
v -0.635405 1.254305 -1.499223
v -0.635405 1.254305 -1.499223
v -0.635405 1.254305 -1.298598
v -0.635405 1.254305 -1.298598
v -0.635405 1.254305 -1.298598
v -0.635000 1.111702 -1.298598
v -0.635000 1.111702 -1.499223
v -0.635000 1.156208 -1.499223
v -0.635000 1.156208 -1.298598
v -0.635000 0.933052 -1.298598
v -0.635000 0.933052 -1.499223
v -0.635000 0.977047 -1.499223
v -0.635000 0.977047 -1.298598
v -0.635000 1.021786 -1.499223
v -0.635000 1.021786 -1.298598
v -0.635000 0.844120 -1.298598
v -0.635000 0.844120 -1.499223
v -0.635000 0.886742 -1.499223
v -0.635000 0.886742 -1.298598
v -0.635827 0.752281 -1.298598
v -0.635827 0.752281 -1.298598
v -0.635827 0.752281 -1.499223
v -0.635827 0.752281 -1.499223
v -0.635002 0.791246 -1.499223
v -0.635002 0.791246 -1.499223
v -0.635002 0.791246 -1.499223
v -0.635002 0.791246 -1.298598
v -0.635002 0.791246 -1.298598
v -0.635002 0.791246 -1.298598
v -0.635002 0.791246 -1.298598
v -0.660917 0.703287 -1.298598
v -0.660917 0.703287 -1.298598
v -0.660917 0.703287 -1.298598
v -0.682949 0.697823 -1.298598
v -0.682949 0.697823 -1.298598
v -0.682949 0.697823 -1.499223
v -0.682949 0.697823 -1.499223
v -0.682949 0.697823 -1.499223
v -0.682949 0.697823 -1.499223
v -0.660917 0.703287 -1.499223
v -0.660917 0.703287 -1.499223
v -0.660917 0.703287 -1.499223
v -0.646942 0.713274 -1.499223
v -0.646942 0.713274 -1.499223
v -0.646942 0.713274 -1.298598
v -0.646942 0.713274 -1.298598
v -0.682949 0.697823 -1.599535
v -0.682949 0.697823 -1.599535
v -0.682949 0.697823 -1.599535
v -0.660917 0.703287 -1.599535
v -0.660917 0.703287 -1.599535
v -0.660917 0.703287 -1.599535
v -0.660917 0.703287 -1.599535
v -0.646942 0.713274 -1.599535
v -0.646942 0.713274 -1.599535
v -0.639190 0.729151 -1.599535
v -0.639190 0.729151 -1.599535
v -0.639190 0.729151 -1.599535
v -0.639190 0.729151 -1.499223
v -0.639190 0.729151 -1.499223
v -0.635827 0.752281 -1.599535
v -0.635827 0.752281 -1.599535
v -0.639190 0.729151 -1.298598
v -0.639190 0.729151 -1.298598
v -0.775000 0.695000 -1.298598
v -0.775000 0.695000 -1.298598
v -0.775000 0.695000 -1.499223
v -0.775000 0.695000 -1.499223
v -0.720925 0.695352 -1.499223
v -0.720925 0.695352 -1.499223
v -0.720925 0.695352 -1.499223
v -0.720925 0.695352 -1.499223
v -0.720925 0.695352 -1.298598
v -0.720925 0.695352 -1.298598
v -0.720925 0.695352 -1.298598
v -0.720925 0.695352 -1.298598
v -0.720925 0.695352 -1.298598
v -0.859389 0.695000 -1.298598
v -0.859389 0.695000 -1.298598
v -0.859389 0.695000 -1.499223
v -0.814565 0.695000 -1.499223
v -0.814565 0.695000 -1.298598
v -1.041273 0.695000 -1.298598
v -1.041273 0.695000 -1.499223
v -0.996629 0.695000 -1.499223
v -0.996629 0.695000 -1.298598
v -0.952778 0.695000 -1.499223
v -0.952778 0.695000 -1.298598
v -1.129925 0.695000 -1.298598
v -1.129925 0.695000 -1.499223
v -1.085805 0.695000 -1.499223
v -1.085805 0.695000 -1.298598
v -1.218757 0.695000 -1.298598
v -1.218757 0.695000 -1.499223
v -1.175244 0.695000 -1.499223
v -1.175244 0.695000 -1.298598
v -1.395204 0.695520 -1.298598
v -1.395204 0.695520 -1.298598
v -1.395204 0.695520 -1.298598
v -1.395204 0.695520 -1.499223
v -1.395204 0.695520 -1.499223
v -1.395204 0.695520 -1.499223
v -1.357624 0.695021 -1.499223
v -1.357624 0.695021 -1.499223
v -1.357624 0.695021 -1.499223
v -1.357624 0.695021 -1.499223
v -1.357624 0.695021 -1.298598
v -1.357624 0.695021 -1.298598
v -1.357624 0.695021 -1.298598
v -1.357624 0.695021 -1.298598
v -1.309860 0.695000 -1.499223
v -1.309860 0.695000 -1.499223
v -1.309860 0.695000 -1.499223
v -1.309860 0.695000 -1.298598
v -1.309860 0.695000 -1.298598
v -1.460839 0.710869 -1.499223
v -1.460839 0.710869 -1.499223
v -1.460839 0.710869 -1.499223
v -1.460839 0.710869 -1.499223
v -1.460839 0.710869 -1.499223
v -1.446684 0.702339 -1.499223
v -1.446684 0.702339 -1.499223
v -1.446684 0.702339 -1.499223
v -1.446684 0.702339 -1.298598
v -1.446684 0.702339 -1.298598
v -1.446684 0.702339 -1.298598
v -1.446684 0.702339 -1.298598
v -1.446684 0.702339 -1.298598
v -1.469258 0.724291 -1.298598
v -1.469258 0.724291 -1.298598
v -1.469258 0.724291 -1.298598
v -1.469258 0.724291 -1.298598
v -1.469258 0.724291 -1.499223
v -1.469258 0.724291 -1.499223
v -1.469258 0.724291 -1.499223
v -1.469258 0.724291 -1.599535
v -1.469258 0.724291 -1.599535
v -1.469258 0.724291 -1.599535
v -1.460839 0.710869 -1.599535
v -1.460839 0.710869 -1.599535
v -1.460839 0.710869 -1.599535
v -1.460839 0.710869 -1.599535
v -1.460839 0.710869 -1.599535
v -1.446684 0.702339 -1.599535
v -1.446684 0.702339 -1.599535
v -1.446684 0.702339 -1.599535
v -1.475000 0.818996 -1.298598
v -1.475000 0.818996 -1.298598
v -1.475000 0.818996 -1.499223
v -1.475000 0.818996 -1.499223
v -1.474596 0.760696 -1.499223
v -1.474596 0.760696 -1.499223
v -1.474596 0.760696 -1.499223
v -1.474596 0.760696 -1.499223
v -1.474596 0.760696 -1.298598
v -1.474596 0.760696 -1.298598
v -1.474596 0.760696 -1.298598
v -1.475000 0.903297 -1.298598
v -1.475000 0.903297 -1.499223
v -1.475000 0.858793 -1.499223
v -1.475000 0.858793 -1.298598
v -1.475000 1.081949 -1.298598
v -1.475000 1.081949 -1.499223
v -1.475000 1.037954 -1.499223
v -1.475000 1.037954 -1.298598
v -1.475000 0.993214 -1.499223
v -1.475000 0.993214 -1.298598
v -1.475000 1.170881 -1.298598
v -1.475000 1.170881 -1.499223
v -1.475000 1.128260 -1.499223
v -1.475000 1.128260 -1.298598
v -1.474174 1.262720 -1.298598
v -1.474174 1.262720 -1.298598
v -1.474174 1.262720 -1.298598
v -1.474174 1.262720 -1.298598
v -1.474174 1.262720 -1.499223
v -1.474174 1.262720 -1.499223
v -1.474998 1.223753 -1.499223
v -1.474998 1.223753 -1.499223
v -1.474998 1.223753 -1.499223
v -1.474998 1.223753 -1.298598
v -1.474998 1.223753 -1.298598
v -1.474998 1.223753 -1.298598
v -1.449083 1.311714 -1.499223
v -1.449083 1.311714 -1.499223
v -1.449083 1.311714 -1.499223
v -1.449083 1.311714 -1.499223
v -1.449083 1.311714 -1.499223
v -1.463058 1.301725 -1.499223
v -1.463058 1.301725 -1.499223
v -1.463058 1.301725 -1.298598
v -1.463058 1.301725 -1.298598
v -1.463058 1.301725 -1.298598
v -1.463058 1.301725 -1.298598
v -1.463058 1.301725 -1.298598
v -1.463058 1.301725 -1.298598
v -1.427051 1.317179 -1.298598
v -1.427051 1.317179 -1.298598
v -1.427051 1.317179 -1.298598
v -1.427051 1.317179 -1.298598
v -1.427051 1.317179 -1.499223
v -1.427051 1.317179 -1.499223
v -1.427051 1.317179 -1.499223
v -1.427051 1.317179 -1.499223
v -1.427051 1.317179 -1.599535
v -1.427051 1.317179 -1.599535
v -1.427051 1.317179 -1.599535
v -1.449083 1.311714 -1.599535
v -1.449083 1.311714 -1.599535
v -1.449083 1.311714 -1.599535
v -1.449083 1.311714 -1.599535
v -1.449083 1.311714 -1.599535
v -1.463058 1.301725 -1.599535
v -1.463058 1.301725 -1.599535
v -1.463058 1.301725 -1.599535
v -1.463058 1.301725 -1.599535
v -1.463058 1.301725 -1.599535
v -1.470811 1.285850 -1.599535
v -1.470811 1.285850 -1.599535
v -1.470811 1.285850 -1.599535
v -1.470811 1.285850 -1.599535
v -1.470811 1.285850 -1.499223
v -1.470811 1.285850 -1.499223
v -1.470811 1.285850 -1.499223
v -1.474174 1.262720 -1.599535
v -1.474174 1.262720 -1.599535
v -1.474174 1.262720 -1.599535
v -1.474174 1.262720 -1.599535
v -1.389075 1.319647 -1.499223
v -1.389075 1.319647 -1.499223
v -1.389075 1.319647 -1.499223
v -1.389075 1.319647 -1.499223
v -1.389075 1.319647 -1.298598
v -1.389075 1.319647 -1.298598
v -1.389075 1.319647 -1.298598
v -1.389075 1.319647 -1.298598
v -1.335000 1.320000 -0.897348
v -1.335000 1.320000 -0.897348
v -1.335000 1.320000 -0.897348
v -1.335000 1.320000 -0.897348
v -1.335000 1.320000 -0.897348
v -1.250611 1.320000 -0.897348
v -1.157223 1.320000 -0.897348
v -1.068727 1.320000 -0.897348
v -0.980075 1.320000 -0.897348
v -0.891243 1.320000 -0.897348
v -0.800139 1.320000 -0.897348
v -0.800139 1.320000 -0.897348
v -0.800139 1.320000 -0.897348
v -0.800139 1.320000 -0.897348
v -0.800139 1.320000 -0.897348
v -0.714796 1.319481 -1.097973
v -0.714796 1.319481 -1.097973
v -0.714796 1.319481 -1.097973
v -0.714796 1.319481 -1.097973
v -0.714796 1.319481 -0.897348
v -0.714796 1.319481 -0.897348
v -0.640742 1.290710 -0.897348
v -0.640742 1.290710 -0.897348
v -0.640742 1.290710 -1.097973
v -0.640742 1.290710 -1.097973
v -0.640742 1.290710 -1.097973
v -0.640742 1.290710 -1.097973
v -0.663315 1.312662 -1.097973
v -0.663315 1.312662 -1.097973
v -0.663315 1.312662 -0.897348
v -0.663315 1.312662 -0.897348
v -0.635000 1.196003 -0.897348
v -0.635000 1.196003 -0.897348
v -0.635000 1.196003 -0.897348
v -0.635000 1.196003 -0.897348
v -0.635000 1.196003 -0.897348
v -0.635000 1.111702 -0.897348
v -0.635000 1.067528 -0.897348
v -0.635000 1.021786 -0.897348
v -0.635000 0.977047 -0.897348
v -0.635000 0.933052 -0.897348
v -0.635155 0.770086 -1.097973
v -0.635155 0.770086 -1.097973
v -0.635155 0.770086 -1.097973
v -0.635155 0.770086 -1.097973
v -0.635155 0.770086 -1.097973
v -0.635155 0.770086 -1.097973
v -0.635827 0.752281 -1.097973
v -0.635827 0.752281 -1.097973
v -0.635827 0.752281 -1.198285
v -0.635827 0.752281 -1.198285
v -0.635827 0.752281 -1.198285
v -0.635827 0.752281 -1.198285
v -0.635827 0.752281 -1.198285
v -0.635827 0.752281 -1.198285
v -0.635002 0.791246 -1.097973
v -0.635002 0.791246 -1.097973
v -0.635002 0.791246 -1.097973
v -0.635000 0.844120 -1.097973
v -0.682949 0.697823 -1.047817
v -0.682949 0.697823 -1.047817
v -0.682949 0.697823 -1.047817
v -0.682949 0.697823 -1.047817
v -0.682949 0.697823 -1.097973
v -0.682949 0.697823 -1.097973
v -0.670811 0.700075 -1.097973
v -0.670811 0.700075 -1.097973
v -0.670811 0.700075 -1.097973
v -0.670811 0.700075 -1.097973
v -0.670811 0.700075 -1.047817
v -0.670811 0.700075 -1.047817
v -0.670811 0.700075 -1.047817
v -0.670811 0.700075 -1.047817
v -0.670811 0.700075 -1.047817
v -0.670811 0.700075 -1.047817
v -0.660917 0.703287 -1.097973
v -0.660917 0.703287 -1.097973
v -0.660917 0.703287 -1.097973
v -0.660917 0.703287 -1.097973
v -0.660917 0.703287 -1.097973
v -0.660917 0.703287 -1.047817
v -0.660917 0.703287 -1.047817
v -0.660917 0.703287 -1.047817
v -0.682949 0.697823 -1.198285
v -0.682949 0.697823 -1.198285
v -0.682949 0.697823 -1.198285
v -0.682949 0.697823 -1.198285
v -0.682949 0.697823 -1.198285
v -0.682949 0.697823 -1.198285
v -0.682949 0.697823 -1.198285
v -0.660917 0.703287 -1.198285
v -0.660917 0.703287 -1.198285
v -0.660917 0.703287 -1.198285
v -0.660917 0.703287 -1.198285
v -0.660917 0.703287 -1.198285
v -0.660917 0.703287 -1.198285
v -0.646942 0.713274 -1.198285
v -0.646942 0.713274 -1.198285
v -0.646942 0.713274 -1.198285
v -0.646942 0.713274 -1.198285
v -0.646942 0.713274 -1.198285
v -0.646942 0.713274 -1.198285
v -0.653037 0.707630 -1.097973
v -0.653037 0.707630 -1.097973
v -0.653037 0.707630 -1.097973
v -0.653037 0.707630 -1.097973
v -0.653037 0.707630 -1.097973
v -0.653037 0.707630 -1.097973
v -0.646942 0.713274 -1.097973
v -0.646942 0.713274 -1.097973
v -0.646942 0.713274 -1.097973
v -0.646942 0.713274 -1.097973
v -0.646942 0.713274 -1.097973
v -0.642402 0.720392 -1.097973
v -0.642402 0.720392 -1.097973
v -0.642402 0.720392 -1.097973
v -0.642402 0.720392 -1.097973
v -0.642402 0.720392 -1.097973
v -0.642402 0.720392 -1.097973
v -0.639190 0.729151 -1.198285
v -0.639190 0.729151 -1.198285
v -0.639190 0.729151 -1.198285
v -0.639190 0.729151 -1.198285
v -0.639190 0.729151 -1.198285
v -0.639190 0.729151 -1.198285
v -0.639190 0.729151 -1.097973
v -0.639190 0.729151 -1.097973
v -0.639190 0.729151 -1.097973
v -0.637074 0.739723 -1.097973
v -0.637074 0.739723 -1.097973
v -0.637074 0.739723 -1.097973
v -0.637074 0.739723 -1.097973
v -0.642402 0.720392 -1.047817
v -0.642402 0.720392 -1.047817
v -0.642402 0.720392 -1.047817
v -0.642402 0.720392 -1.047817
v -0.642402 0.720392 -1.047817
v -0.639190 0.729151 -1.047817
v -0.639190 0.729151 -1.047817
v -0.639190 0.729151 -1.047817
v -0.639190 0.729151 -1.047817
v -0.639190 0.729151 -1.047817
v -0.637074 0.739723 -1.047817
v -0.637074 0.739723 -1.047817
v -0.637074 0.739723 -1.047817
v -0.637074 0.739723 -1.047817
v -0.637074 0.739723 -1.047817
v -0.635827 0.752281 -1.047817
v -0.635827 0.752281 -1.047817
v -0.635827 0.752281 -1.047817
v -0.635827 0.752281 -1.047817
v -0.775000 0.695000 -1.097973
v -0.775000 0.695000 -1.097973
v -0.775000 0.695000 -1.097973
v -0.775000 0.695000 -1.097973
v -0.775000 0.695000 -1.097973
v -0.720925 0.695352 -1.097973
v -0.720925 0.695352 -1.097973
v -0.720925 0.695352 -1.097973
v -0.720925 0.695352 -1.097973
v -0.700103 0.696192 -1.097973
v -0.700103 0.696192 -1.097973
v -0.700103 0.696192 -1.097973
v -0.700103 0.696192 -1.097973
v -0.700103 0.696192 -1.097973
v -0.700103 0.696192 -1.097973
v -0.996629 0.695000 -0.897348
v -1.041273 0.695000 -0.897348
v -0.952778 0.695000 -0.897348
v -1.085805 0.695000 -0.897348
v -1.129925 0.695000 -0.897348
v -1.218757 0.695000 -0.897348
v -1.309860 0.695000 -0.897348
v -1.309860 0.695000 -0.897348
v -1.309860 0.695000 -0.897348
v -1.309860 0.695000 -0.897348
v -1.309860 0.695000 -0.897348
v -1.395204 0.695520 -1.097973
v -1.395204 0.695520 -1.097973
v -1.395204 0.695520 -1.097973
v -1.395204 0.695520 -1.097973
v -1.395204 0.695520 -1.097973
v -1.395204 0.695520 -0.897348
v -1.395204 0.695520 -0.897348
v -1.395204 0.695520 -0.897348
v -1.469258 0.724291 -0.897348
v -1.469258 0.724291 -0.897348
v -1.469258 0.724291 -1.097973
v -1.469258 0.724291 -1.097973
v -1.469258 0.724291 -1.097973
v -1.469258 0.724291 -1.097973
v -1.446684 0.702339 -1.097973
v -1.446684 0.702339 -1.097973
v -1.446684 0.702339 -1.097973
v -1.446684 0.702339 -0.897348
v -1.446684 0.702339 -0.897348
v -1.446684 0.702339 -0.897348
v -1.475000 0.818996 -0.897348
v -1.475000 0.818996 -0.897348
v -1.475000 0.818996 -0.897348
v -1.475000 0.818996 -0.897348
v -1.475000 0.818996 -0.897348
v -1.475000 0.903297 -0.897348
v -1.475000 0.993214 -0.897348
v -1.475000 1.081949 -0.897348
v -1.475000 1.170881 -0.897348
v -1.475000 1.170881 -0.897348
v -1.475000 1.170881 -0.897348
v -1.475000 1.170881 -0.897348
v -1.474174 1.262720 -1.097973
v -1.474174 1.262720 -1.097973
v -1.474174 1.262720 -1.097973
v -1.474174 1.262720 -1.097973
v -1.474174 1.262720 -0.897348
v -1.474174 1.262720 -0.897348
v -1.427051 1.317179 -0.897348
v -1.427051 1.317179 -0.897348
v -1.427051 1.317179 -1.097973
v -1.427051 1.317179 -1.097973
v -1.427051 1.317179 -1.097973
v -1.427051 1.317179 -1.097973
v -1.463058 1.301725 -1.097973
v -1.463058 1.301725 -1.097973
v -1.463058 1.301725 -0.897348
v -1.463058 1.301725 -0.897348
v -1.295435 1.320000 -0.496098
v -1.250611 1.320000 -0.496098
v -1.335000 1.320000 -0.496098
v -1.335000 1.320000 -0.496098
v -1.157223 1.320000 -0.496098
v -1.113371 1.320000 -0.496098
v -1.068727 1.320000 -0.496098
v -1.024195 1.320000 -0.496098
v -0.980075 1.320000 -0.496098
v -0.934756 1.320000 -0.496098
v -0.891243 1.320000 -0.496098
v -0.800139 1.320000 -0.496098
v -0.800139 1.320000 -0.496098
v -0.752376 1.319981 -0.496098
v -0.752376 1.319981 -0.496098
v -0.752376 1.319981 -0.496098
v -0.714796 1.319481 -0.496098
v -0.714796 1.319481 -0.496098
v -0.714796 1.319481 -0.696723
v -0.714796 1.319481 -0.696723
v -0.714796 1.319481 -0.696723
v -0.714796 1.319481 -0.696723
v -0.640742 1.290710 -0.496098
v -0.640742 1.290710 -0.496098
v -0.640742 1.290710 -0.496098
v -0.640742 1.290710 -0.496098
v -0.640742 1.290710 -0.696723
v -0.640742 1.290710 -0.696723
v -0.640742 1.290710 -0.696723
v -0.640742 1.290710 -0.696723
v -0.663315 1.312662 -0.696723
v -0.663315 1.312662 -0.696723
v -0.663315 1.312662 -0.496098
v -0.663315 1.312662 -0.496098
v -0.663315 1.312662 -0.496098
v -0.663315 1.312662 -0.496098
v -0.635405 1.254305 -0.496098
v -0.635405 1.254305 -0.496098
v -0.635405 1.254305 -0.496098
v -0.635000 1.196003 -0.496098
v -0.635000 1.196003 -0.496098
v -0.635000 1.156208 -0.496098
v -0.635000 1.111702 -0.496098
v -0.635000 1.111702 -0.696723
v -0.635000 1.067528 -0.696723
v -1.041273 0.695000 -0.696723
v -0.996629 0.695000 -0.696723
v -0.996629 0.695000 -0.696723
v -1.129925 0.695000 -0.496098
v -1.129925 0.695000 -0.696723
v -1.085805 0.695000 -0.696723
v -1.085805 0.695000 -0.696723
v -1.085805 0.695000 -0.496098
v -1.085805 0.695000 -0.496098
v -1.175244 0.695000 -0.496098
v -1.218757 0.695000 -0.496098
v -1.309860 0.695000 -0.496098
v -1.309860 0.695000 -0.496098
v -1.309860 0.695000 -0.496098
v -1.357624 0.695021 -0.496098
v -1.357624 0.695021 -0.496098
v -1.357624 0.695021 -0.496098
v -1.357624 0.695021 -0.496098
v -1.395204 0.695520 -0.496098
v -1.395204 0.695520 -0.496098
v -1.395204 0.695520 -0.496098
v -1.395204 0.695520 -0.696723
v -1.395204 0.695520 -0.696723
v -1.395204 0.695520 -0.696723
v -1.395204 0.695520 -0.696723
v -1.395204 0.695520 -0.696723
v -1.469258 0.724291 -0.496098
v -1.469258 0.724291 -0.496098
v -1.469258 0.724291 -0.496098
v -1.469258 0.724291 -0.496098
v -1.469258 0.724291 -0.696723
v -1.469258 0.724291 -0.696723
v -1.469258 0.724291 -0.696723
v -1.469258 0.724291 -0.696723
v -1.446684 0.702339 -0.696723
v -1.446684 0.702339 -0.696723
v -1.446684 0.702339 -0.696723
v -1.446684 0.702339 -0.496098
v -1.446684 0.702339 -0.496098
v -1.446684 0.702339 -0.496098
v -1.446684 0.702339 -0.496098
v -1.446684 0.702339 -0.496098
v -1.474596 0.760696 -0.496098
v -1.474596 0.760696 -0.496098
v -1.474596 0.760696 -0.496098
v -1.475000 0.818996 -0.496098
v -1.475000 0.818996 -0.496098
v -1.475000 0.858793 -0.496098
v -1.475000 0.903297 -0.496098
v -1.475000 0.993214 -0.496098
v -1.475000 1.037954 -0.496098
v -1.475000 1.081949 -0.496098
v -1.475000 1.128260 -0.496098
v -1.475000 1.170881 -0.496098
v -1.474998 1.223753 -0.496098
v -1.474998 1.223753 -0.496098
v -1.474998 1.223753 -0.496098
v -1.474174 1.262720 -0.496098
v -1.474174 1.262720 -0.496098
v -1.474174 1.262720 -0.496098
v -1.474174 1.262720 -0.496098
v -1.474174 1.262720 -0.696723
v -1.474174 1.262720 -0.696723
v -1.474174 1.262720 -0.696723
v -1.474174 1.262720 -0.696723
v -1.427051 1.317179 -0.496098
v -1.427051 1.317179 -0.496098
v -1.427051 1.317179 -0.496098
v -1.427051 1.317179 -0.496098
v -1.427051 1.317179 -0.496098
v -1.427051 1.317179 -0.696723
v -1.427051 1.317179 -0.696723
v -1.427051 1.317179 -0.696723
v -1.427051 1.317179 -0.696723
v -1.463058 1.301725 -0.696723
v -1.463058 1.301725 -0.696723
v -1.463058 1.301725 -0.496098
v -1.463058 1.301725 -0.496098
v -1.463058 1.301725 -0.496098
v -1.463058 1.301725 -0.496098
v -1.463058 1.301725 -0.496098
v -1.463058 1.301725 -0.496098
v -1.389075 1.319647 -0.496098
v -1.389075 1.319647 -0.496098
v -1.389075 1.319647 -0.496098
v -1.389075 1.319647 -0.496098
v -1.250611 1.320000 -0.295473
v -1.295435 1.320000 -0.295473
v -1.335000 1.320000 -0.295473
v -1.335000 1.320000 -0.295473
v -1.068727 1.320000 -0.295473
v -1.113371 1.320000 -0.295473
v -1.157223 1.320000 -0.295473
v -0.980075 1.320000 -0.295473
v -1.024195 1.320000 -0.295473
v -0.891243 1.320000 -0.295473
v -0.934756 1.320000 -0.295473
v -0.714796 1.319481 -0.295473
v -0.714796 1.319481 -0.295473
v -0.752376 1.319981 -0.295473
v -0.752376 1.319981 -0.295473
v -0.752376 1.319981 -0.295473
v -0.800139 1.320000 -0.295473
v -0.800139 1.320000 -0.295473
v -0.640742 1.290710 -0.195160
v -0.640742 1.290710 -0.195160
v -0.640742 1.290710 -0.195160
v -0.640742 1.290710 -0.295473
v -0.640742 1.290710 -0.295473
v -0.649161 1.304132 -0.295473
v -0.649161 1.304132 -0.295473
v -0.649161 1.304132 -0.295473
v -0.649161 1.304132 -0.295473
v -0.649161 1.304132 -0.195160
v -0.649161 1.304132 -0.195160
v -0.649161 1.304132 -0.195160
v -0.649161 1.304132 -0.195160
v -0.663315 1.312662 -0.295473
v -0.663315 1.312662 -0.295473
v -0.663315 1.312662 -0.195160
v -0.663315 1.312662 -0.195160
v -0.635000 1.196003 -0.295473
v -0.635000 1.196003 -0.295473
v -0.635405 1.254305 -0.295473
v -0.635405 1.254305 -0.295473
v -0.635405 1.254305 -0.295473
v -0.635000 1.111702 -0.395785
v -0.635000 1.156208 -0.295473
v -0.635000 1.111702 -0.295473
v -0.635000 1.056192 -0.295473
v -0.635000 1.067528 -0.295473
v -0.635000 1.067528 -0.195160
v -0.635000 1.044777 -0.195160
v -0.635000 1.044777 -0.295473
v -0.635000 1.078764 -0.295473
v -0.635000 1.078764 -0.345629
v -0.635000 1.089886 -0.345629
v -0.635000 1.089886 -0.295473
v -0.635000 1.089886 -0.395785
v -0.635000 1.089886 -0.195160
v -0.635000 1.111702 -0.195160
v -1.085805 0.695000 -0.395785
v -1.085805 0.695000 -0.395785
v -1.085805 0.695000 -0.295473
v -1.085805 0.695000 -0.295473
v -1.129925 0.695000 -0.295473
v -1.063553 0.695000 -0.345629
v -1.063553 0.695000 -0.345629
v -1.063553 0.695000 -0.295473
v -1.063553 0.695000 -0.395785
v -1.063553 0.695000 -0.395785
v -1.063553 0.695000 -0.395785
v -1.063553 0.695000 -0.496098
v -1.063553 0.695000 -0.496098
v -1.063553 0.695000 -0.496098
v -1.052412 0.695000 -0.345629
v -1.052412 0.695000 -0.345629
v -1.052412 0.695000 -0.295473
v -1.041273 0.695000 -0.345629
v -1.041273 0.695000 -0.345629
v -1.041273 0.695000 -0.345629
v -1.041273 0.695000 -0.295473
v -1.041273 0.695000 -0.295473
v -1.085805 0.695000 -0.195160
v -1.063553 0.695000 -0.195160
v -1.041273 0.695000 -0.195160
v -1.218757 0.695000 -0.295473
v -1.175244 0.695000 -0.295473
v -1.395204 0.695520 -0.295473
v -1.395204 0.695520 -0.295473
v -1.395204 0.695520 -0.295473
v -1.357624 0.695021 -0.295473
v -1.357624 0.695021 -0.295473
v -1.357624 0.695021 -0.295473
v -1.357624 0.695021 -0.295473
v -1.309860 0.695000 -0.295473
v -1.309860 0.695000 -0.295473
v -1.469258 0.724291 -0.195160
v -1.469258 0.724291 -0.195160
v -1.469258 0.724291 -0.195160
v -1.469258 0.724291 -0.195160
v -1.469258 0.724291 -0.295473
v -1.469258 0.724291 -0.295473
v -1.460839 0.710869 -0.295473
v -1.460839 0.710869 -0.295473
v -1.460839 0.710869 -0.295473
v -1.460839 0.710869 -0.295473
v -1.460839 0.710869 -0.295473
v -1.460839 0.710869 -0.195160
v -1.460839 0.710869 -0.195160
v -1.460839 0.710869 -0.195160
v -1.460839 0.710869 -0.195160
v -1.460839 0.710869 -0.195160
v -1.446684 0.702339 -0.295473
v -1.446684 0.702339 -0.295473
v -1.446684 0.702339 -0.295473
v -1.446684 0.702339 -0.295473
v -1.446684 0.702339 -0.195160
v -1.446684 0.702339 -0.195160
v -1.446684 0.702339 -0.195160
v -1.475000 0.818996 -0.295473
v -1.475000 0.818996 -0.295473
v -1.474596 0.760696 -0.295473
v -1.474596 0.760696 -0.295473
v -1.474596 0.760696 -0.295473
v -1.474596 0.760696 -0.295473
v -1.475000 0.903297 -0.295473
v -1.475000 0.858793 -0.295473
v -1.475000 1.081949 -0.295473
v -1.475000 1.037954 -0.295473
v -1.475000 0.993214 -0.295473
v -1.475000 1.170881 -0.295473
v -1.475000 1.128260 -0.295473
v -1.474174 1.262720 -0.295473
v -1.474174 1.262720 -0.295473
v -1.474998 1.223753 -0.295473
v -1.474998 1.223753 -0.295473
v -1.474998 1.223753 -0.295473
v -1.427051 1.317179 -0.195160
v -1.427051 1.317179 -0.195160
v -1.427051 1.317179 -0.195160
v -1.427051 1.317179 -0.195160
v -1.427051 1.317179 -0.295473
v -1.427051 1.317179 -0.295473
v -1.449083 1.311714 -0.295473
v -1.449083 1.311714 -0.295473
v -1.449083 1.311714 -0.295473
v -1.449083 1.311714 -0.295473
v -1.449083 1.311714 -0.295473
v -1.449083 1.311714 -0.195160
v -1.449083 1.311714 -0.195160
v -1.449083 1.311714 -0.195160
v -1.449083 1.311714 -0.195160
v -1.449083 1.311714 -0.195160
v -1.463058 1.301725 -0.295473
v -1.463058 1.301725 -0.295473
v -1.463058 1.301725 -0.295473
v -1.463058 1.301725 -0.195160
v -1.463058 1.301725 -0.195160
v -1.463058 1.301725 -0.195160
v -1.470811 1.285850 -0.295473
v -1.470811 1.285850 -0.295473
v -1.470811 1.285850 -0.295473
v -1.470811 1.285850 -0.295473
v -1.470811 1.285850 -0.195160
v -1.470811 1.285850 -0.195160
v -1.470811 1.285850 -0.195160
v -1.470811 1.285850 -0.195160
v -1.474174 1.262720 -0.195160
v -1.474174 1.262720 -0.195160
v -1.389075 1.319647 -0.295473
v -1.389075 1.319647 -0.295473
v -1.389075 1.319647 -0.295473
v -1.389075 1.319647 -0.295473
v -1.250611 1.320000 -1.699848
v -1.250611 1.320000 -1.699848
v -1.335000 1.320000 -1.699848
v -1.335000 1.320000 -1.699848
v -1.335000 1.320000 -1.699848
v -1.335000 1.320000 -1.699848
v -1.157223 1.320000 -1.699848
v -1.157223 1.320000 -1.699848
v -1.068727 1.320000 -1.699848
v -1.068727 1.320000 -1.699848
v -0.980075 1.320000 -1.699848
v -0.980075 1.320000 -1.699848
v -0.891243 1.320000 -1.699848
v -0.891243 1.320000 -1.699848
v -0.800139 1.320000 -1.699848
v -0.800139 1.320000 -1.699848
v -0.800139 1.320000 -1.699848
v -0.800139 1.320000 -1.699848
v -0.714796 1.319481 -1.699848
v -0.714796 1.319481 -1.699848
v -0.714796 1.319481 -1.699848
v -0.714796 1.319481 -1.699848
v -0.663315 1.312662 -1.699848
v -0.663315 1.312662 -1.699848
v -0.663315 1.312662 -1.699848
v -0.663315 1.312662 -1.699848
v -0.640742 1.290710 -1.699848
v -0.640742 1.290710 -1.699848
v -0.640742 1.290710 -1.699848
v -0.640742 1.290710 -1.699848
v -0.640742 1.290710 -1.699848
v -0.635000 1.196003 -1.699848
v -0.635000 1.196003 -1.699848
v -0.635000 1.196003 -1.699848
v -0.635000 1.196003 -1.699848
v -0.635000 1.021786 -1.699848
v -0.635000 1.021786 -1.699848
v -0.635000 1.111702 -1.699848
v -0.635000 1.111702 -1.699848
v -0.635000 0.844120 -1.699848
v -0.635000 0.844120 -1.699848
v -0.635000 0.844120 -1.699848
v -0.635827 0.752281 -1.699848
v -0.635827 0.752281 -1.699848
v -0.635827 0.752281 -1.699848
v -0.635827 0.752281 -1.699848
v -0.635827 0.752281 -1.699848
v -0.635000 0.933052 -1.699848
v -0.635000 0.933052 -1.699848
v -0.646942 0.713274 -1.699848
v -0.646942 0.713274 -1.699848
v -0.646942 0.713274 -1.699848
v -0.646942 0.713274 -1.699848
v -0.646942 0.713274 -1.699848
v -0.682949 0.697823 -1.699848
v -0.682949 0.697823 -1.699848
v -0.682949 0.697823 -1.699848
v -0.682949 0.697823 -1.699848
v -0.682949 0.697823 -1.699848
v -0.635000 0.799168 -0.965721
v -0.635000 0.799168 -0.965721
v -0.635000 0.799168 -0.965721
v -0.635000 0.799168 -0.965721
v -0.635000 0.799168 -0.965721
v -0.635987 0.750004 -1.015451
v -0.635987 0.750004 -1.015451
v -0.635987 0.750004 -1.015451
v -0.635987 0.750004 -1.015451
v -0.635987 0.750004 -1.015451
v -0.635987 0.750004 -1.015451
v -0.635987 0.750004 -1.015451
v -0.635987 0.750004 -1.015451
v -0.635987 0.750004 -1.015451
v -0.644828 0.716274 -1.041455
v -0.644828 0.716274 -1.041455
v -0.644828 0.716274 -1.041455
v -0.644828 0.716274 -1.041455
v -0.644828 0.716274 -1.041455
v -0.644828 0.716274 -1.041455
v -0.644828 0.716274 -1.041455
v -0.650435 0.710043 -1.042651
v -0.650435 0.710043 -1.042651
v -0.650435 0.710043 -1.042651
v -0.650435 0.710043 -1.042651
v -0.650435 0.710043 -1.042651
v -0.650435 0.710043 -1.042651
v -0.638443 0.731556 -1.031839
v -0.638443 0.731556 -1.031839
v -0.638443 0.731556 -1.031839
v -0.638443 0.731556 -1.031839
v -0.638443 0.731556 -1.031839
v -0.638443 0.731556 -1.031839
v -0.638443 0.731556 -1.031839
v -0.638443 0.731556 -1.031839
v -0.658153 0.704868 -1.040866
v -0.658153 0.704868 -1.040866
v -0.658153 0.704868 -1.040866
v -0.658153 0.704868 -1.040866
v -0.658153 0.704868 -1.040866
v -0.658153 0.704868 -1.040866
v -0.658153 0.704868 -1.040866
v -0.658153 0.704868 -1.040866
v -0.775000 0.695000 -1.699848
v -0.775000 0.695000 -1.699848
v -0.775000 0.695000 -1.699848
v -0.775000 0.695000 -1.699848
v -0.952778 0.695000 -1.699848
v -0.952778 0.695000 -1.699848
v -0.859389 0.695000 -1.699848
v -0.859389 0.695000 -1.699848
v -1.129925 0.695000 -1.699848
v -1.129925 0.695000 -1.699848
v -1.041273 0.695000 -1.699848
v -1.041273 0.695000 -1.699848
v -1.309860 0.695000 -1.699848
v -1.309860 0.695000 -1.699848
v -1.309860 0.695000 -1.699848
v -1.309860 0.695000 -1.699848
v -1.218757 0.695000 -1.699848
v -1.218757 0.695000 -1.699848
v -1.395204 0.695520 -1.699848
v -1.395204 0.695520 -1.699848
v -1.395204 0.695520 -1.699848
v -1.395204 0.695520 -1.699848
v -1.469258 0.724291 -1.699848
v -1.469258 0.724291 -1.699848
v -1.469258 0.724291 -1.699848
v -1.469258 0.724291 -1.699848
v -1.469258 0.724291 -1.699848
v -1.446684 0.702339 -1.699848
v -1.446684 0.702339 -1.699848
v -1.446684 0.702339 -1.699848
v -1.446684 0.702339 -1.699848
v -1.475000 0.818996 -1.699848
v -1.475000 0.818996 -1.699848
v -1.475000 0.818996 -1.699848
v -1.475000 0.818996 -1.699848
v -1.475000 0.903297 -1.699848
v -1.475000 0.903297 -1.699848
v -1.475000 1.170881 -1.699848
v -1.475000 1.170881 -1.699848
v -1.475000 1.170881 -1.699848
v -1.475000 1.081949 -1.699848
v -1.475000 1.081949 -1.699848
v -1.474174 1.262720 -1.699848
v -1.474174 1.262720 -1.699848
v -1.474174 1.262720 -1.699848
v -1.474174 1.262720 -1.699848
v -1.463058 1.301725 -1.699848
v -1.463058 1.301725 -1.699848
v -1.463058 1.301725 -1.699848
v -1.463058 1.301725 -1.699848
v -1.463058 1.301725 -1.699848
v -1.463058 1.301725 -1.699848
v -1.475000 0.993214 -1.699848
v -1.475000 0.993214 -1.699848
v -1.427051 1.317179 -1.699848
v -1.427051 1.317179 -1.699848
v -1.427051 1.317179 -1.699848
v -1.427051 1.317179 -1.699848
v -1.427051 1.317179 -1.699848
v -0.681432 0.698038 -1.026636
v -0.681432 0.698038 -1.026636
v -0.681432 0.698038 -1.026636
v -0.681432 0.698038 -1.026636
v -0.681432 0.698038 -1.026636
v -0.681432 0.698038 -1.026636
v -0.681432 0.698038 -1.026636
v -0.681432 0.698038 -1.026636
v -0.681432 0.698038 -1.026636
v -0.729301 0.695087 -0.985068
v -0.729301 0.695087 -0.985068
v -0.729301 0.695087 -0.985068
v -0.729301 0.695087 -0.985068
v -0.729301 0.695087 -0.985068
v -0.729301 0.695087 -0.985068
v -0.729301 0.695087 -0.985068
v -0.729301 0.695087 -0.985068
v -0.838324 0.695000 -0.875178
v -0.838324 0.695000 -0.875178
v -0.838324 0.695000 -0.875178
v -0.838324 0.695000 -0.875178
v -0.838324 0.695000 -0.875178
v -0.838324 0.695000 -0.875178
v -0.775000 0.695000 -0.941023
v -0.775000 0.695000 -0.941023
v -0.775000 0.695000 -0.941023
v -0.775000 0.695000 -0.941023
v -0.635000 1.081614 -0.538460
v -0.635000 1.081614 -0.538460
v -0.635000 1.081614 -0.538460
v -0.635000 1.081614 -0.538460
v -0.635000 1.081614 -0.461241
v -0.635000 1.081614 -0.461241
v -0.635000 1.081614 -0.461241
v -0.635000 1.081614 -0.461241
v -0.635000 1.081614 -0.461241
v -0.635000 1.081614 -0.384023
v -0.635000 1.081614 -0.384023
v -0.635000 1.081614 -0.384023
v -1.335000 1.320000 -0.094848
v -1.335000 1.320000 -0.094848
v -1.335000 1.320000 -0.094848
v -1.335000 1.320000 -0.094848
v -1.250611 1.320000 -0.094848
v -1.250611 1.320000 -0.094848
v -1.157223 1.320000 -0.094848
v -1.157223 1.320000 -0.094848
v -0.980075 1.320000 -0.094848
v -0.980075 1.320000 -0.094848
v -1.068727 1.320000 -0.094848
v -1.068727 1.320000 -0.094848
v -0.635000 1.078592 -0.360873
v -0.635000 1.078592 -0.360873
v -0.635000 1.078592 -0.360873
v -0.635000 1.078592 -0.360873
v -0.635000 0.977306 -0.752046
v -0.635000 0.977306 -0.752046
v -0.635000 0.977306 -0.752046
v -0.635000 0.881134 -0.875178
v -0.635000 0.881134 -0.875178
v -0.635000 0.881134 -0.875178
v -0.635000 0.881134 -0.875178
v -0.635000 0.881134 -0.875178
v -0.635000 0.931479 -0.813851
v -0.635000 0.931479 -0.813851
v -0.635000 0.931479 -0.813851
v -0.635000 0.840721 -0.920965
v -0.635000 0.840721 -0.920965
v -0.635000 0.840721 -0.920965
v -0.635000 0.840721 -0.920965
v -0.635000 1.059141 -0.618954
v -0.635000 1.059141 -0.618954
v -0.635000 1.059141 -0.618954
v -0.635000 1.059141 -0.618954
v -0.635000 1.065380 -0.341623
v -0.635000 1.065380 -0.341623
v -0.635000 1.065380 -0.341623
v -0.635000 1.031727 -0.311147
v -0.635000 1.031727 -0.311147
v -0.635000 1.031727 -0.311147
v -0.635000 1.031727 -0.311147
v -0.635000 1.019548 -0.687751
v -0.635000 1.019548 -0.687751
v -0.635000 1.019548 -0.687751
v -0.635000 1.019548 -0.687751
v -0.635000 1.019548 -0.687751
v -0.800139 1.320000 -0.094848
v -0.800139 1.320000 -0.094848
v -0.800139 1.320000 -0.094848
v -0.800139 1.320000 -0.094848
v -0.714796 1.319481 -0.094848
v -0.714796 1.319481 -0.094848
v -0.714796 1.319481 -0.094848
v -0.714796 1.319481 -0.094848
v -0.663315 1.312662 -0.094848
v -0.663315 1.312662 -0.094848
v -0.663315 1.312662 -0.094848
v -0.663315 1.312662 -0.094848
v -0.640742 1.290710 -0.094848
v -0.640742 1.290710 -0.094848
v -0.640742 1.290710 -0.094848
v -0.640742 1.290710 -0.094848
v -0.640742 1.290710 -0.094848
v -0.891243 1.320000 -0.094848
v -0.891243 1.320000 -0.094848
v -0.635000 1.196003 -0.094848
v -0.635000 1.196003 -0.094848
v -0.635000 1.196003 -0.094848
v -0.635000 1.196003 -0.094848
v -0.635000 1.021786 -0.094848
v -0.635000 1.021786 -0.094848
v -0.635000 0.896744 -0.209079
v -0.635000 0.896744 -0.209079
v -0.635000 0.896744 -0.209079
v -0.635000 0.896744 -0.209079
v -0.635000 0.896744 -0.209079
v -0.635000 0.961647 -0.257405
v -0.635000 0.961647 -0.257405
v -0.635000 0.961647 -0.257405
v -0.635000 0.961647 -0.257405
v -0.635000 0.933052 -0.094848
v -0.635000 0.933052 -0.094848
v -0.635000 1.111702 -0.094848
v -0.635000 1.111702 -0.094848
v -0.635000 0.896744 -0.094848
v -0.635000 0.896744 -0.094848
v -0.635000 0.896744 -0.094848
v -0.635000 0.896744 -0.094848
v -0.940069 0.695000 -0.752694
v -0.940069 0.695000 -0.752694
v -0.940069 0.695000 -0.752694
v -0.891559 0.695000 -0.814415
v -0.891559 0.695000 -0.814415
v -0.891559 0.695000 -0.814415
v -0.984747 0.695000 -0.688160
v -0.984747 0.695000 -0.688160
v -0.984747 0.695000 -0.688160
v -0.984747 0.695000 -0.688160
v -0.984747 0.695000 -0.688160
v -0.984747 0.695000 -0.688160
v -1.049941 0.695000 -0.538460
v -1.049941 0.695000 -0.538460
v -1.049941 0.695000 -0.538460
v -1.049941 0.695000 -0.538460
v -1.049941 0.695000 -0.538460
v -1.049941 0.695000 -0.538460
v -1.026485 0.695000 -0.618954
v -1.026485 0.695000 -0.618954
v -1.026485 0.695000 -0.618954
v -1.026485 0.695000 -0.618954
v -1.026485 0.695000 -0.618954
v -1.026485 0.695000 -0.618954
v -0.997038 0.695000 -0.310559
v -0.997038 0.695000 -0.310559
v -0.997038 0.695000 -0.310559
v -0.997038 0.695000 -0.310559
v -0.997038 0.695000 -0.310559
v -0.997038 0.695000 -0.310559
v -1.045632 0.695000 -0.366203
v -1.045632 0.695000 -0.366203
v -1.045632 0.695000 -0.366203
v -1.045632 0.695000 -0.366203
v -1.045632 0.695000 -0.366203
v -1.049941 0.695000 -0.461241
v -1.049941 0.695000 -0.461241
v -1.049941 0.695000 -0.461241
v -1.049941 0.695000 -0.461241
v -1.049941 0.695000 -0.461241
v -1.049941 0.695000 -0.384023
v -1.049941 0.695000 -0.384023
v -1.049941 0.695000 -0.384023
v -1.049941 0.695000 -0.384023
v -1.129925 0.695000 -0.094848
v -1.129925 0.695000 -0.094848
v -1.218757 0.695000 -0.094848
v -1.218757 0.695000 -0.094848
v -1.309860 0.695000 -0.094848
v -1.309860 0.695000 -0.094848
v -1.309860 0.695000 -0.094848
v -1.309860 0.695000 -0.094848
v -1.395204 0.695520 -0.094848
v -1.395204 0.695520 -0.094848
v -1.395204 0.695520 -0.094848
v -1.395204 0.695520 -0.094848
v -1.395204 0.695520 -0.094848
v -1.475000 0.818996 -0.094848
v -1.475000 0.818996 -0.094848
v -1.475000 0.818996 -0.094848
v -1.475000 0.818996 -0.094848
v -1.475000 0.903297 -0.094848
v -1.475000 0.903297 -0.094848
v -1.475000 0.993214 -0.094848
v -1.475000 0.993214 -0.094848
v -0.923839 0.695000 -0.257290
v -0.923839 0.695000 -0.257290
v -0.923839 0.695000 -0.257290
v -0.923839 0.695000 -0.257290
v -0.851200 0.695000 -0.207874
v -0.851200 0.695000 -0.207874
v -0.851200 0.695000 -0.207874
v -0.851200 0.695000 -0.207874
v -0.851200 0.695000 -0.207874
v -0.851200 0.695000 -0.094848
v -0.851200 0.695000 -0.094848
v -0.851200 0.695000 -0.094848
v -0.851200 0.695000 -0.094848
v -1.041273 0.695000 -0.094848
v -1.041273 0.695000 -0.094848
v -0.952778 0.695000 -0.094848
v -0.952778 0.695000 -0.094848
v -1.446684 0.702339 -0.094848
v -1.446684 0.702339 -0.094848
v -1.446684 0.702339 -0.094848
v -1.446684 0.702339 -0.094848
v -1.469258 0.724291 -0.094848
v -1.469258 0.724291 -0.094848
v -1.469258 0.724291 -0.094848
v -1.469258 0.724291 -0.094848
v -1.469258 0.724291 -0.094848
v -1.475000 1.081949 -0.094848
v -1.475000 1.081949 -0.094848
v -1.475000 1.170881 -0.094848
v -1.475000 1.170881 -0.094848
v -1.475000 1.170881 -0.094848
v -1.474174 1.262720 -0.094848
v -1.474174 1.262720 -0.094848
v -1.474174 1.262720 -0.094848
v -1.474174 1.262720 -0.094848
v -1.474174 1.262720 -0.094848
v -1.463058 1.301725 -0.094848
v -1.463058 1.301725 -0.094848
v -1.463058 1.301725 -0.094848
v -1.463058 1.301725 -0.094848
v -1.463058 1.301725 -0.094848
v -1.427051 1.317179 -0.094848
v -1.427051 1.317179 -0.094848
v -1.427051 1.317179 -0.094848
v -1.427051 1.317179 -0.094848
v -1.427051 1.317179 -0.094848
v -1.270000 0.846250 -0.094848
v -1.377500 0.846250 -0.094848
v -1.377500 0.765625 -0.094848
v -1.270000 0.765625 -0.094848
v -1.431250 0.765625 -0.094848
v -1.431250 0.725313 -0.094848
v -1.377500 0.725313 -0.094848
v -1.055000 1.007500 -0.094848
v -1.270000 1.007500 -0.094848
v -1.055000 0.846250 -0.094848
v -0.840000 0.926876 -0.094848
v -0.840000 0.846250 -0.094848
v -0.840000 1.007500 -0.094848
v -0.732500 0.926876 -0.094848
v -0.732500 1.007500 -0.094848
v -1.055000 1.168751 -0.094848
v -1.270000 1.168751 -0.094848
v -0.840000 1.168751 -0.094848
v -1.270000 1.249376 -0.094848
v -1.377500 1.249376 -0.094848
v -1.377500 1.168751 -0.094848
v -0.678750 1.289688 -0.094848
v -0.732500 1.289688 -0.094848
v -0.732500 1.249376 -0.094848
v -0.678750 1.249376 -0.094848
v -0.840000 1.249376 -0.094848
v -0.732500 1.168751 -0.094848
v -0.777097 0.777098 -0.094848
v -0.777097 0.777098 -0.094848
v -0.777097 0.777098 -0.094848
v -0.777097 0.777098 -0.094848
v -0.777097 0.777098 -0.094848
v -0.708604 0.839937 -0.094848
v -0.708604 0.839937 -0.094848
v -0.708604 0.839937 -0.094848
v -0.708604 0.839937 -0.094848
v -0.708604 0.839937 -0.094848
v -0.840000 0.846250 -1.699848
v -0.732500 0.846250 -1.699848
v -0.732500 0.765625 -1.699848
v -0.840000 0.765625 -1.699848
v -1.431250 0.765625 -1.699848
v -1.377500 0.765625 -1.699848
v -1.377500 0.725313 -1.699848
v -1.431250 0.725313 -1.699848
v -1.377500 0.846250 -1.699848
v -1.270000 0.846250 -1.699848
v -1.270000 0.765625 -1.699848
v -1.055000 1.007500 -1.699848
v -0.840000 1.007500 -1.699848
v -1.055000 0.846250 -1.699848
v -1.270000 1.007500 -1.699848
v -1.055000 1.168751 -1.699848
v -0.840000 1.168751 -1.699848
v -1.270000 1.168751 -1.699848
v -0.840000 1.249376 -1.699848
v -0.732500 1.249376 -1.699848
v -0.732500 1.168751 -1.699848
v -0.732500 1.289688 -1.699848
v -0.678750 1.289688 -1.699848
v -0.678750 1.249376 -1.699848
v -1.377500 1.249376 -1.699848
v -1.270000 1.249376 -1.699848
v -1.377500 1.168751 -1.699848
v -0.713295 1.031963 -0.384023
v -0.713295 1.031963 -0.384023
v -0.713295 1.031963 -0.384023
v -0.713295 1.031963 -0.384023
v -0.713295 1.031963 -0.384023
v -0.674583 1.057467 -0.384023
v -0.674583 1.057467 -0.384023
v -0.674583 1.057467 -0.384023
v -0.674583 1.057467 -0.384023
v -0.674583 1.057467 -0.384023
v -0.670350 1.050831 -0.350176
v -0.670350 1.050831 -0.350176
v -0.670350 1.050831 -0.350176
v -0.670350 1.050831 -0.350176
v -0.670350 1.050831 -0.350176
v -0.670350 1.050831 -0.350176
v -0.708819 1.025488 -0.350176
v -0.708819 1.025488 -0.350176
v -0.708819 1.025488 -0.350176
v -0.708819 1.025488 -0.350176
v -0.708819 1.025488 -0.350176
v -0.708819 1.025488 -0.350176
v -0.640719 1.004381 -0.292313
v -0.640719 1.004381 -0.292313
v -0.640719 1.004381 -0.292313
v -0.640719 1.004381 -0.292313
v -0.640719 1.004381 -0.292313
v -0.677487 0.980158 -0.292313
v -0.677487 0.980158 -0.292313
v -0.677487 0.980158 -0.292313
v -0.677487 0.980158 -0.292313
v -0.677487 0.980158 -0.292313
v -0.787899 0.977001 -0.384023
v -0.787899 0.977001 -0.384023
v -0.787899 0.977001 -0.384023
v -0.787899 0.977001 -0.384023
v -0.751090 1.005127 -0.384023
v -0.751090 1.005127 -0.384023
v -0.751090 1.005127 -0.384023
v -0.751090 1.005127 -0.384023
v -0.751090 1.005127 -0.384023
v -0.751090 1.005127 -0.384023
v -0.746377 0.998821 -0.350176
v -0.746377 0.998821 -0.350176
v -0.746377 0.998821 -0.350176
v -0.746377 0.998821 -0.350176
v -0.782955 0.970871 -0.350176
v -0.782955 0.970871 -0.350176
v -0.782955 0.970871 -0.350176
v -0.782955 0.970871 -0.350176
v -0.782955 0.970871 -0.350176
v -0.713385 0.954670 -0.292313
v -0.713385 0.954670 -0.292313
v -0.713385 0.954670 -0.292313
v -0.713385 0.954670 -0.292313
v -0.713385 0.954670 -0.292313
v -0.748346 0.927956 -0.292313
v -0.748346 0.927956 -0.292313
v -0.748346 0.927956 -0.292313
v -0.748346 0.927956 -0.292313
v -0.748346 0.927956 -0.292313
v -0.748346 0.927956 -0.292313
v -0.858663 0.916708 -0.384023
v -0.858663 0.916708 -0.384023
v -0.858663 0.916708 -0.384023
v -0.858663 0.916708 -0.384023
v -0.858663 0.916708 -0.384023
v -0.823836 0.947473 -0.384023
v -0.823836 0.947473 -0.384023
v -0.823836 0.947473 -0.384023
v -0.823836 0.947473 -0.384023
v -0.823836 0.947473 -0.384023
v -0.823836 0.947473 -0.384023
v -0.818667 0.941528 -0.350176
v -0.818667 0.941528 -0.350176
v -0.818667 0.941528 -0.350176
v -0.818667 0.941528 -0.350176
v -0.818667 0.941528 -0.350176
v -0.818667 0.941528 -0.350176
v -0.853275 0.910955 -0.350176
v -0.853275 0.910955 -0.350176
v -0.853275 0.910955 -0.350176
v -0.853275 0.910955 -0.350176
v -0.853275 0.910955 -0.350176
v -0.782479 0.899910 -0.292313
v -0.782479 0.899910 -0.292313
v -0.782479 0.899910 -0.292313
v -0.782479 0.899910 -0.292313
v -0.782479 0.899910 -0.292313
v -0.782479 0.899910 -0.292313
v -0.815558 0.870687 -0.292313
v -0.815558 0.870687 -0.292313
v -0.815558 0.870687 -0.292313
v -0.815558 0.870687 -0.292313
v -0.815558 0.870687 -0.292313
v -0.815558 0.870687 -0.292313
v -0.924826 0.851526 -0.384023
v -0.924826 0.851526 -0.384023
v -0.924826 0.851526 -0.384023
v -0.924826 0.851526 -0.384023
v -0.924826 0.851526 -0.384023
v -0.892358 0.884703 -0.384023
v -0.892358 0.884703 -0.384023
v -0.892358 0.884703 -0.384023
v -0.892358 0.884703 -0.384023
v -0.886759 0.879152 -0.350176
v -0.886759 0.879152 -0.350176
v -0.886759 0.879152 -0.350176
v -0.886759 0.879152 -0.350176
v -0.886759 0.879152 -0.350176
v -0.919022 0.846182 -0.350176
v -0.919022 0.846182 -0.350176
v -0.919022 0.846182 -0.350176
v -0.919022 0.846182 -0.350176
v -0.919022 0.846182 -0.350176
v -0.919022 0.846182 -0.350176
v -0.847561 0.840290 -0.292313
v -0.847561 0.840290 -0.292313
v -0.847561 0.840290 -0.292313
v -0.847561 0.840290 -0.292313
v -0.847561 0.840290 -0.292313
v -0.878399 0.808779 -0.292313
v -0.878399 0.808779 -0.292313
v -0.878399 0.808779 -0.292313
v -0.878399 0.808779 -0.292313
v -0.878399 0.808779 -0.292313
v -0.985849 0.781784 -0.384023
v -0.985849 0.781784 -0.384023
v -0.985849 0.781784 -0.384023
v -0.985849 0.781784 -0.384023
v -0.985849 0.781784 -0.384023
v -0.956008 0.817209 -0.384023
v -0.956008 0.817209 -0.384023
v -0.956008 0.817209 -0.384023
v -0.956008 0.817209 -0.384023
v -0.956008 0.817209 -0.384023
v -0.950009 0.812080 -0.350176
v -0.950009 0.812080 -0.350176
v -0.950009 0.812080 -0.350176
v -0.950009 0.812080 -0.350176
v -0.950009 0.812080 -0.350176
v -0.979663 0.776878 -0.350176
v -0.979663 0.776878 -0.350176
v -0.979663 0.776878 -0.350176
v -0.979663 0.776878 -0.350176
v -0.979663 0.776878 -0.350176
v -0.979663 0.776878 -0.350176
v -0.908016 0.776184 -0.292313
v -0.908016 0.776184 -0.292313
v -0.908016 0.776184 -0.292313
v -0.908016 0.776184 -0.292313
v -0.908016 0.776184 -0.292313
v -0.908016 0.776184 -0.292313
v -0.936359 0.742538 -0.292313
v -0.936359 0.742538 -0.292313
v -0.936359 0.742538 -0.292313
v -0.936359 0.742538 -0.292313
v -0.936359 0.742538 -0.292313
v -1.007925 0.740610 -0.350176
v -1.007925 0.740610 -0.350176
v -1.007925 0.740610 -0.350176
v -1.007925 0.740610 -0.350176
v -1.007925 0.740610 -0.350176
v -1.007925 0.740610 -0.350176
v -0.963372 0.707872 -0.292313
v -0.963372 0.707872 -0.292313
v -0.963372 0.707872 -0.292313
v -0.963372 0.707872 -0.292313
v -1.014290 0.745287 -0.384023
v -1.014290 0.745287 -0.384023
v -1.014290 0.745287 -0.384023
v -1.014290 0.745287 -0.384023
v -1.014290 0.745287 -0.384023
v -0.751090 1.005127 -0.515284
v -0.751090 1.005127 -0.515284
v -0.751090 1.005127 -0.515284
v -0.751090 1.005127 -0.515284
v -0.751090 1.005127 -0.515284
v -0.787899 0.977001 -0.515284
v -0.787899 0.977001 -0.515284
v -0.787899 0.977001 -0.515284
v -0.787899 0.977001 -0.515284
v -0.787899 0.977001 -0.515284
v -0.787899 0.977001 -0.515284
v -0.713295 1.031963 -0.515284
v -0.713295 1.031963 -0.515284
v -0.713295 1.031963 -0.515284
v -0.713295 1.031963 -0.515284
v -0.713295 1.031963 -0.515284
v -0.713295 1.031963 -0.515284
v -0.713295 1.031963 -0.515284
v -0.823836 0.947473 -0.515284
v -0.823836 0.947473 -0.515284
v -0.823836 0.947473 -0.515284
v -0.823836 0.947473 -0.515284
v -0.858663 0.916708 -0.515284
v -0.858663 0.916708 -0.515284
v -0.858663 0.916708 -0.515284
v -0.858663 0.916708 -0.515284
v -0.892358 0.884703 -0.515284
v -0.892358 0.884703 -0.515284
v -0.892358 0.884703 -0.515284
v -0.892358 0.884703 -0.515284
v -0.892358 0.884703 -0.515284
v -0.924826 0.851526 -0.515284
v -0.924826 0.851526 -0.515284
v -0.924826 0.851526 -0.515284
v -0.924826 0.851526 -0.515284
v -0.956008 0.817209 -0.515284
v -0.956008 0.817209 -0.515284
v -0.956008 0.817209 -0.515284
v -0.956008 0.817209 -0.515284
v -0.985849 0.781784 -0.515284
v -0.985849 0.781784 -0.515284
v -0.985849 0.781784 -0.515284
v -0.985849 0.781784 -0.515284
v -0.985849 0.781784 -0.515284
v -0.700196 1.013012 -0.626947
v -0.700196 1.013012 -0.626947
v -0.700196 1.013012 -0.626947
v -0.700196 1.013012 -0.626947
v -0.700196 1.013012 -0.626947
v -0.700196 1.013012 -0.626947
v -0.662196 1.038048 -0.626947
v -0.662196 1.038048 -0.626947
v -0.662196 1.038048 -0.626947
v -0.662196 1.038048 -0.626947
v -0.673678 1.056046 -0.574054
v -0.673678 1.056046 -0.574054
v -0.673678 1.056046 -0.574054
v -0.673678 1.056046 -0.574054
v -0.673678 1.056046 -0.574054
v -0.673678 1.056046 -0.574054
v -0.712337 1.030577 -0.574054
v -0.712337 1.030577 -0.574054
v -0.712337 1.030577 -0.574054
v -0.712337 1.030577 -0.574054
v -0.712337 1.030577 -0.574054
v -0.712337 1.030577 -0.574054
v -0.674583 1.057467 -0.515284
v -0.674583 1.057467 -0.515284
v -0.674583 1.057467 -0.515284
v -0.674583 1.057467 -0.515284
v -0.674583 1.057467 -0.515284
v -0.773430 0.959061 -0.626947
v -0.773430 0.959061 -0.626947
v -0.773430 0.959061 -0.626947
v -0.773430 0.959061 -0.626947
v -0.773430 0.959061 -0.626947
v -0.737297 0.986669 -0.626947
v -0.737297 0.986669 -0.626947
v -0.737297 0.986669 -0.626947
v -0.737297 0.986669 -0.626947
v -0.737297 0.986669 -0.626947
v -0.737297 0.986669 -0.626947
v -0.750081 1.003778 -0.574054
v -0.750081 1.003778 -0.574054
v -0.750081 1.003778 -0.574054
v -0.750081 1.003778 -0.574054
v -0.750081 1.003778 -0.574054
v -0.750081 1.003778 -0.574054
v -0.786841 0.975691 -0.574054
v -0.786841 0.975691 -0.574054
v -0.786841 0.975691 -0.574054
v -0.786841 0.975691 -0.574054
v -0.786841 0.975691 -0.574054
v -0.786841 0.975691 -0.574054
v -0.842895 0.899874 -0.626947
v -0.842895 0.899874 -0.626947
v -0.842895 0.899874 -0.626947
v -0.842895 0.899874 -0.626947
v -0.842895 0.899874 -0.626947
v -0.808708 0.930075 -0.626947
v -0.808708 0.930075 -0.626947
v -0.808708 0.930075 -0.626947
v -0.808708 0.930075 -0.626947
v -0.808708 0.930075 -0.626947
v -0.808708 0.930075 -0.626947
v -0.822730 0.946201 -0.574054
v -0.822730 0.946201 -0.574054
v -0.822730 0.946201 -0.574054
v -0.822730 0.946201 -0.574054
v -0.822730 0.946201 -0.574054
v -0.822730 0.946201 -0.574054
v -0.857511 0.915476 -0.574054
v -0.857511 0.915476 -0.574054
v -0.857511 0.915476 -0.574054
v -0.857511 0.915476 -0.574054
v -0.907842 0.835890 -0.626947
v -0.907842 0.835890 -0.626947
v -0.907842 0.835890 -0.626947
v -0.907842 0.835890 -0.626947
v -0.907842 0.835890 -0.626947
v -0.875971 0.868458 -0.626947
v -0.875971 0.868458 -0.626947
v -0.875971 0.868458 -0.626947
v -0.875971 0.868458 -0.626947
v -0.875971 0.868458 -0.626947
v -0.891160 0.883516 -0.574054
v -0.891160 0.883516 -0.574054
v -0.891160 0.883516 -0.574054
v -0.891160 0.883516 -0.574054
v -0.891160 0.883516 -0.574054
v -0.923584 0.850382 -0.574054
v -0.923584 0.850382 -0.574054
v -0.923584 0.850382 -0.574054
v -0.923584 0.850382 -0.574054
v -0.967745 0.767427 -0.626947
v -0.967745 0.767427 -0.626947
v -0.967745 0.767427 -0.626947
v -0.967745 0.767427 -0.626947
v -0.967745 0.767427 -0.626947
v -0.967745 0.767427 -0.626947
v -0.938453 0.802202 -0.626947
v -0.938453 0.802202 -0.626947
v -0.938453 0.802202 -0.626947
v -0.938453 0.802202 -0.626947
v -0.938453 0.802202 -0.626947
v -0.954725 0.816111 -0.574054
v -0.954725 0.816111 -0.574054
v -0.954725 0.816111 -0.574054
v -0.954725 0.816111 -0.574054
v -0.954725 0.816111 -0.574054
v -0.984526 0.780735 -0.574054
v -0.984526 0.780735 -0.574054
v -0.984526 0.780735 -0.574054
v -0.984526 0.780735 -0.574054
v -0.984526 0.780735 -0.574054
v -1.039876 0.706797 -0.574054
v -1.039876 0.706797 -0.574054
v -1.039876 0.706797 -0.574054
v -1.039876 0.706797 -0.574054
v -1.039876 0.706797 -0.574054
v -1.012928 0.744286 -0.574054
v -1.012928 0.744286 -0.574054
v -1.012928 0.744286 -0.574054
v -1.012928 0.744286 -0.574054
v -1.012928 0.744286 -0.574054
v -1.012928 0.744286 -0.574054
v -1.014290 0.745287 -0.515284
v -1.014290 0.745287 -0.515284
v -1.014290 0.745287 -0.515284
v -1.014290 0.745287 -0.515284
v -1.014290 0.745287 -0.515284
v -1.041274 0.707748 -0.515284
v -1.041274 0.707748 -0.515284
v -1.041274 0.707748 -0.515284
v -1.041274 0.707748 -0.515284
v -1.041274 0.707748 -0.515284
v -0.995664 0.731600 -0.626947
v -0.995664 0.731600 -0.626947
v -0.995664 0.731600 -0.626947
v -0.995664 0.731600 -0.626947
v -0.995664 0.731600 -0.626947
v -0.668107 0.966587 -0.735936
v -0.668107 0.966587 -0.735936
v -0.668107 0.966587 -0.735936
v -0.668107 0.966587 -0.735936
v -0.668107 0.966587 -0.735936
v -0.668107 0.966587 -0.735936
v -0.668107 0.966587 -0.735936
v -0.737985 0.915108 -0.735936
v -0.737985 0.915108 -0.735936
v -0.737985 0.915108 -0.735936
v -0.737985 0.915108 -0.735936
v -0.737985 0.915108 -0.735936
v -0.737985 0.915108 -0.735936
v -0.737985 0.915108 -0.735936
v -0.737985 0.915108 -0.735936
v -0.804266 0.858633 -0.735936
v -0.804266 0.858633 -0.735936
v -0.804266 0.858633 -0.735936
v -0.804266 0.858633 -0.735936
v -0.804266 0.858633 -0.735936
v -0.804266 0.858633 -0.735936
v -0.804266 0.858633 -0.735936
v -0.866237 0.797581 -0.735936
v -0.866237 0.797581 -0.735936
v -0.866237 0.797581 -0.735936
v -0.866237 0.797581 -0.735936
v -0.866237 0.797581 -0.735936
v -0.866237 0.797581 -0.735936
v -0.866237 0.797581 -0.735936
v -0.923395 0.732258 -0.735936
v -0.923395 0.732258 -0.735936
v -0.923395 0.732258 -0.735936
v -0.923395 0.732258 -0.735936
v -0.923395 0.732258 -0.735936
v -0.923395 0.732258 -0.735936
v -0.923395 0.732258 -0.735936
v -0.760793 0.812221 -0.837840
v -0.760793 0.812221 -0.837840
v -0.760793 0.812221 -0.837840
v -0.760793 0.812221 -0.837840
v -0.760793 0.812221 -0.837840
v -0.760793 0.812221 -0.837840
v -0.698095 0.865644 -0.837840
v -0.698095 0.865644 -0.837840
v -0.698095 0.865644 -0.837840
v -0.698095 0.865644 -0.837840
v -0.698095 0.865644 -0.837840
v -0.698095 0.865644 -0.837840
v -0.819414 0.754469 -0.837840
v -0.819414 0.754469 -0.837840
v -0.819414 0.754469 -0.837840
v -0.819414 0.754469 -0.837840
v -0.819414 0.754469 -0.837840
v -0.819414 0.754469 -0.837840
v -0.819414 0.754469 -0.837840
v -0.819414 0.754469 -0.837840
v -0.680880 0.783064 -0.943495
v -0.680880 0.783064 -0.943495
v -0.680880 0.783064 -0.943495
v -0.680880 0.783064 -0.943495
v -0.680880 0.783064 -0.943495
v -0.680880 0.783064 -0.943495
v -0.680880 0.783064 -0.943495
v -0.709664 0.757635 -0.943495
v -0.709664 0.757635 -0.943495
v -0.709664 0.757635 -0.943495
v -0.709664 0.757635 -0.943495
v -0.709664 0.757635 -0.943495
v -0.709664 0.757635 -0.943495
v -0.709664 0.757635 -0.943495
v -0.651179 0.807468 -0.943495
v -0.651179 0.807468 -0.943495
v -0.651179 0.807468 -0.943495
v -0.651179 0.807468 -0.943495
v -0.651179 0.807468 -0.943495
v -0.664945 0.709894 -1.030008
v -0.664945 0.709894 -1.030008
v -0.664945 0.709894 -1.030008
v -0.664945 0.709894 -1.030008
v -0.664945 0.709894 -1.030008
v -0.664945 0.709894 -1.030008
v -0.658286 0.715939 -1.030008
v -0.658286 0.715939 -1.030008
v -0.658286 0.715939 -1.030008
v -0.658286 0.715939 -1.030008
v -0.658286 0.715939 -1.030008
v -0.658286 0.715939 -1.030008
v -0.664772 0.722994 -1.017538
v -0.664772 0.722994 -1.017538
v -0.664772 0.722994 -1.017538
v -0.664772 0.722994 -1.017538
v -0.664772 0.722994 -1.017538
v -0.664772 0.722994 -1.017538
v -0.671498 0.716890 -1.017538
v -0.671498 0.716890 -1.017538
v -0.671498 0.716890 -1.017538
v -0.671498 0.716890 -1.017538
v -0.651571 0.721926 -1.030008
v -0.651571 0.721926 -1.030008
v -0.651571 0.721926 -1.030008
v -0.651571 0.721926 -1.030008
v -0.651571 0.721926 -1.030008
v -0.651571 0.721926 -1.030008
v -0.657991 0.729038 -1.017538
v -0.657991 0.729038 -1.017538
v -0.657991 0.729038 -1.017538
v -0.657991 0.729038 -1.017538
v -0.657991 0.729038 -1.017538
v -0.684484 0.730755 -0.992636
v -0.684484 0.730755 -0.992636
v -0.684484 0.730755 -0.992636
v -0.684484 0.730755 -0.992636
v -0.684484 0.730755 -0.992636
v -0.684484 0.730755 -0.992636
v -0.670717 0.743139 -0.992636
v -0.670717 0.743139 -0.992636
v -0.670717 0.743139 -0.992636
v -0.670717 0.743139 -0.992636
v -0.670717 0.743139 -0.992636
v -0.670717 0.743139 -0.992636
v -0.670717 0.743139 -0.992636
v -0.651154 0.735023 -1.017538
v -0.651154 0.735023 -1.017538
v -0.651154 0.735023 -1.017538
v -0.651154 0.735023 -1.017538
v -0.651154 0.735023 -1.017538
v -0.651154 0.735023 -1.017538
v -0.651154 0.735023 -1.017538
v -0.656722 0.755280 -0.992636
v -0.656722 0.755280 -0.992636
v -0.656722 0.755280 -0.992636
v -0.656722 0.755280 -0.992636
v -0.656722 0.755280 -0.992636
v -0.644262 0.740950 -1.017538
v -0.644262 0.740950 -1.017538
v -0.644262 0.740950 -1.017538
v -0.644262 0.740950 -1.017538
v -0.644800 0.727852 -1.030008
v -0.644800 0.727852 -1.030008
v -0.644800 0.727852 -1.030008
v -0.644800 0.727852 -1.030008
v -0.698034 0.718117 -0.992636
v -0.698034 0.718117 -0.992636
v -0.698034 0.718117 -0.992636
v -0.698034 0.718117 -0.992636
v -0.698034 0.718117 -0.992636
v -0.698034 0.718117 -0.992636
v -0.737512 0.731186 -0.943495
v -0.737512 0.731186 -0.943495
v -0.737512 0.731186 -0.943495
v -0.737512 0.731186 -0.943495
v -0.737512 0.731186 -0.943495
v -0.711344 0.705242 -0.992636
v -0.711344 0.705242 -0.992636
v -0.711344 0.705242 -0.992636
v -0.711344 0.705242 -0.992636
v -0.684790 0.704493 -1.017538
v -0.684790 0.704493 -1.017538
v -0.684790 0.704493 -1.017538
v -0.684790 0.704493 -1.017538
v -0.684790 0.704493 -1.017538
v -0.672405 0.869116 -0.209079
v -0.672405 0.869116 -0.209079
v -0.672405 0.869116 -0.209079
v -0.672405 0.869116 -0.209079
v -0.672405 0.869116 -0.209079
v -0.672405 0.869116 -0.209079
v -0.708604 0.839937 -0.209079
v -0.708604 0.839937 -0.209079
v -0.708604 0.839937 -0.209079
v -0.708604 0.839937 -0.209079
v -0.708604 0.839937 -0.209079
v -0.743526 0.809250 -0.209079
v -0.743526 0.809250 -0.209079
v -0.743526 0.809250 -0.209079
v -0.743526 0.809250 -0.209079
v -0.743526 0.809250 -0.209079
v -0.743526 0.809250 -0.209079
v -0.777097 0.777098 -0.209079
v -0.777097 0.777098 -0.209079
v -0.777097 0.777098 -0.209079
v -0.777097 0.777098 -0.209079
v -0.777097 0.777098 -0.209079
v -0.777097 0.777098 -0.209079
v -0.815195 0.736992 -0.208482
v -0.815195 0.736992 -0.208482
v -0.815195 0.736992 -0.208482
v -0.815195 0.736992 -0.208482
v -0.815195 0.736992 -0.208482
v -0.815195 0.736992 -0.208482
v -1.041274 0.707748 -0.384023
v -1.041274 0.707748 -0.384023
v -1.041274 0.707748 -0.384023
v -1.041274 0.707748 -0.384023
v -1.041274 0.707748 -0.384023
v -1.041274 0.707748 -0.384023
v -1.250611 -1.320000 -1.298598
v -1.295435 -1.320000 -1.298598
v -1.295435 -1.320000 -1.499223
v -1.250611 -1.320000 -1.499223
v -1.335000 -1.320000 -1.298598
v -1.335000 -1.320000 -1.298598
v -1.335000 -1.320000 -1.499223
v -1.335000 -1.320000 -1.499223
v -1.250611 -1.320000 -0.897348
v -1.335000 -1.320000 -0.897348
v -1.335000 -1.320000 -0.897348
v -1.335000 -1.320000 -0.897348
v -1.335000 -1.320000 -0.897348
v -1.335000 -1.320000 -0.897348
v -1.295435 -1.320000 -0.496098
v -1.335000 -1.320000 -0.496098
v -1.335000 -1.320000 -0.496098
v -1.250611 -1.320000 -0.496098
v -1.295435 -1.320000 -0.295473
v -1.335000 -1.320000 -0.295473
v -1.335000 -1.320000 -0.295473
v -1.250611 -1.320000 -0.295473
v -1.157223 -1.320000 -0.897348
v -1.157223 -1.320000 -1.298598
v -1.157223 -1.320000 -0.496098
v -1.068727 -1.320000 -1.298598
v -1.113371 -1.320000 -1.298598
v -1.113371 -1.320000 -1.499223
v -1.068727 -1.320000 -1.499223
v -1.157223 -1.320000 -1.499223
v -1.068727 -1.320000 -0.897348
v -1.113371 -1.320000 -0.496098
v -1.068727 -1.320000 -0.496098
v -1.113371 -1.320000 -0.295473
v -1.157223 -1.320000 -0.295473
v -1.068727 -1.320000 -0.295473
v -0.980075 -1.320000 -1.298598
v -1.024195 -1.320000 -1.298598
v -1.024195 -1.320000 -1.499223
v -0.980075 -1.320000 -1.499223
v -0.980075 -1.320000 -0.897348
v -1.024195 -1.320000 -0.496098
v -0.980075 -1.320000 -0.496098
v -1.024195 -1.320000 -0.295473
v -0.980075 -1.320000 -0.295473
v -0.891243 -1.320000 -1.298598
v -0.934756 -1.320000 -1.298598
v -0.934756 -1.320000 -1.499223
v -0.891243 -1.320000 -1.499223
v -0.891243 -1.320000 -0.897348
v -0.934756 -1.320000 -0.496098
v -0.891243 -1.320000 -0.496098
v -0.934756 -1.320000 -0.295473
v -0.891243 -1.320000 -0.295473
v -0.800139 -1.320000 -0.897348
v -0.800139 -1.320000 -0.897348
v -0.800139 -1.320000 -0.897348
v -0.800139 -1.320000 -0.897348
v -0.800139 -1.320000 -0.897348
v -0.800139 -1.320000 -1.298598
v -0.800139 -1.320000 -1.298598
v -0.800139 -1.320000 -0.496098
v -0.800139 -1.320000 -0.496098
v -0.714796 -1.319479 -1.298598
v -0.714796 -1.319479 -1.298598
v -0.714796 -1.319479 -1.298598
v -0.752376 -1.319981 -1.298598
v -0.752376 -1.319981 -1.298598
v -0.752376 -1.319981 -1.298598
v -0.752376 -1.319981 -1.298598
v -0.752376 -1.319981 -1.499223
v -0.752376 -1.319981 -1.499223
v -0.752376 -1.319981 -1.499223
v -0.752376 -1.319981 -1.499223
v -0.714796 -1.319479 -1.499223
v -0.714796 -1.319479 -1.499223
v -0.800139 -1.320000 -1.499223
v -0.800139 -1.320000 -1.499223
v -0.714796 -1.319479 -1.097973
v -0.714796 -1.319479 -1.097973
v -0.714796 -1.319479 -1.097973
v -0.714796 -1.319479 -1.097973
v -0.714796 -1.319479 -0.897348
v -0.714796 -1.319479 -0.897348
v -0.714796 -1.319479 -0.696723
v -0.714796 -1.319479 -0.696723
v -0.714796 -1.319479 -0.696723
v -0.714796 -1.319479 -0.696723
v -0.714796 -1.319479 -0.496098
v -0.714796 -1.319479 -0.496098
v -0.752376 -1.319981 -0.496098
v -0.752376 -1.319981 -0.496098
v -0.752376 -1.319981 -0.496098
v -0.752376 -1.319981 -0.496098
v -0.752376 -1.319981 -0.295473
v -0.752376 -1.319981 -0.295473
v -0.752376 -1.319981 -0.295473
v -0.752376 -1.319981 -0.295473
v -0.800139 -1.320000 -0.295473
v -0.800139 -1.320000 -0.295473
v -0.714796 -1.319479 -0.295473
v -0.714796 -1.319479 -0.295473
v -0.714796 -1.319479 -0.295473
v -0.649160 -1.304131 -1.499223
v -0.649160 -1.304131 -1.499223
v -0.649160 -1.304131 -1.499223
v -0.649160 -1.304131 -1.499223
v -0.640742 -1.290709 -1.499223
v -0.640742 -1.290709 -1.499223
v -0.640742 -1.290709 -1.499223
v -0.640742 -1.290709 -1.298598
v -0.640742 -1.290709 -1.298598
v -0.640742 -1.290709 -1.298598
v -0.640742 -1.290709 -1.298598
v -0.663315 -1.312662 -1.298598
v -0.663315 -1.312662 -1.298598
v -0.663315 -1.312662 -1.298598
v -0.663315 -1.312662 -1.298598
v -0.663315 -1.312662 -1.298598
v -0.663315 -1.312662 -1.499223
v -0.663315 -1.312662 -1.499223
v -0.649160 -1.304131 -1.599535
v -0.649160 -1.304131 -1.599535
v -0.649160 -1.304131 -1.599535
v -0.649160 -1.304131 -1.599535
v -0.649160 -1.304131 -1.599535
v -0.640742 -1.290709 -1.599535
v -0.640742 -1.290709 -1.599535
v -0.640742 -1.290709 -1.599535
v -0.640742 -1.290709 -1.599535
v -0.640742 -1.290709 -1.599535
v -0.663315 -1.312662 -1.599535
v -0.663315 -1.312662 -1.599535
v -0.663315 -1.312662 -1.599535
v -0.640742 -1.290709 -0.897348
v -0.640742 -1.290709 -0.897348
v -0.640742 -1.290709 -0.897348
v -0.663315 -1.312662 -0.897348
v -0.663315 -1.312662 -0.897348
v -0.663315 -1.312662 -0.897348
v -0.663315 -1.312662 -1.097973
v -0.663315 -1.312662 -1.097973
v -0.663315 -1.312662 -1.097973
v -0.640742 -1.290709 -1.097973
v -0.640742 -1.290709 -1.097973
v -0.640742 -1.290709 -1.097973
v -0.640742 -1.290709 -1.097973
v -0.640742 -1.290709 -1.097973
v -0.640742 -1.290709 -0.496098
v -0.640742 -1.290709 -0.496098
v -0.640742 -1.290709 -0.496098
v -0.640742 -1.290709 -0.496098
v -0.640742 -1.290709 -0.496098
v -0.663315 -1.312662 -0.496098
v -0.663315 -1.312662 -0.496098
v -0.663315 -1.312662 -0.496098
v -0.663315 -1.312662 -0.496098
v -0.663315 -1.312662 -0.696723
v -0.663315 -1.312662 -0.696723
v -0.663315 -1.312662 -0.696723
v -0.640742 -1.290709 -0.696723
v -0.640742 -1.290709 -0.696723
v -0.640742 -1.290709 -0.696723
v -0.640742 -1.290709 -0.696723
v -0.640742 -1.290709 -0.696723
v -0.649160 -1.304131 -0.195160
v -0.649160 -1.304131 -0.195160
v -0.649160 -1.304131 -0.195160
v -0.649160 -1.304131 -0.195160
v -0.663315 -1.312662 -0.195160
v -0.663315 -1.312662 -0.195160
v -0.663315 -1.312662 -0.295473
v -0.663315 -1.312662 -0.295473
v -0.663315 -1.312662 -0.295473
v -0.649160 -1.304131 -0.295473
v -0.649160 -1.304131 -0.295473
v -0.649160 -1.304131 -0.295473
v -0.649160 -1.304131 -0.295473
v -0.640742 -1.290709 -0.195160
v -0.640742 -1.290709 -0.195160
v -0.640742 -1.290709 -0.295473
v -0.640742 -1.290709 -0.295473
v -0.635000 -1.196003 -1.298598
v -0.635000 -1.196003 -1.298598
v -0.635404 -1.254305 -1.298598
v -0.635404 -1.254305 -1.298598
v -0.635404 -1.254305 -1.298598
v -0.635404 -1.254305 -1.499223
v -0.635404 -1.254305 -1.499223
v -0.635404 -1.254305 -1.499223
v -0.635404 -1.254305 -1.499223
v -0.635000 -1.196003 -1.499223
v -0.635000 -1.196003 -1.499223
v -0.635000 -1.196003 -0.897348
v -0.635000 -1.196003 -0.897348
v -0.635000 -1.196003 -0.897348
v -0.635000 -1.196003 -0.897348
v -0.635000 -1.196003 -0.897348
v -0.635404 -1.254305 -0.496098
v -0.635404 -1.254305 -0.496098
v -0.635404 -1.254305 -0.496098
v -0.635000 -1.196003 -0.496098
v -0.635000 -1.196003 -0.496098
v -0.635404 -1.254305 -0.295473
v -0.635404 -1.254305 -0.295473
v -0.635404 -1.254305 -0.295473
v -0.635000 -1.196003 -0.295473
v -0.635000 -1.196003 -0.295473
v -0.635000 -1.111702 -1.298598
v -0.635000 -1.156206 -1.298598
v -0.635000 -1.156206 -1.499223
v -0.635000 -1.111702 -1.499223
v -0.635000 -1.111702 -0.897348
v -0.635000 -1.111702 -0.696723
v -0.635000 -1.111702 -0.496098
v -0.635000 -1.156206 -0.496098
v -0.635000 -1.156206 -0.295473
v -0.635000 -1.111702 -0.395785
v -0.635000 -1.111702 -0.295473
v -0.635000 -1.067526 -0.897348
v -0.635000 -1.021786 -1.298598
v -0.635000 -1.021786 -0.897348
v -0.635000 -1.067526 -0.696723
v -0.635000 -1.089884 -0.195160
v -0.635000 -1.111702 -0.195160
v -0.635000 -1.089884 -0.295473
v -0.635000 -1.078764 -0.295473
v -0.635000 -1.067526 -0.295473
v -0.635000 -1.067526 -0.195160
v -0.635000 -1.078764 -0.345629
v -0.635000 -1.067526 -0.345629
v -0.635000 -1.089884 -0.345629
v -0.635000 -1.089884 -0.395785
v -0.635000 -0.933050 -1.298598
v -0.635000 -0.977047 -1.298598
v -0.635000 -0.977047 -1.499223
v -0.635000 -0.933050 -1.499223
v -0.635000 -1.021786 -1.499223
v -0.635000 -0.977047 -0.897348
v -0.635000 -0.933050 -0.897348
v -0.635000 -0.844118 -1.298598
v -0.635000 -0.886742 -1.298598
v -0.635000 -0.886742 -1.499223
v -0.635000 -0.844118 -1.499223
v -0.635826 -0.752279 -1.298598
v -0.635826 -0.752279 -1.298598
v -0.635002 -0.791246 -1.298598
v -0.635002 -0.791246 -1.298598
v -0.635002 -0.791246 -1.298598
v -0.635002 -0.791246 -1.298598
v -0.635002 -0.791246 -1.499223
v -0.635002 -0.791246 -1.499223
v -0.635002 -0.791246 -1.499223
v -0.635826 -0.752279 -1.499223
v -0.635826 -0.752279 -1.499223
v -0.635002 -0.791246 -1.097973
v -0.635002 -0.791246 -1.097973
v -0.635002 -0.791246 -1.097973
v -0.635000 -0.844118 -1.097973
v -0.635826 -0.752279 -1.198285
v -0.635826 -0.752279 -1.198285
v -0.635826 -0.752279 -1.198285
v -0.635826 -0.752279 -1.198285
v -0.635826 -0.752279 -1.198285
v -0.635826 -0.752279 -1.198285
v -0.635826 -0.752279 -1.097973
v -0.635826 -0.752279 -1.097973
v -0.635826 -0.752279 -1.097973
v -0.635155 -0.770086 -1.097973
v -0.635155 -0.770086 -1.097973
v -0.635155 -0.770086 -1.097973
v -0.635155 -0.770086 -1.097973
v -0.635155 -0.770086 -1.097973
v -0.635155 -0.770086 -1.097973
v -0.660917 -0.703285 -1.298598
v -0.660917 -0.703285 -1.298598
v -0.660917 -0.703285 -1.298598
v -0.646942 -0.713274 -1.298598
v -0.646942 -0.713274 -1.298598
v -0.646942 -0.713274 -1.298598
v -0.646942 -0.713274 -1.499223
v -0.646942 -0.713274 -1.499223
v -0.646942 -0.713274 -1.499223
v -0.660917 -0.703285 -1.499223
v -0.660917 -0.703285 -1.499223
v -0.660917 -0.703285 -1.499223
v -0.682949 -0.697823 -1.499223
v -0.682949 -0.697823 -1.499223
v -0.682949 -0.697823 -1.499223
v -0.682949 -0.697823 -1.298598
v -0.682949 -0.697823 -1.298598
v -0.639189 -0.729151 -1.298598
v -0.639189 -0.729151 -1.298598
v -0.639189 -0.729151 -1.298598
v -0.639189 -0.729151 -1.499223
v -0.639189 -0.729151 -1.499223
v -0.639189 -0.729151 -1.599535
v -0.639189 -0.729151 -1.599535
v -0.639189 -0.729151 -1.599535
v -0.639189 -0.729151 -1.599535
v -0.646942 -0.713274 -1.599535
v -0.646942 -0.713274 -1.599535
v -0.646942 -0.713274 -1.599535
v -0.646942 -0.713274 -1.599535
v -0.635826 -0.752279 -1.599535
v -0.635826 -0.752279 -1.599535
v -0.660917 -0.703285 -1.599535
v -0.660917 -0.703285 -1.599535
v -0.660917 -0.703285 -1.599535
v -0.660917 -0.703285 -1.599535
v -0.682949 -0.697823 -1.599535
v -0.682949 -0.697823 -1.599535
v -0.682949 -0.697823 -1.599535
v -0.670811 -0.700073 -1.047817
v -0.670811 -0.700073 -1.047817
v -0.670811 -0.700073 -1.047817
v -0.670811 -0.700073 -1.047817
v -0.670811 -0.700073 -1.047817
v -0.670811 -0.700073 -1.047817
v -0.660917 -0.703285 -1.047817
v -0.660917 -0.703285 -1.047817
v -0.660917 -0.703285 -1.047817
v -0.660917 -0.703285 -1.097973
v -0.660917 -0.703285 -1.097973
v -0.660917 -0.703285 -1.097973
v -0.660917 -0.703285 -1.097973
v -0.660917 -0.703285 -1.097973
v -0.670811 -0.700073 -1.097973
v -0.670811 -0.700073 -1.097973
v -0.670811 -0.700073 -1.097973
v -0.670811 -0.700073 -1.097973
v -0.682949 -0.697823 -1.047817
v -0.682949 -0.697823 -1.047817
v -0.682949 -0.697823 -1.047817
v -0.682949 -0.697823 -1.047817
v -0.682949 -0.697823 -1.047817
v -0.682949 -0.697823 -1.097973
v -0.682949 -0.697823 -1.097973
v -0.682949 -0.697823 -1.097973
v -0.682949 -0.697823 -1.097973
v -0.637074 -0.739723 -1.047817
v -0.637074 -0.739723 -1.047817
v -0.637074 -0.739723 -1.047817
v -0.637074 -0.739723 -1.047817
v -0.637074 -0.739723 -1.047817
v -0.637074 -0.739723 -1.047817
v -0.635826 -0.752279 -1.047817
v -0.635826 -0.752279 -1.047817
v -0.635826 -0.752279 -1.047817
v -0.635826 -0.752279 -1.047817
v -0.637074 -0.739723 -1.097973
v -0.637074 -0.739723 -1.097973
v -0.637074 -0.739723 -1.097973
v -0.637074 -0.739723 -1.097973
v -0.637074 -0.739723 -1.097973
v -0.637074 -0.739723 -1.097973
v -0.639189 -0.729151 -1.047817
v -0.639189 -0.729151 -1.047817
v -0.639189 -0.729151 -1.047817
v -0.639189 -0.729151 -1.047817
v -0.639189 -0.729151 -1.047817
v -0.639189 -0.729151 -1.097973
v -0.639189 -0.729151 -1.097973
v -0.639189 -0.729151 -1.097973
v -0.639189 -0.729151 -1.097973
v -0.639189 -0.729151 -1.097973
v -0.642402 -0.720390 -1.047817
v -0.642402 -0.720390 -1.047817
v -0.642402 -0.720390 -1.047817
v -0.642402 -0.720390 -1.047817
v -0.642402 -0.720390 -1.047817
v -0.642402 -0.720390 -1.097973
v -0.642402 -0.720390 -1.097973
v -0.642402 -0.720390 -1.097973
v -0.642402 -0.720390 -1.097973
v -0.642402 -0.720390 -1.097973
v -0.642402 -0.720390 -1.097973
v -0.639189 -0.729151 -1.198285
v -0.639189 -0.729151 -1.198285
v -0.639189 -0.729151 -1.198285
v -0.639189 -0.729151 -1.198285
v -0.639189 -0.729151 -1.198285
v -0.639189 -0.729151 -1.198285
v -0.646942 -0.713274 -1.198285
v -0.646942 -0.713274 -1.198285
v -0.646942 -0.713274 -1.198285
v -0.646942 -0.713274 -1.198285
v -0.646942 -0.713274 -1.198285
v -0.646942 -0.713274 -1.198285
v -0.646942 -0.713274 -1.198285
v -0.646942 -0.713274 -1.097973
v -0.646942 -0.713274 -1.097973
v -0.646942 -0.713274 -1.097973
v -0.646942 -0.713274 -1.097973
v -0.646942 -0.713274 -1.097973
v -0.660917 -0.703285 -1.198285
v -0.660917 -0.703285 -1.198285
v -0.660917 -0.703285 -1.198285
v -0.660917 -0.703285 -1.198285
v -0.660917 -0.703285 -1.198285
v -0.660917 -0.703285 -1.198285
v -0.660917 -0.703285 -1.198285
v -0.682949 -0.697823 -1.198285
v -0.682949 -0.697823 -1.198285
v -0.682949 -0.697823 -1.198285
v -0.682949 -0.697823 -1.198285
v -0.682949 -0.697823 -1.198285
v -0.682949 -0.697823 -1.198285
v -0.653037 -0.707628 -1.097973
v -0.653037 -0.707628 -1.097973
v -0.653037 -0.707628 -1.097973
v -0.653037 -0.707628 -1.097973
v -0.653037 -0.707628 -1.097973
v -0.653037 -0.707628 -1.097973
v -0.775000 -0.695000 -1.298598
v -0.775000 -0.695000 -1.298598
v -0.775000 -0.695000 -1.298598
v -0.720925 -0.695353 -1.298598
v -0.720925 -0.695353 -1.298598
v -0.720925 -0.695353 -1.298598
v -0.720925 -0.695353 -1.298598
v -0.720925 -0.695353 -1.298598
v -0.720925 -0.695353 -1.298598
v -0.720925 -0.695353 -1.499223
v -0.720925 -0.695353 -1.499223
v -0.720925 -0.695353 -1.499223
v -0.720925 -0.695353 -1.499223
v -0.720925 -0.695353 -1.499223
v -0.775000 -0.695000 -1.499223
v -0.775000 -0.695000 -1.499223
v -0.700103 -0.696190 -1.097973
v -0.700103 -0.696190 -1.097973
v -0.700103 -0.696190 -1.097973
v -0.700103 -0.696190 -1.097973
v -0.700103 -0.696190 -1.097973
v -0.700103 -0.696190 -1.097973
v -0.700103 -0.696190 -1.097973
v -0.720925 -0.695353 -1.097973
v -0.720925 -0.695353 -1.097973
v -0.720925 -0.695353 -1.097973
v -0.720925 -0.695353 -1.097973
v -0.775000 -0.695000 -1.097973
v -0.775000 -0.695000 -1.097973
v -0.775000 -0.695000 -1.097973
v -0.775000 -0.695000 -1.097973
v -0.775000 -0.695000 -1.097973
v -0.859389 -0.695000 -1.298598
v -0.814565 -0.695000 -1.298598
v -0.814565 -0.695000 -1.499223
v -0.859389 -0.695000 -1.499223
v -0.814565 -0.695000 -1.097973
v -0.814565 -0.695000 -1.097973
v -0.859389 -0.695000 -1.097973
v -0.859389 -0.695000 -0.119926
v -0.853536 -0.695000 -0.119926
v -0.853536 -0.695000 -0.145004
v -0.853536 -0.695000 -0.145004
v -0.859389 -0.695000 -0.145004
v -0.870426 -0.695000 -0.145004
v -0.859389 -0.695000 -0.195160
v -0.870426 -0.695000 -0.195160
v -0.881672 -0.695000 -0.145004
v -0.881672 -0.695000 -0.195160
v -1.041273 -0.695000 -1.298598
v -0.996629 -0.695000 -1.298598
v -0.996629 -0.695000 -1.499223
v -1.041273 -0.695000 -1.499223
v -0.952777 -0.695000 -1.298598
v -0.952777 -0.695000 -1.499223
v -0.996629 -0.695000 -0.897348
v -0.952777 -0.695000 -0.897348
v -1.041273 -0.695000 -0.897348
v -1.041273 -0.695000 -0.696723
v -1.041273 -0.695000 -0.696723
v -0.996629 -0.695000 -0.696723
v -0.996629 -0.695000 -0.696723
v -1.018890 -0.695000 -0.295473
v -1.018890 -0.695000 -0.195160
v -0.996629 -0.695000 -0.195160
v -1.030071 -0.695000 -0.295473
v -1.041273 -0.695000 -0.295473
v -1.041273 -0.695000 -0.295473
v -1.041273 -0.695000 -0.195160
v -1.129925 -0.695000 -1.298598
v -1.085805 -0.695000 -1.298598
v -1.085805 -0.695000 -1.499223
v -1.129925 -0.695000 -1.499223
v -1.085805 -0.695000 -0.897348
v -1.129925 -0.695000 -0.897348
v -1.129925 -0.695000 -0.496098
v -1.085805 -0.695000 -0.496098
v -1.085805 -0.695000 -0.696723
v -1.129925 -0.695000 -0.696723
v -1.052412 -0.695000 -0.295473
v -1.052412 -0.695000 -0.295473
v -1.063553 -0.695000 -0.295473
v -1.063553 -0.695000 -0.295473
v -1.063553 -0.695000 -0.195160
v -1.085805 -0.695000 -0.195160
v -1.085805 -0.695000 -0.295473
v -1.063553 -0.695000 -0.345629
v -1.063553 -0.695000 -0.345629
v -1.063553 -0.695000 -0.345629
v -1.063553 -0.695000 -0.395785
v -1.063553 -0.695000 -0.395785
v -1.085805 -0.695000 -0.395785
v -1.052412 -0.695000 -0.345629
v -1.052412 -0.695000 -0.345629
v -1.052412 -0.695000 -0.345629
v -1.041273 -0.695000 -0.345629
v -1.041273 -0.695000 -0.345629
v -1.041273 -0.695000 -0.345629
v -1.041273 -0.695000 -0.345629
v -1.063553 -0.695000 -0.496098
v -1.129925 -0.695000 -0.295473
v -1.218757 -0.695000 -1.298598
v -1.175244 -0.695000 -1.298598
v -1.175244 -0.695000 -1.499223
v -1.218757 -0.695000 -1.499223
v -1.218757 -0.695000 -0.897348
v -1.175244 -0.695000 -0.496098
v -1.218757 -0.695000 -0.496098
v -1.175244 -0.695000 -0.295473
v -1.218757 -0.695000 -0.295473
v -1.309860 -0.695000 -0.897348
v -1.309860 -0.695000 -0.897348
v -1.309860 -0.695000 -0.897348
v -1.309860 -0.695000 -0.897348
v -1.309860 -0.695000 -0.897348
v -1.309860 -0.695000 -1.298598
v -1.309860 -0.695000 -1.298598
v -1.309860 -0.695000 -0.496098
v -1.309860 -0.695000 -0.496098
v -1.395204 -0.695520 -1.298598
v -1.395204 -0.695520 -1.298598
v -1.395204 -0.695520 -1.298598
v -1.357624 -0.695019 -1.298598
v -1.357624 -0.695019 -1.298598
v -1.357624 -0.695019 -1.298598
v -1.357624 -0.695019 -1.298598
v -1.357624 -0.695019 -1.499223
v -1.357624 -0.695019 -1.499223
v -1.357624 -0.695019 -1.499223
v -1.357624 -0.695019 -1.499223
v -1.395204 -0.695520 -1.499223
v -1.395204 -0.695520 -1.499223
v -1.309860 -0.695000 -1.499223
v -1.309860 -0.695000 -1.499223
v -1.395204 -0.695520 -1.097973
v -1.395204 -0.695520 -1.097973
v -1.395204 -0.695520 -1.097973
v -1.395204 -0.695520 -1.097973
v -1.395204 -0.695520 -0.897348
v -1.395204 -0.695520 -0.897348
v -1.395204 -0.695520 -0.696723
v -1.395204 -0.695520 -0.696723
v -1.395204 -0.695520 -0.696723
v -1.395204 -0.695520 -0.696723
v -1.395204 -0.695520 -0.496098
v -1.395204 -0.695520 -0.496098
v -1.357624 -0.695019 -0.496098
v -1.357624 -0.695019 -0.496098
v -1.357624 -0.695019 -0.496098
v -1.357624 -0.695019 -0.496098
v -1.357624 -0.695019 -0.295473
v -1.357624 -0.695019 -0.295473
v -1.357624 -0.695019 -0.295473
v -1.357624 -0.695019 -0.295473
v -1.309860 -0.695000 -0.295473
v -1.309860 -0.695000 -0.295473
v -1.395204 -0.695520 -0.295473
v -1.395204 -0.695520 -0.295473
v -1.395204 -0.695520 -0.295473
v -1.460839 -0.710869 -1.499223
v -1.460839 -0.710869 -1.499223
v -1.460839 -0.710869 -1.499223
v -1.460839 -0.710869 -1.499223
v -1.460839 -0.710869 -1.499223
v -1.469258 -0.724291 -1.499223
v -1.469258 -0.724291 -1.499223
v -1.469258 -0.724291 -1.499223
v -1.469258 -0.724291 -1.298598
v -1.469258 -0.724291 -1.298598
v -1.469258 -0.724291 -1.298598
v -1.469258 -0.724291 -1.298598
v -1.446684 -0.702337 -1.298598
v -1.446684 -0.702337 -1.298598
v -1.446684 -0.702337 -1.298598
v -1.446684 -0.702337 -1.298598
v -1.446684 -0.702337 -1.298598
v -1.446684 -0.702337 -1.499223
v -1.446684 -0.702337 -1.499223
v -1.446684 -0.702337 -1.499223
v -1.460839 -0.710869 -1.599535
v -1.460839 -0.710869 -1.599535
v -1.460839 -0.710869 -1.599535
v -1.460839 -0.710869 -1.599535
v -1.460839 -0.710869 -1.599535
v -1.469258 -0.724291 -1.599535
v -1.469258 -0.724291 -1.599535
v -1.469258 -0.724291 -1.599535
v -1.469258 -0.724291 -1.599535
v -1.446684 -0.702337 -1.599535
v -1.446684 -0.702337 -1.599535
v -1.446684 -0.702337 -1.599535
v -1.469258 -0.724291 -0.897348
v -1.469258 -0.724291 -0.897348
v -1.469258 -0.724291 -0.897348
v -1.446684 -0.702337 -0.897348
v -1.446684 -0.702337 -0.897348
v -1.446684 -0.702337 -0.897348
v -1.446684 -0.702337 -1.097973
v -1.446684 -0.702337 -1.097973
v -1.446684 -0.702337 -1.097973
v -1.469258 -0.724291 -1.097973
v -1.469258 -0.724291 -1.097973
v -1.469258 -0.724291 -1.097973
v -1.469258 -0.724291 -1.097973
v -1.469258 -0.724291 -1.097973
v -1.469258 -0.724291 -0.496098
v -1.469258 -0.724291 -0.496098
v -1.469258 -0.724291 -0.496098
v -1.469258 -0.724291 -0.496098
v -1.469258 -0.724291 -0.496098
v -1.446684 -0.702337 -0.496098
v -1.446684 -0.702337 -0.496098
v -1.446684 -0.702337 -0.496098
v -1.446684 -0.702337 -0.496098
v -1.446684 -0.702337 -0.696723
v -1.446684 -0.702337 -0.696723
v -1.446684 -0.702337 -0.696723
v -1.469258 -0.724291 -0.696723
v -1.469258 -0.724291 -0.696723
v -1.469258 -0.724291 -0.696723
v -1.469258 -0.724291 -0.696723
v -1.469258 -0.724291 -0.696723
v -1.460839 -0.710869 -0.195160
v -1.460839 -0.710869 -0.195160
v -1.460839 -0.710869 -0.195160
v -1.460839 -0.710869 -0.195160
v -1.446684 -0.702337 -0.195160
v -1.446684 -0.702337 -0.195160
v -1.446684 -0.702337 -0.295473
v -1.446684 -0.702337 -0.295473
v -1.460839 -0.710869 -0.295473
v -1.460839 -0.710869 -0.295473
v -1.460839 -0.710869 -0.295473
v -1.460839 -0.710869 -0.295473
v -1.469258 -0.724291 -0.195160
v -1.469258 -0.724291 -0.195160
v -1.469258 -0.724291 -0.195160
v -1.469258 -0.724291 -0.295473
v -1.469258 -0.724291 -0.295473
v -1.475000 -0.818996 -1.298598
v -1.475000 -0.818996 -1.298598
v -1.474596 -0.760695 -1.298598
v -1.474596 -0.760695 -1.298598
v -1.474596 -0.760695 -1.298598
v -1.474596 -0.760695 -1.499223
v -1.474596 -0.760695 -1.499223
v -1.474596 -0.760695 -1.499223
v -1.475000 -0.818996 -1.499223
v -1.475000 -0.818996 -1.499223
v -1.475000 -0.818996 -0.897348
v -1.475000 -0.818996 -0.897348
v -1.475000 -0.818996 -0.897348
v -1.475000 -0.818996 -0.897348
v -1.475000 -0.818996 -0.897348
v -1.474596 -0.760695 -0.496098
v -1.474596 -0.760695 -0.496098
v -1.474596 -0.760695 -0.496098
v -1.475000 -0.818996 -0.496098
v -1.475000 -0.818996 -0.496098
v -1.474596 -0.760695 -0.295473
v -1.474596 -0.760695 -0.295473
v -1.474596 -0.760695 -0.295473
v -1.475000 -0.818996 -0.295473
v -1.475000 -0.818996 -0.295473
v -1.475000 -0.903297 -1.298598
v -1.475000 -0.858793 -1.298598
v -1.475000 -0.858793 -1.499223
v -1.475000 -0.903297 -1.499223
v -1.475000 -0.903297 -0.897348
v -1.475000 -0.858793 -0.496098
v -1.475000 -0.903297 -0.496098
v -1.475000 -0.858793 -0.295473
v -1.475000 -0.903297 -0.295473
v -1.475000 -0.993214 -0.897348
v -1.475000 -0.993214 -1.298598
v -1.475000 -0.993214 -0.496098
v -1.475000 -1.081949 -1.298598
v -1.475000 -1.037953 -1.298598
v -1.475000 -1.037953 -1.499223
v -1.475000 -1.081949 -1.499223
v -1.475000 -0.993214 -1.499223
v -1.475000 -1.081949 -0.897348
v -1.475000 -1.037953 -0.496098
v -1.475000 -1.081949 -0.496098
v -1.475000 -1.037953 -0.295473
v -1.475000 -0.993214 -0.295473
v -1.475000 -1.081949 -0.295473
v -1.475000 -1.170881 -1.298598
v -1.475000 -1.128258 -1.298598
v -1.475000 -1.128258 -1.499223
v -1.475000 -1.170881 -1.499223
v -1.475000 -1.170881 -0.897348
v -1.475000 -1.170881 -0.897348
v -1.475000 -1.170881 -0.897348
v -1.475000 -1.170881 -0.897348
v -1.475000 -1.128258 -0.496098
v -1.475000 -1.170881 -0.496098
v -1.475000 -1.128258 -0.295473
v -1.475000 -1.170881 -0.295473
v -1.474174 -1.262720 -1.298598
v -1.474174 -1.262720 -1.298598
v -1.474174 -1.262720 -1.298598
v -1.474174 -1.262720 -1.298598
v -1.474998 -1.223753 -1.298598
v -1.474998 -1.223753 -1.298598
v -1.474998 -1.223753 -1.298598
v -1.474998 -1.223753 -1.499223
v -1.474998 -1.223753 -1.499223
v -1.474998 -1.223753 -1.499223
v -1.474174 -1.262720 -1.499223
v -1.474174 -1.262720 -1.499223
v -1.474174 -1.262720 -1.097973
v -1.474174 -1.262720 -1.097973
v -1.474174 -1.262720 -1.097973
v -1.474174 -1.262720 -1.097973
v -1.474174 -1.262720 -0.897348
v -1.474174 -1.262720 -0.897348
v -1.474174 -1.262720 -0.696723
v -1.474174 -1.262720 -0.696723
v -1.474174 -1.262720 -0.696723
v -1.474174 -1.262720 -0.696723
v -1.474174 -1.262720 -0.496098
v -1.474174 -1.262720 -0.496098
v -1.474174 -1.262720 -0.496098
v -1.474174 -1.262720 -0.496098
v -1.474998 -1.223753 -0.496098
v -1.474998 -1.223753 -0.496098
v -1.474998 -1.223753 -0.496098
v -1.474998 -1.223753 -0.295473
v -1.474998 -1.223753 -0.295473
v -1.474998 -1.223753 -0.295473
v -1.474174 -1.262720 -0.295473
v -1.474174 -1.262720 -0.295473
v -1.449083 -1.311714 -1.499223
v -1.449083 -1.311714 -1.499223
v -1.449083 -1.311714 -1.499223
v -1.449083 -1.311714 -1.499223
v -1.449083 -1.311714 -1.499223
v -1.427051 -1.317177 -1.499223
v -1.427051 -1.317177 -1.499223
v -1.427051 -1.317177 -1.499223
v -1.427051 -1.317177 -1.499223
v -1.427051 -1.317177 -1.298598
v -1.427051 -1.317177 -1.298598
v -1.427051 -1.317177 -1.298598
v -1.427051 -1.317177 -1.298598
v -1.463058 -1.301726 -1.298598
v -1.463058 -1.301726 -1.298598
v -1.463058 -1.301726 -1.298598
v -1.463058 -1.301726 -1.298598
v -1.463058 -1.301726 -1.298598
v -1.463058 -1.301726 -1.298598
v -1.463058 -1.301726 -1.298598
v -1.463058 -1.301726 -1.499223
v -1.463058 -1.301726 -1.499223
v -1.463058 -1.301726 -1.499223
v -1.470811 -1.285849 -1.499223
v -1.470811 -1.285849 -1.499223
v -1.470811 -1.285849 -1.499223
v -1.470811 -1.285849 -1.599535
v -1.470811 -1.285849 -1.599535
v -1.470811 -1.285849 -1.599535
v -1.470811 -1.285849 -1.599535
v -1.470811 -1.285849 -1.599535
v -1.463058 -1.301726 -1.599535
v -1.463058 -1.301726 -1.599535
v -1.463058 -1.301726 -1.599535
v -1.463058 -1.301726 -1.599535
v -1.474174 -1.262720 -1.599535
v -1.474174 -1.262720 -1.599535
v -1.449083 -1.311714 -1.599535
v -1.449083 -1.311714 -1.599535
v -1.449083 -1.311714 -1.599535
v -1.427051 -1.317177 -1.599535
v -1.427051 -1.317177 -1.599535
v -1.427051 -1.317177 -1.599535
v -1.427051 -1.317177 -0.897348
v -1.427051 -1.317177 -0.897348
v -1.427051 -1.317177 -0.897348
v -1.463058 -1.301726 -0.897348
v -1.463058 -1.301726 -0.897348
v -1.463058 -1.301726 -0.897348
v -1.463058 -1.301726 -1.097973
v -1.463058 -1.301726 -1.097973
v -1.463058 -1.301726 -1.097973
v -1.427051 -1.317177 -1.097973
v -1.427051 -1.317177 -1.097973
v -1.427051 -1.317177 -1.097973
v -1.427051 -1.317177 -1.097973
v -1.427051 -1.317177 -1.097973
v -1.427051 -1.317177 -0.496098
v -1.427051 -1.317177 -0.496098
v -1.427051 -1.317177 -0.496098
v -1.427051 -1.317177 -0.496098
v -1.427051 -1.317177 -0.496098
v -1.427051 -1.317177 -0.496098
v -1.463058 -1.301726 -0.496098
v -1.463058 -1.301726 -0.496098
v -1.463058 -1.301726 -0.496098
v -1.463058 -1.301726 -0.496098
v -1.463058 -1.301726 -0.496098
v -1.463058 -1.301726 -0.496098
v -1.463058 -1.301726 -0.696723
v -1.463058 -1.301726 -0.696723
v -1.463058 -1.301726 -0.696723
v -1.427051 -1.317177 -0.696723
v -1.427051 -1.317177 -0.696723
v -1.427051 -1.317177 -0.696723
v -1.427051 -1.317177 -0.696723
v -1.427051 -1.317177 -0.696723
v -1.449083 -1.311714 -0.195160
v -1.449083 -1.311714 -0.195160
v -1.449083 -1.311714 -0.195160
v -1.449083 -1.311714 -0.195160
v -1.463058 -1.301726 -0.195160
v -1.463058 -1.301726 -0.195160
v -1.463058 -1.301726 -0.295473
v -1.463058 -1.301726 -0.295473
v -1.449083 -1.311714 -0.295473
v -1.449083 -1.311714 -0.295473
v -1.449083 -1.311714 -0.295473
v -1.449083 -1.311714 -0.295473
v -1.427051 -1.317177 -0.195160
v -1.427051 -1.317177 -0.195160
v -1.427051 -1.317177 -0.195160
v -1.427051 -1.317177 -0.295473
v -1.427051 -1.317177 -0.295473
v -1.470811 -1.285849 -0.195160
v -1.470811 -1.285849 -0.195160
v -1.470811 -1.285849 -0.195160
v -1.474174 -1.262720 -0.195160
v -1.474174 -1.262720 -0.195160
v -1.470811 -1.285849 -0.295473
v -1.470811 -1.285849 -0.295473
v -1.470811 -1.285849 -0.295473
v -1.389075 -1.319647 -1.298598
v -1.389075 -1.319647 -1.298598
v -1.389075 -1.319647 -1.298598
v -1.389075 -1.319647 -1.298598
v -1.389075 -1.319647 -1.499223
v -1.389075 -1.319647 -1.499223
v -1.389075 -1.319647 -1.499223
v -1.389075 -1.319647 -1.499223
v -1.389075 -1.319647 -0.496098
v -1.389075 -1.319647 -0.496098
v -1.389075 -1.319647 -0.496098
v -1.389075 -1.319647 -0.496098
v -1.389075 -1.319647 -0.295473
v -1.389075 -1.319647 -0.295473
v -1.389075 -1.319647 -0.295473
v -1.389075 -1.319647 -0.295473
v -1.335000 -1.320000 -1.699848
v -1.335000 -1.320000 -1.699848
v -1.335000 -1.320000 -1.699848
v -1.335000 -1.320000 -1.699848
v -1.250611 -1.320000 -1.699848
v -1.250611 -1.320000 -1.699848
v -1.157223 -1.320000 -1.699848
v -1.157223 -1.320000 -1.699848
v -1.068727 -1.320000 -1.699848
v -1.068727 -1.320000 -1.699848
v -0.980075 -1.320000 -1.699848
v -0.980075 -1.320000 -1.699848
v -0.800139 -1.320000 -1.699848
v -0.800139 -1.320000 -1.699848
v -0.800139 -1.320000 -1.699848
v -0.800139 -1.320000 -1.699848
v -0.891243 -1.320000 -1.699848
v -0.891243 -1.320000 -1.699848
v -0.714796 -1.319479 -1.699848
v -0.714796 -1.319479 -1.699848
v -0.714796 -1.319479 -1.699848
v -0.714796 -1.319479 -1.699848
v -0.663315 -1.312662 -1.699848
v -0.663315 -1.312662 -1.699848
v -0.663315 -1.312662 -1.699848
v -0.663315 -1.312662 -1.699848
v -0.663315 -1.312662 -1.699848
v -0.640742 -1.290709 -1.699848
v -0.640742 -1.290709 -1.699848
v -0.640742 -1.290709 -1.699848
v -0.640742 -1.290709 -1.699848
v -0.635000 -1.196003 -1.699848
v -0.635000 -1.196003 -1.699848
v -0.635000 -1.196003 -1.699848
v -0.635000 -1.196003 -1.699848
v -0.635000 -1.111702 -1.699848
v -0.635000 -1.111702 -1.699848
v -0.635000 -1.021786 -1.699848
v -0.635000 -1.021786 -1.699848
v -0.635000 -0.933050 -1.699848
v -0.635000 -0.933050 -1.699848
v -0.635000 -0.844118 -1.699848
v -0.635000 -0.844118 -1.699848
v -0.635000 -0.844118 -1.699848
v -0.635826 -0.752279 -1.699848
v -0.635826 -0.752279 -1.699848
v -0.635826 -0.752279 -1.699848
v -0.635826 -0.752279 -1.699848
v -0.635826 -0.752279 -1.699848
v -0.646942 -0.713274 -1.699848
v -0.646942 -0.713274 -1.699848
v -0.646942 -0.713274 -1.699848
v -0.646942 -0.713274 -1.699848
v -0.646942 -0.713274 -1.699848
v -0.682949 -0.697823 -1.699848
v -0.682949 -0.697823 -1.699848
v -0.682949 -0.697823 -1.699848
v -0.682949 -0.697823 -1.699848
v -0.682949 -0.697823 -1.699848
v -0.775000 -0.695000 -1.699848
v -0.775000 -0.695000 -1.699848
v -0.775000 -0.695000 -1.699848
v -0.775000 -0.695000 -1.699848
v -0.635000 -0.799166 -0.965721
v -0.635000 -0.799166 -0.965721
v -0.635000 -0.799166 -0.965721
v -0.635000 -0.799166 -0.965721
v -0.635000 -0.799166 -0.965721
v -0.635000 -0.799166 -0.965721
v -0.635000 -0.799166 -0.965721
v -0.635987 -0.750004 -1.015451
v -0.635987 -0.750004 -1.015451
v -0.635987 -0.750004 -1.015451
v -0.635987 -0.750004 -1.015451
v -0.635987 -0.750004 -1.015451
v -0.635987 -0.750004 -1.015451
v -0.635987 -0.750004 -1.015451
v -0.644828 -0.716274 -1.041455
v -0.644828 -0.716274 -1.041455
v -0.644828 -0.716274 -1.041455
v -0.644828 -0.716274 -1.041455
v -0.644828 -0.716274 -1.041455
v -0.644828 -0.716274 -1.041455
v -0.644828 -0.716274 -1.041455
v -0.650434 -0.710043 -1.042651
v -0.650434 -0.710043 -1.042651
v -0.650434 -0.710043 -1.042651
v -0.650434 -0.710043 -1.042651
v -0.650434 -0.710043 -1.042651
v -0.638443 -0.731556 -1.031839
v -0.638443 -0.731556 -1.031839
v -0.638443 -0.731556 -1.031839
v -0.638443 -0.731556 -1.031839
v -0.638443 -0.731556 -1.031839
v -0.638443 -0.731556 -1.031839
v -0.638443 -0.731556 -1.031839
v -0.658153 -0.704866 -1.040866
v -0.658153 -0.704866 -1.040866
v -0.658153 -0.704866 -1.040866
v -0.658153 -0.704866 -1.040866
v -0.658153 -0.704866 -1.040866
v -0.658153 -0.704866 -1.040866
v -0.658153 -0.704866 -1.040866
v -0.658153 -0.704866 -1.040866
v -0.729301 -0.695086 -0.985068
v -0.729301 -0.695086 -0.985068
v -0.729301 -0.695086 -0.985068
v -0.729301 -0.695086 -0.985068
v -0.729301 -0.695086 -0.985068
v -0.729301 -0.695086 -0.985068
v -0.729301 -0.695086 -0.985068
v -0.729301 -0.695086 -0.985068
v -1.335000 -1.320000 -0.094848
v -1.335000 -1.320000 -0.094848
v -1.335000 -1.320000 -0.094848
v -1.335000 -1.320000 -0.094848
v -1.157223 -1.320000 -0.094848
v -1.157223 -1.320000 -0.094848
v -1.250611 -1.320000 -0.094848
v -1.250611 -1.320000 -0.094848
v -1.068727 -1.320000 -0.094848
v -1.068727 -1.320000 -0.094848
v -0.635000 -1.081614 -0.538460
v -0.635000 -1.081614 -0.538460
v -0.635000 -1.081614 -0.538460
v -0.635000 -1.081614 -0.538460
v -0.891243 -1.320000 -0.094848
v -0.891243 -1.320000 -0.094848
v -0.800139 -1.320000 -0.094848
v -0.800139 -1.320000 -0.094848
v -0.800139 -1.320000 -0.094848
v -0.800139 -1.320000 -0.094848
v -0.714796 -1.319479 -0.094848
v -0.714796 -1.319479 -0.094848
v -0.714796 -1.319479 -0.094848
v -0.714796 -1.319479 -0.094848
v -0.980075 -1.320000 -0.094848
v -0.980075 -1.320000 -0.094848
v -0.663315 -1.312662 -0.094848
v -0.663315 -1.312662 -0.094848
v -0.663315 -1.312662 -0.094848
v -0.663315 -1.312662 -0.094848
v -0.635000 -1.196003 -0.094848
v -0.635000 -1.196003 -0.094848
v -0.635000 -1.196003 -0.094848
v -0.635000 -1.196003 -0.094848
v -0.635000 -1.111702 -0.094848
v -0.635000 -1.111702 -0.094848
v -0.640742 -1.290709 -0.094848
v -0.640742 -1.290709 -0.094848
v -0.640742 -1.290709 -0.094848
v -0.640742 -1.290709 -0.094848
v -0.640742 -1.290709 -0.094848
v -0.635000 -0.840719 -0.920965
v -0.635000 -0.840719 -0.920965
v -0.635000 -0.840719 -0.920965
v -0.635000 -0.881134 -0.875178
v -0.635000 -0.881134 -0.875178
v -0.635000 -0.881134 -0.875178
v -0.635000 -0.881134 -0.875178
v -0.635000 -0.977304 -0.752046
v -0.635000 -0.977304 -0.752046
v -0.635000 -0.977304 -0.752046
v -0.635000 -1.019547 -0.687751
v -0.635000 -1.019547 -0.687751
v -0.635000 -1.019547 -0.687751
v -0.635000 -1.019547 -0.687751
v -0.635000 -1.019547 -0.687751
v -0.635000 -0.931479 -0.813851
v -0.635000 -0.931479 -0.813851
v -0.635000 -0.931479 -0.813851
v -0.635000 -0.931479 -0.813851
v -0.681432 -0.698038 -1.026636
v -0.681432 -0.698038 -1.026636
v -0.681432 -0.698038 -1.026636
v -0.681432 -0.698038 -1.026636
v -0.681432 -0.698038 -1.026636
v -0.681432 -0.698038 -1.026636
v -0.681432 -0.698038 -1.026636
v -0.681432 -0.698038 -1.026636
v -0.635000 -1.081614 -0.461241
v -0.635000 -1.081614 -0.461241
v -0.635000 -1.081614 -0.461241
v -0.635000 -1.081614 -0.461241
v -0.635000 -1.081614 -0.461241
v -0.635000 -1.081614 -0.384023
v -0.635000 -1.081614 -0.384023
v -0.635000 -1.081614 -0.384023
v -0.635000 -1.077562 -0.366370
v -0.635000 -1.077562 -0.366370
v -0.635000 -1.077562 -0.366370
v -0.635000 -1.077562 -0.366370
v -0.635000 -1.031727 -0.311147
v -0.635000 -1.031727 -0.311147
v -0.635000 -1.031727 -0.311147
v -0.635000 -1.031727 -0.311147
v -0.635000 -1.059141 -0.618954
v -0.635000 -1.059141 -0.618954
v -0.635000 -1.059141 -0.618954
v -0.635000 -1.059141 -0.618954
v -0.635000 -1.021786 -0.094848
v -0.635000 -1.021786 -0.094848
v -0.635000 -0.896744 -0.094848
v -0.635000 -0.896744 -0.094848
v -0.635000 -0.896744 -0.094848
v -0.635000 -0.896744 -0.094848
v -0.635000 -0.961645 -0.257405
v -0.635000 -0.961645 -0.257405
v -0.635000 -0.961645 -0.257405
v -0.635000 -0.896744 -0.209079
v -0.635000 -0.896744 -0.209079
v -0.635000 -0.896744 -0.209079
v -0.635000 -0.896744 -0.209079
v -0.635000 -0.896744 -0.209079
v -0.859389 -0.695000 -1.699848
v -0.859389 -0.695000 -1.699848
v -0.952777 -0.695000 -1.699848
v -0.952777 -0.695000 -1.699848
v -1.041273 -0.695000 -1.699848
v -1.041273 -0.695000 -1.699848
v -1.129925 -0.695000 -1.699848
v -1.129925 -0.695000 -1.699848
v -1.218757 -0.695000 -1.699848
v -1.218757 -0.695000 -1.699848
v -1.309860 -0.695000 -1.699848
v -1.309860 -0.695000 -1.699848
v -1.309860 -0.695000 -1.699848
v -1.309860 -0.695000 -1.699848
v -0.775000 -0.695000 -0.941023
v -0.775000 -0.695000 -0.941023
v -0.775000 -0.695000 -0.941023
v -0.775000 -0.695000 -0.941023
v -0.775000 -0.695000 -0.941023
v -0.775000 -0.695000 -0.941023
v -0.838324 -0.695000 -0.875178
v -0.838324 -0.695000 -0.875178
v -0.838324 -0.695000 -0.875178
v -0.838324 -0.695000 -0.875178
v -0.838324 -0.695000 -0.875178
v -0.891558 -0.695000 -0.814415
v -0.891558 -0.695000 -0.814415
v -0.891558 -0.695000 -0.814415
v -0.984747 -0.695000 -0.688160
v -0.984747 -0.695000 -0.688160
v -0.984747 -0.695000 -0.688160
v -0.984747 -0.695000 -0.688160
v -0.984747 -0.695000 -0.688160
v -0.984747 -0.695000 -0.688160
v -0.940069 -0.695000 -0.752694
v -0.940069 -0.695000 -0.752694
v -0.940069 -0.695000 -0.752694
v -1.026485 -0.695000 -0.618954
v -1.026485 -0.695000 -0.618954
v -1.026485 -0.695000 -0.618954
v -1.026485 -0.695000 -0.618954
v -1.026485 -0.695000 -0.618954
v -1.026485 -0.695000 -0.618954
v -1.049941 -0.695000 -0.538460
v -1.049941 -0.695000 -0.538460
v -1.049941 -0.695000 -0.538460
v -1.049941 -0.695000 -0.538460
v -1.049941 -0.695000 -0.538460
v -1.049941 -0.695000 -0.461241
v -1.049941 -0.695000 -0.461241
v -1.049941 -0.695000 -0.461241
v -1.049941 -0.695000 -0.461241
v -1.049941 -0.695000 -0.461241
v -1.395204 -0.695520 -1.699848
v -1.395204 -0.695520 -1.699848
v -1.395204 -0.695520 -1.699848
v -1.395204 -0.695520 -1.699848
v -1.446684 -0.702337 -1.699848
v -1.446684 -0.702337 -1.699848
v -1.446684 -0.702337 -1.699848
v -1.446684 -0.702337 -1.699848
v -1.446684 -0.702337 -1.699848
v -1.469258 -0.724291 -1.699848
v -1.469258 -0.724291 -1.699848
v -1.469258 -0.724291 -1.699848
v -1.469258 -0.724291 -1.699848
v -1.475000 -0.818996 -1.699848
v -1.475000 -0.818996 -1.699848
v -1.475000 -0.818996 -1.699848
v -1.475000 -0.818996 -1.699848
v -1.475000 -0.993214 -1.699848
v -1.475000 -0.993214 -1.699848
v -1.475000 -0.903297 -1.699848
v -1.475000 -0.903297 -1.699848
v -1.475000 -1.081949 -1.699848
v -1.475000 -1.081949 -1.699848
v -1.474174 -1.262720 -1.699848
v -1.474174 -1.262720 -1.699848
v -1.474174 -1.262720 -1.699848
v -1.474174 -1.262720 -1.699848
v -1.474174 -1.262720 -1.699848
v -1.475000 -1.170881 -1.699848
v -1.475000 -1.170881 -1.699848
v -1.475000 -1.170881 -1.699848
v -1.463058 -1.301726 -1.699848
v -1.463058 -1.301726 -1.699848
v -1.463058 -1.301726 -1.699848
v -1.463058 -1.301726 -1.699848
v -1.463058 -1.301726 -1.699848
v -1.427051 -1.317177 -1.699848
v -1.427051 -1.317177 -1.699848
v -1.427051 -1.317177 -1.699848
v -1.427051 -1.317177 -1.699848
v -1.427051 -1.317177 -1.699848
v -0.923839 -0.695000 -0.257290
v -0.923839 -0.695000 -0.257290
v -0.923839 -0.695000 -0.257290
v -0.923839 -0.695000 -0.257290
v -0.997038 -0.695000 -0.310559
v -0.997038 -0.695000 -0.310559
v -0.997038 -0.695000 -0.310559
v -0.997038 -0.695000 -0.310559
v -1.032328 -0.695000 -0.340926
v -1.032328 -0.695000 -0.340926
v -1.032328 -0.695000 -0.340926
v -1.032328 -0.695000 -0.340926
v -1.032328 -0.695000 -0.340926
v -1.044989 -0.695000 -0.360224
v -1.044989 -0.695000 -0.360224
v -1.044989 -0.695000 -0.360224
v -1.044989 -0.695000 -0.360224
v -1.044989 -0.695000 -0.360224
v -0.851200 -0.695000 -0.207874
v -0.851200 -0.695000 -0.207874
v -0.851200 -0.695000 -0.207874
v -0.851200 -0.695000 -0.207874
v -0.851200 -0.695000 -0.207874
v -0.851200 -0.695000 -0.207874
v -1.049941 -0.695000 -0.384023
v -1.049941 -0.695000 -0.384023
v -1.049941 -0.695000 -0.384023
v -1.129925 -0.695000 -0.094848
v -1.129925 -0.695000 -0.094848
v -1.218757 -0.695000 -0.094848
v -1.218757 -0.695000 -0.094848
v -1.309860 -0.695000 -0.094848
v -1.309860 -0.695000 -0.094848
v -1.309860 -0.695000 -0.094848
v -1.309860 -0.695000 -0.094848
v -0.859389 -0.695000 -0.094848
v -0.859389 -0.695000 -0.094848
v -0.851200 -0.695000 -0.094848
v -0.851200 -0.695000 -0.094848
v -0.851200 -0.695000 -0.094848
v -0.851200 -0.695000 -0.094848
v -0.851200 -0.695000 -0.094848
v -0.952777 -0.695000 -0.094848
v -0.952777 -0.695000 -0.094848
v -1.041273 -0.695000 -0.094848
v -1.041273 -0.695000 -0.094848
v -1.395204 -0.695520 -0.094848
v -1.395204 -0.695520 -0.094848
v -1.395204 -0.695520 -0.094848
v -1.395204 -0.695520 -0.094848
v -1.475000 -0.818996 -0.094848
v -1.475000 -0.818996 -0.094848
v -1.475000 -0.818996 -0.094848
v -1.475000 -0.818996 -0.094848
v -1.475000 -0.903297 -0.094848
v -1.475000 -0.903297 -0.094848
v -1.475000 -0.993214 -0.094848
v -1.475000 -0.993214 -0.094848
v -1.475000 -1.081949 -0.094848
v -1.475000 -1.081949 -0.094848
v -1.475000 -1.170881 -0.094848
v -1.475000 -1.170881 -0.094848
v -1.475000 -1.170881 -0.094848
v -1.446684 -0.702337 -0.094848
v -1.446684 -0.702337 -0.094848
v -1.446684 -0.702337 -0.094848
v -1.446684 -0.702337 -0.094848
v -1.469258 -0.724291 -0.094848
v -1.469258 -0.724291 -0.094848
v -1.469258 -0.724291 -0.094848
v -1.469258 -0.724291 -0.094848
v -1.469258 -0.724291 -0.094848
v -1.474174 -1.262720 -0.094848
v -1.474174 -1.262720 -0.094848
v -1.474174 -1.262720 -0.094848
v -1.474174 -1.262720 -0.094848
v -1.474174 -1.262720 -0.094848
v -1.463058 -1.301726 -0.094848
v -1.463058 -1.301726 -0.094848
v -1.463058 -1.301726 -0.094848
v -1.463058 -1.301726 -0.094848
v -1.463058 -1.301726 -0.094848
v -1.427051 -1.317177 -0.094848
v -1.427051 -1.317177 -0.094848
v -1.427051 -1.317177 -0.094848
v -1.427051 -1.317177 -0.094848
v -1.427051 -1.317177 -0.094848
v -0.840000 -1.168749 -1.699848
v -0.732500 -1.168749 -1.699848
v -0.732500 -1.249374 -1.699848
v -0.840000 -1.249374 -1.699848
v -0.678750 -1.249374 -1.699848
v -0.678750 -1.289688 -1.699848
v -0.732500 -1.289688 -1.699848
v -1.377500 -1.168749 -1.699848
v -1.270000 -1.168749 -1.699848
v -1.270000 -1.249374 -1.699848
v -1.377500 -1.249375 -1.699848
v -1.055000 -1.007500 -1.699848
v -0.840000 -1.007500 -1.699848
v -1.055000 -1.168749 -1.699848
v -1.270000 -1.007500 -1.699848
v -1.055000 -0.846251 -1.699848
v -0.840000 -0.846251 -1.699848
v -1.270000 -0.846251 -1.699848
v -0.840000 -0.765625 -1.699848
v -0.732500 -0.765625 -1.699848
v -0.732500 -0.846251 -1.699848
v -1.431250 -0.725311 -1.699848
v -1.377500 -0.725311 -1.699848
v -1.377500 -0.765625 -1.699848
v -1.431250 -0.765625 -1.699848
v -1.270000 -0.765625 -1.699848
v -1.377500 -0.846251 -1.699848
v -1.270000 -1.168749 -0.094848
v -1.377500 -1.168749 -0.094848
v -1.377500 -1.249375 -0.094848
v -1.270000 -1.249374 -0.094848
v -0.678750 -1.249374 -0.094848
v -0.732500 -1.249374 -0.094848
v -0.732500 -1.289688 -0.094848
v -0.678750 -1.289688 -0.094848
v -0.732500 -1.168749 -0.094848
v -0.840000 -1.168749 -0.094848
v -0.840000 -1.249374 -0.094848
v -1.055000 -1.007500 -0.094848
v -1.270000 -1.007500 -0.094848
v -1.055000 -1.168749 -0.094848
v -0.840000 -1.007500 -0.094848
v -1.055000 -0.846251 -0.094848
v -1.270000 -0.846251 -0.094848
v -0.947500 -0.846251 -0.094848
v -0.840000 -0.846251 -0.094848
v -1.270000 -0.765625 -0.094848
v -1.377500 -0.765625 -0.094848
v -1.377500 -0.846251 -0.094848
v -1.377500 -0.725311 -0.094848
v -1.431250 -0.725311 -0.094848
v -1.431250 -0.765625 -0.094848
v -0.866875 -0.705156 -0.094848
v -0.893750 -0.705156 -0.094848
v -0.893750 -0.725311 -0.094848
v -0.866875 -0.725311 -0.094848
v -0.840000 -0.765625 -0.094848
v -0.840000 -0.725311 -0.094848
v -0.893750 -0.765625 -0.094848
v -0.947500 -0.725311 -0.094848
v -0.947500 -0.765625 -0.094848
v -1.055000 -0.765625 -0.094848
v -0.708604 -0.839935 -0.094848
v -0.708604 -0.839935 -0.094848
v -0.708604 -0.839935 -0.094848
v -0.708604 -0.839935 -0.094848
v -0.708604 -0.839935 -0.094848
v -0.777097 -0.777098 -0.094848
v -0.777097 -0.777098 -0.094848
v -0.777097 -0.777098 -0.094848
v -0.777097 -0.777098 -0.094848
v -0.777097 -0.777098 -0.094848
v -1.002165 -0.761200 -0.384023
v -1.002165 -0.761200 -0.384023
v -1.002165 -0.761200 -0.384023
v -1.002165 -0.761200 -0.384023
v -1.002165 -0.761200 -0.384023
v -1.002165 -0.761200 -0.384023
v -1.026631 -0.728500 -0.384023
v -1.026631 -0.728500 -0.384023
v -1.026631 -0.728500 -0.384023
v -1.026631 -0.728500 -0.384023
v -1.026631 -0.728500 -0.384023
v -1.020189 -0.723929 -0.350176
v -1.020189 -0.723929 -0.350176
v -1.020189 -0.723929 -0.350176
v -1.020189 -0.723929 -0.350176
v -1.020189 -0.723929 -0.350176
v -1.020189 -0.723929 -0.350176
v -1.020189 -0.723929 -0.350176
v -0.995876 -0.756424 -0.350176
v -0.995876 -0.756424 -0.350176
v -0.995876 -0.756424 -0.350176
v -0.995876 -0.756424 -0.350176
v -0.949959 -0.824070 -0.384023
v -0.949959 -0.824070 -0.384023
v -0.949959 -0.824070 -0.384023
v -0.949959 -0.824070 -0.384023
v -0.949959 -0.824070 -0.384023
v -0.949959 -0.824070 -0.384023
v -0.976600 -0.793057 -0.384023
v -0.976600 -0.793057 -0.384023
v -0.976600 -0.793057 -0.384023
v -0.976600 -0.793057 -0.384023
v -0.970472 -0.788080 -0.350176
v -0.970472 -0.788080 -0.350176
v -0.970472 -0.788080 -0.350176
v -0.970472 -0.788080 -0.350176
v -0.970472 -0.788080 -0.350176
v -0.970472 -0.788080 -0.350176
v -0.943998 -0.818899 -0.350176
v -0.943998 -0.818899 -0.350176
v -0.943998 -0.818899 -0.350176
v -0.943998 -0.818899 -0.350176
v -0.927577 -0.753248 -0.292317
v -0.927577 -0.753248 -0.292317
v -0.927577 -0.753248 -0.292317
v -0.927577 -0.753248 -0.292317
v -0.927577 -0.753248 -0.292317
v -0.902273 -0.782703 -0.292317
v -0.902273 -0.782703 -0.292317
v -0.902273 -0.782703 -0.292317
v -0.902273 -0.782703 -0.292317
v -0.902273 -0.782703 -0.292317
v -0.902273 -0.782703 -0.292317
v -0.951859 -0.722990 -0.292317
v -0.951859 -0.722990 -0.292317
v -0.951859 -0.722990 -0.292317
v -0.951859 -0.722990 -0.292317
v -0.951859 -0.722990 -0.292317
v -0.951859 -0.722990 -0.292317
v -0.893879 -0.883202 -0.384023
v -0.893879 -0.883202 -0.384023
v -0.893879 -0.883202 -0.384023
v -0.893879 -0.883202 -0.384023
v -0.922413 -0.854076 -0.384023
v -0.922413 -0.854076 -0.384023
v -0.922413 -0.854076 -0.384023
v -0.922413 -0.854076 -0.384023
v -0.916625 -0.848717 -0.350176
v -0.916625 -0.848717 -0.350176
v -0.916625 -0.848717 -0.350176
v -0.916625 -0.848717 -0.350176
v -0.916625 -0.848717 -0.350176
v -0.888270 -0.877661 -0.350176
v -0.888270 -0.877661 -0.350176
v -0.888270 -0.877661 -0.350176
v -0.888270 -0.877661 -0.350176
v -0.888270 -0.877661 -0.350176
v -0.888270 -0.877661 -0.350176
v -0.876110 -0.811205 -0.292317
v -0.876110 -0.811205 -0.292317
v -0.876110 -0.811205 -0.292317
v -0.876110 -0.811205 -0.292317
v -0.876110 -0.811205 -0.292317
v -0.876110 -0.811205 -0.292317
v -0.849008 -0.838867 -0.292317
v -0.849008 -0.838867 -0.292317
v -0.849008 -0.838867 -0.292317
v -0.849008 -0.838867 -0.292317
v -0.849008 -0.838867 -0.292317
v -0.834059 -0.938671 -0.384023
v -0.834059 -0.938671 -0.384023
v -0.834059 -0.938671 -0.384023
v -0.834059 -0.938671 -0.384023
v -0.834059 -0.938671 -0.384023
v -0.864423 -0.911398 -0.384023
v -0.864423 -0.911398 -0.384023
v -0.864423 -0.911398 -0.384023
v -0.864423 -0.911398 -0.384023
v -0.864423 -0.911398 -0.384023
v -0.858999 -0.905680 -0.350176
v -0.858999 -0.905680 -0.350176
v -0.858999 -0.905680 -0.350176
v -0.858999 -0.905680 -0.350176
v -0.858999 -0.905680 -0.350176
v -0.828825 -0.932781 -0.350176
v -0.828825 -0.932781 -0.350176
v -0.828825 -0.932781 -0.350176
v -0.828825 -0.932781 -0.350176
v -0.828825 -0.932781 -0.350176
v -0.821031 -0.865648 -0.292317
v -0.821031 -0.865648 -0.292317
v -0.821031 -0.865648 -0.292317
v -0.821031 -0.865648 -0.292317
v -0.821031 -0.865648 -0.292317
v -0.792191 -0.891552 -0.292317
v -0.792191 -0.891552 -0.292317
v -0.792191 -0.891552 -0.292317
v -0.792191 -0.891552 -0.292317
v -0.792191 -0.891552 -0.292317
v -0.792191 -0.891552 -0.292317
v -0.770762 -0.990351 -0.384023
v -0.770762 -0.990351 -0.384023
v -0.770762 -0.990351 -0.384023
v -0.770762 -0.990351 -0.384023
v -0.770762 -0.990351 -0.384023
v -0.770762 -0.990351 -0.384023
v -0.802826 -0.964996 -0.384023
v -0.802826 -0.964996 -0.384023
v -0.802826 -0.964996 -0.384023
v -0.802826 -0.964996 -0.384023
v -0.802826 -0.964996 -0.384023
v -0.797788 -0.958941 -0.350176
v -0.797788 -0.958941 -0.350176
v -0.797788 -0.958941 -0.350176
v -0.797788 -0.958941 -0.350176
v -0.797788 -0.958941 -0.350176
v -0.797788 -0.958941 -0.350176
v -0.765926 -0.984137 -0.350176
v -0.765926 -0.984137 -0.350176
v -0.765926 -0.984137 -0.350176
v -0.765926 -0.984137 -0.350176
v -0.765926 -0.984137 -0.350176
v -0.762526 -0.916555 -0.292317
v -0.762526 -0.916555 -0.292317
v -0.762526 -0.916555 -0.292317
v -0.762526 -0.916555 -0.292317
v -0.762526 -0.916555 -0.292317
v -0.732072 -0.940638 -0.292317
v -0.732072 -0.940638 -0.292317
v -0.732072 -0.940638 -0.292317
v -0.732072 -0.940638 -0.292317
v -0.732072 -0.940638 -0.292317
v -0.704299 -1.038061 -0.384023
v -0.704299 -1.038061 -0.384023
v -0.704299 -1.038061 -0.384023
v -0.704299 -1.038061 -0.384023
v -0.704299 -1.038061 -0.384023
v -0.704299 -1.038061 -0.384023
v -0.704299 -1.038061 -0.384023
v -0.737907 -1.014713 -0.384023
v -0.737907 -1.014713 -0.384023
v -0.737907 -1.014713 -0.384023
v -0.737907 -1.014713 -0.384023
v -0.737907 -1.014713 -0.384023
v -0.737907 -1.014713 -0.384023
v -0.733276 -1.008347 -0.350176
v -0.733276 -1.008347 -0.350176
v -0.733276 -1.008347 -0.350176
v -0.733276 -1.008347 -0.350176
v -0.733276 -1.008347 -0.350176
v -0.733276 -1.008347 -0.350176
v -0.699879 -1.031548 -0.350176
v -0.699879 -1.031548 -0.350176
v -0.699879 -1.031548 -0.350176
v -0.699879 -1.031548 -0.350176
v -0.700866 -0.963778 -0.292317
v -0.700866 -0.963778 -0.292317
v -0.700866 -0.963778 -0.292317
v -0.700866 -0.963778 -0.292317
v -0.700866 -0.963778 -0.292317
v -0.668945 -0.985954 -0.292317
v -0.668945 -0.985954 -0.292317
v -0.668945 -0.985954 -0.292317
v -0.668945 -0.985954 -0.292317
v -0.668945 -0.985954 -0.292317
v -0.668945 -0.985954 -0.292317
v -0.669977 -1.060373 -0.384023
v -0.669977 -1.060373 -0.384023
v -0.669977 -1.060373 -0.384023
v -0.669977 -1.060373 -0.384023
v -0.669977 -1.060373 -0.384023
v -0.665773 -1.053720 -0.350176
v -0.665773 -1.053720 -0.350176
v -0.665773 -1.053720 -0.350176
v -0.665773 -1.053720 -0.350176
v -0.665773 -1.053720 -0.350176
v -0.976600 -0.793057 -0.515286
v -0.976600 -0.793057 -0.515286
v -0.976600 -0.793057 -0.515286
v -0.976600 -0.793057 -0.515286
v -0.976600 -0.793057 -0.515286
v -0.949959 -0.824070 -0.515286
v -0.949959 -0.824070 -0.515286
v -0.949959 -0.824070 -0.515286
v -0.949959 -0.824070 -0.515286
v -1.002165 -0.761200 -0.515286
v -1.002165 -0.761200 -0.515286
v -1.002165 -0.761200 -0.515286
v -1.002165 -0.761200 -0.515286
v -1.002165 -0.761200 -0.515286
v -1.002165 -0.761200 -0.515286
v -0.922413 -0.854076 -0.515286
v -0.922413 -0.854076 -0.515286
v -0.922413 -0.854076 -0.515286
v -0.922413 -0.854076 -0.515286
v -0.893879 -0.883202 -0.515286
v -0.893879 -0.883202 -0.515286
v -0.893879 -0.883202 -0.515286
v -0.893879 -0.883202 -0.515286
v -0.893879 -0.883202 -0.515286
v -0.864423 -0.911398 -0.515286
v -0.864423 -0.911398 -0.515286
v -0.864423 -0.911398 -0.515286
v -0.864423 -0.911398 -0.515286
v -0.864423 -0.911398 -0.515286
v -0.834059 -0.938671 -0.515286
v -0.834059 -0.938671 -0.515286
v -0.834059 -0.938671 -0.515286
v -0.834059 -0.938671 -0.515286
v -0.802826 -0.964996 -0.515286
v -0.802826 -0.964996 -0.515286
v -0.802826 -0.964996 -0.515286
v -0.802826 -0.964996 -0.515286
v -0.802826 -0.964996 -0.515286
v -0.802826 -0.964996 -0.515286
v -0.770762 -0.990351 -0.515286
v -0.770762 -0.990351 -0.515286
v -0.770762 -0.990351 -0.515286
v -0.770762 -0.990351 -0.515286
v -0.770762 -0.990351 -0.515286
v -0.770762 -0.990351 -0.515286
v -0.737907 -1.014713 -0.515286
v -0.737907 -1.014713 -0.515286
v -0.737907 -1.014713 -0.515286
v -0.737907 -1.014713 -0.515286
v -0.737907 -1.014713 -0.515286
v -0.737907 -1.014713 -0.515286
v -0.704299 -1.038061 -0.515286
v -0.704299 -1.038061 -0.515286
v -0.704299 -1.038061 -0.515286
v -0.704299 -1.038061 -0.515286
v -0.704299 -1.038061 -0.515286
v -0.704299 -1.038061 -0.515286
v -0.983761 -0.747223 -0.626947
v -0.983761 -0.747223 -0.626947
v -0.983761 -0.747223 -0.626947
v -0.983761 -0.747223 -0.626947
v -0.983761 -0.747223 -0.626947
v -0.983761 -0.747223 -0.626947
v -0.983761 -0.747223 -0.626947
v -1.007778 -0.715122 -0.626947
v -1.007778 -0.715122 -0.626947
v -1.007778 -0.715122 -0.626947
v -1.007778 -0.715122 -0.626947
v -1.025253 -0.727522 -0.574055
v -1.025253 -0.727522 -0.574055
v -1.025253 -0.727522 -0.574055
v -1.025253 -0.727522 -0.574055
v -1.025253 -0.727522 -0.574055
v -1.025253 -0.727522 -0.574055
v -1.000819 -0.760180 -0.574055
v -1.000819 -0.760180 -0.574055
v -1.000819 -0.760180 -0.574055
v -1.000819 -0.760180 -0.574055
v -1.026631 -0.728500 -0.515286
v -1.026631 -0.728500 -0.515286
v -1.026631 -0.728500 -0.515286
v -1.026631 -0.728500 -0.515286
v -0.932514 -0.808937 -0.626947
v -0.932514 -0.808937 -0.626947
v -0.932514 -0.808937 -0.626947
v -0.932514 -0.808937 -0.626947
v -0.958666 -0.778494 -0.626947
v -0.958666 -0.778494 -0.626947
v -0.958666 -0.778494 -0.626947
v -0.958666 -0.778494 -0.626947
v -0.975288 -0.791992 -0.574055
v -0.975288 -0.791992 -0.574055
v -0.975288 -0.791992 -0.574055
v -0.975288 -0.791992 -0.574055
v -0.975288 -0.791992 -0.574055
v -0.948683 -0.822962 -0.574055
v -0.948683 -0.822962 -0.574055
v -0.948683 -0.822962 -0.574055
v -0.948683 -0.822962 -0.574055
v -0.877464 -0.866983 -0.626947
v -0.877464 -0.866983 -0.626947
v -0.877464 -0.866983 -0.626947
v -0.877464 -0.866983 -0.626947
v -0.905474 -0.838392 -0.626947
v -0.905474 -0.838392 -0.626947
v -0.905474 -0.838392 -0.626947
v -0.905474 -0.838392 -0.626947
v -0.905474 -0.838392 -0.626947
v -0.921174 -0.852930 -0.574055
v -0.921174 -0.852930 -0.574055
v -0.921174 -0.852930 -0.574055
v -0.921174 -0.852930 -0.574055
v -0.892678 -0.882015 -0.574055
v -0.892678 -0.882015 -0.574055
v -0.892678 -0.882015 -0.574055
v -0.892678 -0.882015 -0.574055
v -0.892678 -0.882015 -0.574055
v -0.818743 -0.921433 -0.626947
v -0.818743 -0.921433 -0.626947
v -0.818743 -0.921433 -0.626947
v -0.818743 -0.921433 -0.626947
v -0.818743 -0.921433 -0.626947
v -0.848549 -0.894663 -0.626947
v -0.848549 -0.894663 -0.626947
v -0.848549 -0.894663 -0.626947
v -0.848549 -0.894663 -0.626947
v -0.848549 -0.894663 -0.626947
v -0.848549 -0.894663 -0.626947
v -0.863262 -0.910175 -0.574055
v -0.863262 -0.910175 -0.574055
v -0.863262 -0.910175 -0.574055
v -0.863262 -0.910175 -0.574055
v -0.863262 -0.910175 -0.574055
v -0.863262 -0.910175 -0.574055
v -0.832939 -0.937410 -0.574055
v -0.832939 -0.937410 -0.574055
v -0.832939 -0.937410 -0.574055
v -0.832939 -0.937410 -0.574055
v -0.832939 -0.937410 -0.574055
v -0.756608 -0.972164 -0.626947
v -0.756608 -0.972164 -0.626947
v -0.756608 -0.972164 -0.626947
v -0.756608 -0.972164 -0.626947
v -0.756608 -0.972164 -0.626947
v -0.788083 -0.947275 -0.626947
v -0.788083 -0.947275 -0.626947
v -0.788083 -0.947275 -0.626947
v -0.788083 -0.947275 -0.626947
v -0.788083 -0.947275 -0.626947
v -0.788083 -0.947275 -0.626947
v -0.801748 -0.963699 -0.574055
v -0.801748 -0.963699 -0.574055
v -0.801748 -0.963699 -0.574055
v -0.801748 -0.963699 -0.574055
v -0.801748 -0.963699 -0.574055
v -0.769727 -0.989021 -0.574055
v -0.769727 -0.989021 -0.574055
v -0.769727 -0.989021 -0.574055
v -0.769727 -0.989021 -0.574055
v -0.769727 -0.989021 -0.574055
v -0.769727 -0.989021 -0.574055
v -0.691365 -1.018999 -0.626947
v -0.691365 -1.018999 -0.626947
v -0.691365 -1.018999 -0.626947
v -0.691365 -1.018999 -0.626947
v -0.691365 -1.018999 -0.626947
v -0.724356 -0.996080 -0.626947
v -0.724356 -0.996080 -0.626947
v -0.724356 -0.996080 -0.626947
v -0.724356 -0.996080 -0.626947
v -0.724356 -0.996080 -0.626947
v -0.724356 -0.996080 -0.626947
v -0.736916 -1.013351 -0.574055
v -0.736916 -1.013351 -0.574055
v -0.736916 -1.013351 -0.574055
v -0.736916 -1.013351 -0.574055
v -0.736916 -1.013351 -0.574055
v -0.703353 -1.036669 -0.574055
v -0.703353 -1.036669 -0.574055
v -0.703353 -1.036669 -0.574055
v -0.703353 -1.036669 -0.574055
v -0.703353 -1.036669 -0.574055
v -0.703353 -1.036669 -0.574055
v -0.669077 -1.058949 -0.574055
v -0.669077 -1.058949 -0.574055
v -0.669077 -1.058949 -0.574055
v -0.669077 -1.058949 -0.574055
v -0.669077 -1.058949 -0.574055
v -0.669077 -1.058949 -0.574055
v -0.669977 -1.060373 -0.515286
v -0.669977 -1.060373 -0.515286
v -0.669977 -1.060373 -0.515286
v -0.669977 -1.060373 -0.515286
v -0.657673 -1.040901 -0.626947
v -0.657673 -1.040901 -0.626947
v -0.657673 -1.040901 -0.626947
v -0.657673 -1.040901 -0.626947
v -0.657673 -1.040901 -0.626947
v -0.889780 -0.771866 -0.735933
v -0.889780 -0.771866 -0.735933
v -0.889780 -0.771866 -0.735933
v -0.889780 -0.771866 -0.735933
v -0.889780 -0.771866 -0.735933
v -0.889780 -0.771866 -0.735933
v -0.889780 -0.771866 -0.735933
v -0.889780 -0.771866 -0.735933
v -0.837252 -0.827251 -0.735933
v -0.837252 -0.827251 -0.735933
v -0.837252 -0.827251 -0.735933
v -0.837252 -0.827251 -0.735933
v -0.837252 -0.827251 -0.735933
v -0.837252 -0.827251 -0.735933
v -0.837252 -0.827251 -0.735933
v -0.781222 -0.879208 -0.735933
v -0.781222 -0.879208 -0.735933
v -0.781222 -0.879208 -0.735933
v -0.781222 -0.879208 -0.735933
v -0.781222 -0.879208 -0.735933
v -0.781222 -0.879208 -0.735933
v -0.781222 -0.879208 -0.735933
v -0.721935 -0.927612 -0.735933
v -0.721935 -0.927612 -0.735933
v -0.721935 -0.927612 -0.735933
v -0.721935 -0.927612 -0.735933
v -0.721935 -0.927612 -0.735933
v -0.721935 -0.927612 -0.735933
v -0.721935 -0.927612 -0.735933
v -0.721935 -0.927612 -0.735933
v -0.659682 -0.972301 -0.735933
v -0.659682 -0.972301 -0.735933
v -0.659682 -0.972301 -0.735933
v -0.659682 -0.972301 -0.735933
v -0.659682 -0.972301 -0.735933
v -0.659682 -0.972301 -0.735933
v -0.791996 -0.782536 -0.837836
v -0.791996 -0.782536 -0.837836
v -0.791996 -0.782536 -0.837836
v -0.791996 -0.782536 -0.837836
v -0.791996 -0.782536 -0.837836
v -0.791996 -0.782536 -0.837836
v -0.791996 -0.782536 -0.837836
v -0.791996 -0.782536 -0.837836
v -0.841684 -0.730143 -0.837836
v -0.841684 -0.730143 -0.837836
v -0.841684 -0.730143 -0.837836
v -0.841684 -0.730143 -0.837836
v -0.841684 -0.730143 -0.837836
v -0.738995 -0.831682 -0.837836
v -0.738995 -0.831682 -0.837836
v -0.738995 -0.831682 -0.837836
v -0.738995 -0.831682 -0.837836
v -0.738995 -0.831682 -0.837836
v -0.738995 -0.831682 -0.837836
v -0.738995 -0.831682 -0.837836
v -0.682912 -0.877472 -0.837836
v -0.682912 -0.877472 -0.837836
v -0.682912 -0.877472 -0.837836
v -0.682912 -0.877472 -0.837836
v -0.682912 -0.877472 -0.837836
v -0.682912 -0.877472 -0.837836
v -0.682912 -0.877472 -0.837836
v -0.714425 -0.753250 -0.943493
v -0.714425 -0.753250 -0.943493
v -0.714425 -0.753250 -0.943493
v -0.714425 -0.753250 -0.943493
v -0.714425 -0.753250 -0.943493
v -0.714425 -0.753250 -0.943493
v -0.689330 -0.775789 -0.943493
v -0.689330 -0.775789 -0.943493
v -0.689330 -0.775789 -0.943493
v -0.689330 -0.775789 -0.943493
v -0.689330 -0.775789 -0.943493
v -0.738769 -0.729946 -0.943493
v -0.738769 -0.729946 -0.943493
v -0.738769 -0.729946 -0.943493
v -0.738769 -0.729946 -0.943493
v -0.738769 -0.729946 -0.943493
v -0.652256 -0.734066 -1.017538
v -0.652256 -0.734066 -1.017538
v -0.652256 -0.734066 -1.017538
v -0.652256 -0.734066 -1.017538
v -0.652256 -0.734066 -1.017538
v -0.664216 -0.723494 -1.017538
v -0.664216 -0.723494 -1.017538
v -0.664216 -0.723494 -1.017538
v -0.664216 -0.723494 -1.017538
v -0.664216 -0.723494 -1.017538
v -0.664216 -0.723494 -1.017538
v -0.664216 -0.723494 -1.017538
v -0.677062 -0.737486 -0.992635
v -0.677062 -0.737486 -0.992635
v -0.677062 -0.737486 -0.992635
v -0.677062 -0.737486 -0.992635
v -0.677062 -0.737486 -0.992635
v -0.677062 -0.737486 -0.992635
v -0.664871 -0.748262 -0.992635
v -0.664871 -0.748262 -0.992635
v -0.664871 -0.748262 -0.992635
v -0.664871 -0.748262 -0.992635
v -0.664871 -0.748262 -0.992635
v -0.664871 -0.748262 -0.992635
v -0.676002 -0.712738 -1.017538
v -0.676002 -0.712738 -1.017538
v -0.676002 -0.712738 -1.017538
v -0.676002 -0.712738 -1.017538
v -0.689076 -0.726523 -0.992635
v -0.689076 -0.726523 -0.992635
v -0.689076 -0.726523 -0.992635
v -0.689076 -0.726523 -0.992635
v -0.689076 -0.726523 -0.992635
v -0.689076 -0.726523 -0.992635
v -0.689076 -0.726523 -0.992635
v -0.712557 -0.704046 -0.992635
v -0.712557 -0.704046 -0.992635
v -0.712557 -0.704046 -0.992635
v -0.712557 -0.704046 -0.992635
v -0.639974 -0.769247 -0.992635
v -0.639974 -0.769247 -0.992635
v -0.639974 -0.769247 -0.992635
v -0.639974 -0.769247 -0.992635
v -0.663516 -0.797546 -0.943493
v -0.663516 -0.797546 -0.943493
v -0.663516 -0.797546 -0.943493
v -0.663516 -0.797546 -0.943493
v -0.663516 -0.797546 -0.943493
v -0.815195 -0.736992 -0.208482
v -0.815195 -0.736992 -0.208482
v -0.815195 -0.736992 -0.208482
v -0.815195 -0.736992 -0.208482
v -0.815195 -0.736992 -0.208482
v -0.815195 -0.736992 -0.208482
v -0.777097 -0.777098 -0.209079
v -0.777097 -0.777098 -0.209079
v -0.777097 -0.777098 -0.209079
v -0.777097 -0.777098 -0.209079
v -0.777097 -0.777098 -0.209079
v -0.777097 -0.777098 -0.209079
v -0.743526 -0.809250 -0.209079
v -0.743526 -0.809250 -0.209079
v -0.743526 -0.809250 -0.209079
v -0.743526 -0.809250 -0.209079
v -0.743526 -0.809250 -0.209079
v -0.743526 -0.809250 -0.209079
v -0.708604 -0.839935 -0.209079
v -0.708604 -0.839935 -0.209079
v -0.708604 -0.839935 -0.209079
v -0.708604 -0.839935 -0.209079
v -0.708604 -0.839935 -0.209079
v -0.672405 -0.869114 -0.209079
v -0.672405 -0.869114 -0.209079
v -0.672405 -0.869114 -0.209079
v -0.672405 -0.869114 -0.209079
v -0.672405 -0.869114 -0.209079
v -0.672405 -0.869114 -0.209079
v -0.672405 -0.869114 -0.209079
v -0.923975 -0.731545 -0.735933
v -0.923975 -0.731545 -0.735933
v -0.923975 -0.731545 -0.735933
v -0.923975 -0.731545 -0.735933
v -0.923975 -0.731545 -0.735933
v -0.923975 -0.731545 -0.735933
v -0.923975 -0.731545 -0.735933
v 1.250611 1.320000 -1.298598
v 1.295435 1.320000 -1.298598
v 1.295435 1.320000 -1.499223
v 1.250611 1.320000 -1.499223
v 1.335000 1.320000 -1.298598
v 1.335000 1.320000 -1.298598
v 1.335000 1.320000 -1.499223
v 1.335000 1.320000 -1.499223
v 1.250611 1.320000 -0.897348
v 1.335000 1.320000 -0.897348
v 1.335000 1.320000 -0.897348
v 1.335000 1.320000 -0.897348
v 1.335000 1.320000 -0.897348
v 1.335000 1.320000 -0.897348
v 1.295435 1.320000 -0.496098
v 1.335000 1.320000 -0.496098
v 1.335000 1.320000 -0.496098
v 1.250611 1.320000 -0.496098
v 1.295435 1.320000 -0.295473
v 1.335000 1.320000 -0.295473
v 1.335000 1.320000 -0.295473
v 1.250611 1.320000 -0.295473
v 1.157223 1.320000 -0.897348
v 1.157223 1.320000 -1.298598
v 1.157223 1.320000 -0.496098
v 1.068727 1.320000 -1.298598
v 1.113371 1.320000 -1.298598
v 1.113371 1.320000 -1.499223
v 1.068727 1.320000 -1.499223
v 1.157223 1.320000 -1.499223
v 1.068727 1.320000 -0.897348
v 1.113371 1.320000 -0.496098
v 1.068727 1.320000 -0.496098
v 1.113371 1.320000 -0.295473
v 1.157223 1.320000 -0.295473
v 1.068727 1.320000 -0.295473
v 0.980075 1.320000 -1.298598
v 1.024195 1.320000 -1.298598
v 1.024195 1.320000 -1.499223
v 0.980075 1.320000 -1.499223
v 0.980075 1.320000 -0.897348
v 1.024195 1.320000 -0.496098
v 0.980075 1.320000 -0.496098
v 1.024195 1.320000 -0.295473
v 0.980075 1.320000 -0.295473
v 0.891243 1.320000 -1.298598
v 0.934756 1.320000 -1.298598
v 0.934756 1.320000 -1.499223
v 0.891243 1.320000 -1.499223
v 0.891243 1.320000 -0.897348
v 0.934756 1.320000 -0.496098
v 0.891243 1.320000 -0.496098
v 0.934756 1.320000 -0.295473
v 0.891243 1.320000 -0.295473
v 0.800139 1.320000 -0.897348
v 0.800139 1.320000 -0.897348
v 0.800139 1.320000 -0.897348
v 0.800139 1.320000 -0.897348
v 0.800139 1.320000 -0.897348
v 0.800139 1.320000 -1.298598
v 0.800139 1.320000 -1.298598
v 0.800139 1.320000 -0.496098
v 0.800139 1.320000 -0.496098
v 0.714796 1.319481 -1.298598
v 0.714796 1.319481 -1.298598
v 0.752376 1.319981 -1.298598
v 0.752376 1.319981 -1.298598
v 0.752376 1.319981 -1.298598
v 0.752376 1.319981 -1.499223
v 0.752376 1.319981 -1.499223
v 0.752376 1.319981 -1.499223
v 0.714796 1.319481 -1.499223
v 0.714796 1.319481 -1.499223
v 0.714796 1.319481 -1.499223
v 0.800139 1.320000 -1.499223
v 0.800139 1.320000 -1.499223
v 0.714796 1.319481 -1.097973
v 0.714796 1.319481 -1.097973
v 0.714796 1.319481 -1.097973
v 0.714796 1.319481 -1.097973
v 0.714796 1.319481 -0.897348
v 0.714796 1.319481 -0.897348
v 0.714796 1.319481 -0.696723
v 0.714796 1.319481 -0.696723
v 0.714796 1.319481 -0.696723
v 0.714796 1.319481 -0.696723
v 0.714796 1.319481 -0.496098
v 0.714796 1.319481 -0.496098
v 0.752376 1.319981 -0.496098
v 0.752376 1.319981 -0.496098
v 0.752376 1.319981 -0.496098
v 0.752376 1.319981 -0.295473
v 0.752376 1.319981 -0.295473
v 0.752376 1.319981 -0.295473
v 0.800139 1.320000 -0.295473
v 0.800139 1.320000 -0.295473
v 0.714796 1.319481 -0.295473
v 0.714796 1.319481 -0.295473
v 0.649160 1.304132 -1.499223
v 0.649160 1.304132 -1.499223
v 0.649160 1.304132 -1.499223
v 0.649160 1.304132 -1.499223
v 0.649160 1.304132 -1.499223
v 0.640742 1.290710 -1.499223
v 0.640742 1.290710 -1.499223
v 0.640742 1.290710 -1.499223
v 0.640742 1.290710 -1.298598
v 0.640742 1.290710 -1.298598
v 0.640742 1.290710 -1.298598
v 0.640742 1.290710 -1.298598
v 0.663315 1.312662 -1.298598
v 0.663315 1.312662 -1.298598
v 0.663315 1.312662 -1.298598
v 0.663315 1.312662 -1.298598
v 0.663315 1.312662 -1.499223
v 0.663315 1.312662 -1.499223
v 0.663315 1.312662 -1.499223
v 0.663315 1.312662 -1.499223
v 0.649160 1.304132 -1.599535
v 0.649160 1.304132 -1.599535
v 0.649160 1.304132 -1.599535
v 0.649160 1.304132 -1.599535
v 0.640742 1.290710 -1.599535
v 0.640742 1.290710 -1.599535
v 0.640742 1.290710 -1.599535
v 0.640742 1.290710 -1.599535
v 0.663315 1.312662 -1.599535
v 0.663315 1.312662 -1.599535
v 0.663315 1.312662 -1.599535
v 0.663315 1.312662 -1.599535
v 0.640742 1.290710 -0.897348
v 0.640742 1.290710 -0.897348
v 0.663315 1.312662 -0.897348
v 0.663315 1.312662 -0.897348
v 0.663315 1.312662 -1.097973
v 0.663315 1.312662 -1.097973
v 0.640742 1.290710 -1.097973
v 0.640742 1.290710 -1.097973
v 0.640742 1.290710 -1.097973
v 0.640742 1.290710 -1.097973
v 0.640742 1.290710 -0.496098
v 0.640742 1.290710 -0.496098
v 0.640742 1.290710 -0.496098
v 0.640742 1.290710 -0.496098
v 0.663315 1.312662 -0.496098
v 0.663315 1.312662 -0.496098
v 0.663315 1.312662 -0.496098
v 0.663315 1.312662 -0.496098
v 0.663315 1.312662 -0.696723
v 0.663315 1.312662 -0.696723
v 0.640742 1.290710 -0.696723
v 0.640742 1.290710 -0.696723
v 0.640742 1.290710 -0.696723
v 0.640742 1.290710 -0.696723
v 0.649160 1.304132 -0.195160
v 0.649160 1.304132 -0.195160
v 0.649160 1.304132 -0.195160
v 0.649160 1.304132 -0.195160
v 0.663315 1.312662 -0.195160
v 0.663315 1.312662 -0.195160
v 0.663315 1.312662 -0.295473
v 0.663315 1.312662 -0.295473
v 0.649160 1.304132 -0.295473
v 0.649160 1.304132 -0.295473
v 0.649160 1.304132 -0.295473
v 0.649160 1.304132 -0.295473
v 0.640742 1.290710 -0.195160
v 0.640742 1.290710 -0.195160
v 0.640742 1.290710 -0.195160
v 0.640742 1.290710 -0.295473
v 0.640742 1.290710 -0.295473
v 0.635000 1.196003 -1.298598
v 0.635000 1.196003 -1.298598
v 0.635404 1.254305 -1.298598
v 0.635404 1.254305 -1.298598
v 0.635404 1.254305 -1.298598
v 0.635404 1.254305 -1.499223
v 0.635404 1.254305 -1.499223
v 0.635404 1.254305 -1.499223
v 0.635000 1.196003 -1.499223
v 0.635000 1.196003 -1.499223
v 0.635000 1.196003 -0.897348
v 0.635000 1.196003 -0.897348
v 0.635000 1.196003 -0.897348
v 0.635000 1.196003 -0.897348
v 0.635000 1.196003 -0.897348
v 0.635404 1.254305 -0.496098
v 0.635404 1.254305 -0.496098
v 0.635404 1.254305 -0.496098
v 0.635000 1.196003 -0.496098
v 0.635000 1.196003 -0.496098
v 0.635404 1.254305 -0.295473
v 0.635404 1.254305 -0.295473
v 0.635404 1.254305 -0.295473
v 0.635000 1.196003 -0.295473
v 0.635000 1.196003 -0.295473
v 0.635000 1.111702 -1.298598
v 0.635000 1.156208 -1.298598
v 0.635000 1.156208 -1.499223
v 0.635000 1.111702 -1.499223
v 0.635000 1.111702 -0.897348
v 0.635000 1.111702 -0.696723
v 0.635000 1.111702 -0.496098
v 0.635000 1.156208 -0.496098
v 0.635000 1.156208 -0.295473
v 0.635000 1.111702 -0.395785
v 0.635000 1.111702 -0.295473
v 0.635000 1.067528 -0.897348
v 0.635000 1.021786 -1.298598
v 0.635000 1.021786 -0.897348
v 0.635000 1.067528 -0.696723
v 0.635000 1.089886 -0.195160
v 0.635000 1.111702 -0.195160
v 0.635000 1.089886 -0.295473
v 0.635000 1.078764 -0.295473
v 0.635000 1.067528 -0.295473
v 0.635000 1.067528 -0.195160
v 0.635000 1.078764 -0.345629
v 0.635000 1.067528 -0.345629
v 0.635000 1.089886 -0.345629
v 0.635000 1.089886 -0.395785
v 0.635000 0.933052 -1.298598
v 0.635000 0.977047 -1.298598
v 0.635000 0.977047 -1.499223
v 0.635000 0.933052 -1.499223
v 0.635000 1.021786 -1.499223
v 0.635000 0.977047 -0.897348
v 0.635000 0.933052 -0.897348
v 0.635000 0.844120 -1.298598
v 0.635000 0.886742 -1.298598
v 0.635000 0.886742 -1.499223
v 0.635000 0.844120 -1.499223
v 0.635826 0.752281 -1.298598
v 0.635826 0.752281 -1.298598
v 0.635002 0.791246 -1.298598
v 0.635002 0.791246 -1.298598
v 0.635002 0.791246 -1.298598
v 0.635002 0.791246 -1.298598
v 0.635002 0.791246 -1.499223
v 0.635002 0.791246 -1.499223
v 0.635002 0.791246 -1.499223
v 0.635826 0.752281 -1.499223
v 0.635826 0.752281 -1.499223
v 0.635002 0.791246 -1.097973
v 0.635002 0.791246 -1.097973
v 0.635002 0.791246 -1.097973
v 0.635000 0.844120 -1.097973
v 0.635826 0.752281 -1.198285
v 0.635826 0.752281 -1.198285
v 0.635826 0.752281 -1.198285
v 0.635826 0.752281 -1.198285
v 0.635826 0.752281 -1.198285
v 0.635826 0.752281 -1.198285
v 0.635826 0.752281 -1.097973
v 0.635826 0.752281 -1.097973
v 0.635155 0.770086 -1.097973
v 0.635155 0.770086 -1.097973
v 0.635155 0.770086 -1.097973
v 0.635155 0.770086 -1.097973
v 0.635155 0.770086 -1.097973
v 0.635155 0.770086 -1.097973
v 0.660917 0.703287 -1.298598
v 0.660917 0.703287 -1.298598
v 0.660917 0.703287 -1.298598
v 0.646942 0.713274 -1.298598
v 0.646942 0.713274 -1.298598
v 0.646942 0.713274 -1.499223
v 0.646942 0.713274 -1.499223
v 0.660917 0.703287 -1.499223
v 0.660917 0.703287 -1.499223
v 0.660917 0.703287 -1.499223
v 0.682949 0.697823 -1.499223
v 0.682949 0.697823 -1.499223
v 0.682949 0.697823 -1.499223
v 0.682949 0.697823 -1.499223
v 0.682949 0.697823 -1.298598
v 0.682949 0.697823 -1.298598
v 0.639189 0.729151 -1.298598
v 0.639189 0.729151 -1.298598
v 0.639189 0.729151 -1.499223
v 0.639189 0.729151 -1.499223
v 0.639189 0.729151 -1.599535
v 0.639189 0.729151 -1.599535
v 0.639189 0.729151 -1.599535
v 0.646942 0.713274 -1.599535
v 0.646942 0.713274 -1.599535
v 0.635826 0.752281 -1.599535
v 0.635826 0.752281 -1.599535
v 0.660917 0.703287 -1.599535
v 0.660917 0.703287 -1.599535
v 0.660917 0.703287 -1.599535
v 0.660917 0.703287 -1.599535
v 0.682949 0.697823 -1.599535
v 0.682949 0.697823 -1.599535
v 0.682949 0.697823 -1.599535
v 0.670811 0.700075 -1.047817
v 0.670811 0.700075 -1.047817
v 0.670811 0.700075 -1.047817
v 0.670811 0.700075 -1.047817
v 0.670811 0.700075 -1.047817
v 0.670811 0.700075 -1.047817
v 0.660917 0.703287 -1.047817
v 0.660917 0.703287 -1.047817
v 0.660917 0.703287 -1.047817
v 0.660917 0.703287 -1.097973
v 0.660917 0.703287 -1.097973
v 0.660917 0.703287 -1.097973
v 0.660917 0.703287 -1.097973
v 0.660917 0.703287 -1.097973
v 0.670811 0.700075 -1.097973
v 0.670811 0.700075 -1.097973
v 0.670811 0.700075 -1.097973
v 0.670811 0.700075 -1.097973
v 0.682949 0.697823 -1.047817
v 0.682949 0.697823 -1.047817
v 0.682949 0.697823 -1.047817
v 0.682949 0.697823 -1.047817
v 0.682949 0.697823 -1.097973
v 0.682949 0.697823 -1.097973
v 0.637074 0.739723 -1.047817
v 0.637074 0.739723 -1.047817
v 0.637074 0.739723 -1.047817
v 0.637074 0.739723 -1.047817
v 0.637074 0.739723 -1.047817
v 0.635826 0.752281 -1.047817
v 0.635826 0.752281 -1.047817
v 0.635826 0.752281 -1.047817
v 0.635826 0.752281 -1.047817
v 0.637074 0.739723 -1.097973
v 0.637074 0.739723 -1.097973
v 0.637074 0.739723 -1.097973
v 0.637074 0.739723 -1.097973
v 0.639189 0.729151 -1.047817
v 0.639189 0.729151 -1.047817
v 0.639189 0.729151 -1.047817
v 0.639189 0.729151 -1.047817
v 0.639189 0.729151 -1.047817
v 0.639189 0.729151 -1.097973
v 0.639189 0.729151 -1.097973
v 0.639189 0.729151 -1.097973
v 0.642402 0.720392 -1.047817
v 0.642402 0.720392 -1.047817
v 0.642402 0.720392 -1.047817
v 0.642402 0.720392 -1.047817
v 0.642402 0.720392 -1.047817
v 0.642402 0.720392 -1.097973
v 0.642402 0.720392 -1.097973
v 0.642402 0.720392 -1.097973
v 0.642402 0.720392 -1.097973
v 0.642402 0.720392 -1.097973
v 0.642402 0.720392 -1.097973
v 0.639189 0.729151 -1.198285
v 0.639189 0.729151 -1.198285
v 0.639189 0.729151 -1.198285
v 0.639189 0.729151 -1.198285
v 0.639189 0.729151 -1.198285
v 0.639189 0.729151 -1.198285
v 0.646942 0.713274 -1.198285
v 0.646942 0.713274 -1.198285
v 0.646942 0.713274 -1.198285
v 0.646942 0.713274 -1.198285
v 0.646942 0.713274 -1.198285
v 0.646942 0.713274 -1.198285
v 0.646942 0.713274 -1.097973
v 0.646942 0.713274 -1.097973
v 0.646942 0.713274 -1.097973
v 0.646942 0.713274 -1.097973
v 0.646942 0.713274 -1.097973
v 0.660917 0.703287 -1.198285
v 0.660917 0.703287 -1.198285
v 0.660917 0.703287 -1.198285
v 0.660917 0.703287 -1.198285
v 0.660917 0.703287 -1.198285
v 0.660917 0.703287 -1.198285
v 0.682949 0.697823 -1.198285
v 0.682949 0.697823 -1.198285
v 0.682949 0.697823 -1.198285
v 0.682949 0.697823 -1.198285
v 0.682949 0.697823 -1.198285
v 0.682949 0.697823 -1.198285
v 0.682949 0.697823 -1.198285
v 0.653037 0.707630 -1.097973
v 0.653037 0.707630 -1.097973
v 0.653037 0.707630 -1.097973
v 0.653037 0.707630 -1.097973
v 0.653037 0.707630 -1.097973
v 0.653037 0.707630 -1.097973
v 0.775000 0.695000 -1.298598
v 0.775000 0.695000 -1.298598
v 0.720925 0.695353 -1.298598
v 0.720925 0.695353 -1.298598
v 0.720925 0.695353 -1.298598
v 0.720925 0.695353 -1.298598
v 0.720925 0.695353 -1.298598
v 0.720925 0.695353 -1.499223
v 0.720925 0.695353 -1.499223
v 0.720925 0.695353 -1.499223
v 0.720925 0.695353 -1.499223
v 0.775000 0.695000 -1.499223
v 0.775000 0.695000 -1.499223
v 0.700103 0.696192 -1.097973
v 0.700103 0.696192 -1.097973
v 0.700103 0.696192 -1.097973
v 0.700103 0.696192 -1.097973
v 0.700103 0.696192 -1.097973
v 0.700103 0.696192 -1.097973
v 0.720925 0.695353 -1.097973
v 0.720925 0.695353 -1.097973
v 0.720925 0.695353 -1.097973
v 0.720925 0.695353 -1.097973
v 0.775000 0.695000 -1.097973
v 0.775000 0.695000 -1.097973
v 0.775000 0.695000 -1.097973
v 0.775000 0.695000 -1.097973
v 0.859389 0.695000 -1.298598
v 0.814565 0.695000 -1.298598
v 0.814565 0.695000 -1.499223
v 0.859389 0.695000 -1.499223
v 0.814565 0.695000 -1.097973
v 0.859389 0.695000 -1.097973
v 0.859389 0.695000 -0.145004
v 0.859389 0.695000 -0.119926
v 0.853536 0.695000 -0.119926
v 0.853536 0.695000 -0.119926
v 0.870426 0.695000 -0.145004
v 0.859389 0.695000 -0.195160
v 0.859389 0.695000 -0.195160
v 0.870426 0.695000 -0.195160
v 0.870426 0.695000 -0.195160
v 0.881672 0.695000 -0.145004
v 0.881672 0.695000 -0.195160
v 1.041273 0.695000 -1.298598
v 0.996629 0.695000 -1.298598
v 0.996629 0.695000 -1.499223
v 1.041273 0.695000 -1.499223
v 0.952777 0.695000 -1.298598
v 0.952777 0.695000 -1.499223
v 0.996629 0.695000 -0.897348
v 0.952777 0.695000 -0.897348
v 1.041273 0.695000 -0.897348
v 1.041273 0.695000 -0.696723
v 1.041273 0.695000 -0.696723
v 0.996629 0.695000 -0.696723
v 0.996629 0.695000 -0.696723
v 1.018890 0.695000 -0.295473
v 1.018890 0.695000 -0.195160
v 0.996629 0.695000 -0.195160
v 1.030071 0.695000 -0.295473
v 1.041273 0.695000 -0.295473
v 1.041273 0.695000 -0.295473
v 1.041273 0.695000 -0.195160
v 1.129925 0.695000 -1.298598
v 1.085805 0.695000 -1.298598
v 1.085805 0.695000 -1.499223
v 1.129925 0.695000 -1.499223
v 1.085805 0.695000 -0.897348
v 1.129925 0.695000 -0.897348
v 1.129925 0.695000 -0.496098
v 1.085805 0.695000 -0.496098
v 1.085805 0.695000 -0.496098
v 1.085805 0.695000 -0.696723
v 1.085805 0.695000 -0.696723
v 1.129925 0.695000 -0.696723
v 1.052412 0.695000 -0.295473
v 1.063553 0.695000 -0.295473
v 1.063553 0.695000 -0.195160
v 1.085805 0.695000 -0.195160
v 1.085805 0.695000 -0.295473
v 1.085805 0.695000 -0.295473
v 1.063553 0.695000 -0.345629
v 1.063553 0.695000 -0.345629
v 1.063553 0.695000 -0.395785
v 1.063553 0.695000 -0.395785
v 1.063553 0.695000 -0.395785
v 1.085805 0.695000 -0.395785
v 1.085805 0.695000 -0.395785
v 1.052412 0.695000 -0.345629
v 1.041273 0.695000 -0.345629
v 1.041273 0.695000 -0.345629
v 1.063553 0.695000 -0.496098
v 1.063553 0.695000 -0.496098
v 1.129925 0.695000 -0.295473
v 1.218757 0.695000 -1.298598
v 1.175244 0.695000 -1.298598
v 1.175244 0.695000 -1.499223
v 1.218757 0.695000 -1.499223
v 1.218757 0.695000 -0.897348
v 1.175244 0.695000 -0.496098
v 1.218757 0.695000 -0.496098
v 1.175244 0.695000 -0.295473
v 1.218757 0.695000 -0.295473
v 1.309860 0.695000 -0.897348
v 1.309860 0.695000 -0.897348
v 1.309860 0.695000 -0.897348
v 1.309860 0.695000 -0.897348
v 1.309860 0.695000 -0.897348
v 1.309860 0.695000 -1.298598
v 1.309860 0.695000 -1.298598
v 1.309860 0.695000 -0.496098
v 1.309860 0.695000 -0.496098
v 1.309860 0.695000 -0.496098
v 1.395204 0.695520 -1.298598
v 1.395204 0.695520 -1.298598
v 1.395204 0.695520 -1.298598
v 1.357624 0.695021 -1.298598
v 1.357624 0.695021 -1.298598
v 1.357624 0.695021 -1.298598
v 1.357624 0.695021 -1.298598
v 1.357624 0.695021 -1.499223
v 1.357624 0.695021 -1.499223
v 1.357624 0.695021 -1.499223
v 1.357624 0.695021 -1.499223
v 1.395204 0.695520 -1.499223
v 1.395204 0.695520 -1.499223
v 1.395204 0.695520 -1.499223
v 1.309860 0.695000 -1.499223
v 1.309860 0.695000 -1.499223
v 1.309860 0.695000 -1.499223
v 1.395204 0.695520 -1.097973
v 1.395204 0.695520 -1.097973
v 1.395204 0.695520 -1.097973
v 1.395204 0.695520 -1.097973
v 1.395204 0.695520 -1.097973
v 1.395204 0.695520 -0.897348
v 1.395204 0.695520 -0.897348
v 1.395204 0.695520 -0.897348
v 1.395204 0.695520 -0.696723
v 1.395204 0.695520 -0.696723
v 1.395204 0.695520 -0.696723
v 1.395204 0.695520 -0.696723
v 1.395204 0.695520 -0.696723
v 1.395204 0.695520 -0.496098
v 1.395204 0.695520 -0.496098
v 1.395204 0.695520 -0.496098
v 1.357624 0.695021 -0.496098
v 1.357624 0.695021 -0.496098
v 1.357624 0.695021 -0.496098
v 1.357624 0.695021 -0.496098
v 1.357624 0.695021 -0.295473
v 1.357624 0.695021 -0.295473
v 1.357624 0.695021 -0.295473
v 1.357624 0.695021 -0.295473
v 1.309860 0.695000 -0.295473
v 1.309860 0.695000 -0.295473
v 1.395204 0.695520 -0.295473
v 1.395204 0.695520 -0.295473
v 1.395204 0.695520 -0.295473
v 1.460839 0.710869 -1.499223
v 1.460839 0.710869 -1.499223
v 1.460839 0.710869 -1.499223
v 1.460839 0.710869 -1.499223
v 1.460839 0.710869 -1.499223
v 1.469258 0.724291 -1.499223
v 1.469258 0.724291 -1.499223
v 1.469258 0.724291 -1.499223
v 1.469258 0.724291 -1.298598
v 1.469258 0.724291 -1.298598
v 1.469258 0.724291 -1.298598
v 1.469258 0.724291 -1.298598
v 1.446684 0.702339 -1.298598
v 1.446684 0.702339 -1.298598
v 1.446684 0.702339 -1.298598
v 1.446684 0.702339 -1.298598
v 1.446684 0.702339 -1.298598
v 1.446684 0.702339 -1.499223
v 1.446684 0.702339 -1.499223
v 1.446684 0.702339 -1.499223
v 1.460839 0.710869 -1.599535
v 1.460839 0.710869 -1.599535
v 1.460839 0.710869 -1.599535
v 1.460839 0.710869 -1.599535
v 1.460839 0.710869 -1.599535
v 1.469258 0.724291 -1.599535
v 1.469258 0.724291 -1.599535
v 1.469258 0.724291 -1.599535
v 1.469258 0.724291 -1.599535
v 1.469258 0.724291 -1.599535
v 1.446684 0.702339 -1.599535
v 1.446684 0.702339 -1.599535
v 1.446684 0.702339 -1.599535
v 1.469258 0.724291 -0.897348
v 1.469258 0.724291 -0.897348
v 1.446684 0.702339 -0.897348
v 1.446684 0.702339 -0.897348
v 1.446684 0.702339 -0.897348
v 1.446684 0.702339 -1.097973
v 1.446684 0.702339 -1.097973
v 1.446684 0.702339 -1.097973
v 1.469258 0.724291 -1.097973
v 1.469258 0.724291 -1.097973
v 1.469258 0.724291 -1.097973
v 1.469258 0.724291 -1.097973
v 1.469258 0.724291 -0.496098
v 1.469258 0.724291 -0.496098
v 1.469258 0.724291 -0.496098
v 1.469258 0.724291 -0.496098
v 1.446684 0.702339 -0.496098
v 1.446684 0.702339 -0.496098
v 1.446684 0.702339 -0.496098
v 1.446684 0.702339 -0.496098
v 1.446684 0.702339 -0.496098
v 1.446684 0.702339 -0.696723
v 1.446684 0.702339 -0.696723
v 1.446684 0.702339 -0.696723
v 1.469258 0.724291 -0.696723
v 1.469258 0.724291 -0.696723
v 1.469258 0.724291 -0.696723
v 1.469258 0.724291 -0.696723
v 1.460839 0.710869 -0.195160
v 1.460839 0.710869 -0.195160
v 1.460839 0.710869 -0.195160
v 1.460839 0.710869 -0.195160
v 1.460839 0.710869 -0.195160
v 1.446684 0.702339 -0.195160
v 1.446684 0.702339 -0.195160
v 1.446684 0.702339 -0.195160
v 1.446684 0.702339 -0.295473
v 1.446684 0.702339 -0.295473
v 1.446684 0.702339 -0.295473
v 1.446684 0.702339 -0.295473
v 1.460839 0.710869 -0.295473
v 1.460839 0.710869 -0.295473
v 1.460839 0.710869 -0.295473
v 1.460839 0.710869 -0.295473
v 1.460839 0.710869 -0.295473
v 1.469258 0.724291 -0.195160
v 1.469258 0.724291 -0.195160
v 1.469258 0.724291 -0.195160
v 1.469258 0.724291 -0.295473
v 1.469258 0.724291 -0.295473
v 1.475000 0.818996 -1.298598
v 1.475000 0.818996 -1.298598
v 1.474596 0.760696 -1.298598
v 1.474596 0.760696 -1.298598
v 1.474596 0.760696 -1.298598
v 1.474596 0.760696 -1.499223
v 1.474596 0.760696 -1.499223
v 1.474596 0.760696 -1.499223
v 1.474596 0.760696 -1.499223
v 1.475000 0.818996 -1.499223
v 1.475000 0.818996 -1.499223
v 1.475000 0.818996 -0.897348
v 1.475000 0.818996 -0.897348
v 1.475000 0.818996 -0.897348
v 1.475000 0.818996 -0.897348
v 1.475000 0.818996 -0.897348
v 1.474596 0.760696 -0.496098
v 1.474596 0.760696 -0.496098
v 1.474596 0.760696 -0.496098
v 1.475000 0.818996 -0.496098
v 1.475000 0.818996 -0.496098
v 1.474596 0.760696 -0.295473
v 1.474596 0.760696 -0.295473
v 1.474596 0.760696 -0.295473
v 1.475000 0.818996 -0.295473
v 1.475000 0.818996 -0.295473
v 1.475000 0.903297 -1.298598
v 1.475000 0.858793 -1.298598
v 1.475000 0.858793 -1.499223
v 1.475000 0.903297 -1.499223
v 1.475000 0.903297 -0.897348
v 1.475000 0.858793 -0.496098
v 1.475000 0.903297 -0.496098
v 1.475000 0.858793 -0.295473
v 1.475000 0.903297 -0.295473
v 1.475000 0.993214 -0.897348
v 1.475000 0.993214 -1.298598
v 1.475000 0.993214 -0.496098
v 1.475000 1.081949 -1.298598
v 1.475000 1.037954 -1.298598
v 1.475000 1.037954 -1.499223
v 1.475000 1.081949 -1.499223
v 1.475000 0.993214 -1.499223
v 1.475000 1.081949 -0.897348
v 1.475000 1.037954 -0.496098
v 1.475000 1.081949 -0.496098
v 1.475000 1.037954 -0.295473
v 1.475000 0.993214 -0.295473
v 1.475000 1.081949 -0.295473
v 1.475000 1.170881 -1.298598
v 1.475000 1.128260 -1.298598
v 1.475000 1.128260 -1.499223
v 1.475000 1.170881 -1.499223
v 1.475000 1.170881 -0.897348
v 1.475000 1.170881 -0.897348
v 1.475000 1.170881 -0.897348
v 1.475000 1.170881 -0.897348
v 1.475000 1.128260 -0.496098
v 1.475000 1.170881 -0.496098
v 1.475000 1.128260 -0.295473
v 1.475000 1.170881 -0.295473
v 1.474174 1.262720 -1.298598
v 1.474174 1.262720 -1.298598
v 1.474174 1.262720 -1.298598
v 1.474174 1.262720 -1.298598
v 1.474998 1.223753 -1.298598
v 1.474998 1.223753 -1.298598
v 1.474998 1.223753 -1.298598
v 1.474998 1.223753 -1.499223
v 1.474998 1.223753 -1.499223
v 1.474998 1.223753 -1.499223
v 1.474174 1.262720 -1.499223
v 1.474174 1.262720 -1.499223
v 1.474174 1.262720 -1.097973
v 1.474174 1.262720 -1.097973
v 1.474174 1.262720 -1.097973
v 1.474174 1.262720 -1.097973
v 1.474174 1.262720 -0.897348
v 1.474174 1.262720 -0.897348
v 1.474174 1.262720 -0.696723
v 1.474174 1.262720 -0.696723
v 1.474174 1.262720 -0.696723
v 1.474174 1.262720 -0.696723
v 1.474174 1.262720 -0.496098
v 1.474174 1.262720 -0.496098
v 1.474174 1.262720 -0.496098
v 1.474174 1.262720 -0.496098
v 1.474998 1.223753 -0.496098
v 1.474998 1.223753 -0.496098
v 1.474998 1.223753 -0.496098
v 1.474998 1.223753 -0.295473
v 1.474998 1.223753 -0.295473
v 1.474998 1.223753 -0.295473
v 1.474174 1.262720 -0.295473
v 1.474174 1.262720 -0.295473
v 1.449083 1.311714 -1.499223
v 1.449083 1.311714 -1.499223
v 1.449083 1.311714 -1.499223
v 1.449083 1.311714 -1.499223
v 1.449083 1.311714 -1.499223
v 1.427051 1.317179 -1.499223
v 1.427051 1.317179 -1.499223
v 1.427051 1.317179 -1.499223
v 1.427051 1.317179 -1.499223
v 1.427051 1.317179 -1.298598
v 1.427051 1.317179 -1.298598
v 1.427051 1.317179 -1.298598
v 1.427051 1.317179 -1.298598
v 1.463058 1.301726 -1.298598
v 1.463058 1.301726 -1.298598
v 1.463058 1.301726 -1.298598
v 1.463058 1.301726 -1.298598
v 1.463058 1.301726 -1.298598
v 1.463058 1.301726 -1.298598
v 1.463058 1.301726 -1.499223
v 1.463058 1.301726 -1.499223
v 1.470811 1.285851 -1.499223
v 1.470811 1.285851 -1.499223
v 1.470811 1.285851 -1.499223
v 1.470811 1.285851 -1.599535
v 1.470811 1.285851 -1.599535
v 1.470811 1.285851 -1.599535
v 1.470811 1.285851 -1.599535
v 1.463058 1.301726 -1.599535
v 1.463058 1.301726 -1.599535
v 1.463058 1.301726 -1.599535
v 1.463058 1.301726 -1.599535
v 1.463058 1.301726 -1.599535
v 1.474174 1.262720 -1.599535
v 1.474174 1.262720 -1.599535
v 1.449083 1.311714 -1.599535
v 1.449083 1.311714 -1.599535
v 1.449083 1.311714 -1.599535
v 1.449083 1.311714 -1.599535
v 1.449083 1.311714 -1.599535
v 1.427051 1.317179 -1.599535
v 1.427051 1.317179 -1.599535
v 1.427051 1.317179 -0.897348
v 1.427051 1.317179 -0.897348
v 1.463058 1.301726 -0.897348
v 1.463058 1.301726 -0.897348
v 1.463058 1.301726 -1.097973
v 1.463058 1.301726 -1.097973
v 1.427051 1.317179 -1.097973
v 1.427051 1.317179 -1.097973
v 1.427051 1.317179 -1.097973
v 1.427051 1.317179 -1.097973
v 1.427051 1.317179 -0.496098
v 1.427051 1.317179 -0.496098
v 1.427051 1.317179 -0.496098
v 1.427051 1.317179 -0.496098
v 1.427051 1.317179 -0.496098
v 1.463058 1.301726 -0.496098
v 1.463058 1.301726 -0.496098
v 1.463058 1.301726 -0.496098
v 1.463058 1.301726 -0.496098
v 1.463058 1.301726 -0.496098
v 1.463058 1.301726 -0.496098
v 1.463058 1.301726 -0.696723
v 1.463058 1.301726 -0.696723
v 1.427051 1.317179 -0.696723
v 1.427051 1.317179 -0.696723
v 1.427051 1.317179 -0.696723
v 1.427051 1.317179 -0.696723
v 1.449083 1.311714 -0.195160
v 1.449083 1.311714 -0.195160
v 1.449083 1.311714 -0.195160
v 1.449083 1.311714 -0.195160
v 1.449083 1.311714 -0.195160
v 1.463058 1.301726 -0.195160
v 1.463058 1.301726 -0.195160
v 1.463058 1.301726 -0.195160
v 1.463058 1.301726 -0.295473
v 1.463058 1.301726 -0.295473
v 1.463058 1.301726 -0.295473
v 1.449083 1.311714 -0.295473
v 1.449083 1.311714 -0.295473
v 1.449083 1.311714 -0.295473
v 1.449083 1.311714 -0.295473
v 1.449083 1.311714 -0.295473
v 1.427051 1.317179 -0.195160
v 1.427051 1.317179 -0.195160
v 1.427051 1.317179 -0.195160
v 1.427051 1.317179 -0.295473
v 1.427051 1.317179 -0.295473
v 1.470811 1.285851 -0.195160
v 1.470811 1.285851 -0.195160
v 1.470811 1.285851 -0.195160
v 1.470811 1.285851 -0.195160
v 1.474174 1.262720 -0.195160
v 1.474174 1.262720 -0.195160
v 1.470811 1.285851 -0.295473
v 1.470811 1.285851 -0.295473
v 1.470811 1.285851 -0.295473
v 1.470811 1.285851 -0.295473
v 1.389075 1.319647 -1.298598
v 1.389075 1.319647 -1.298598
v 1.389075 1.319647 -1.298598
v 1.389075 1.319647 -1.298598
v 1.389075 1.319647 -1.499223
v 1.389075 1.319647 -1.499223
v 1.389075 1.319647 -1.499223
v 1.389075 1.319647 -1.499223
v 1.389075 1.319647 -0.496098
v 1.389075 1.319647 -0.496098
v 1.389075 1.319647 -0.496098
v 1.389075 1.319647 -0.496098
v 1.389075 1.319647 -0.295473
v 1.389075 1.319647 -0.295473
v 1.389075 1.319647 -0.295473
v 1.389075 1.319647 -0.295473
v 1.335000 1.320000 -1.699848
v 1.335000 1.320000 -1.699848
v 1.335000 1.320000 -1.699848
v 1.335000 1.320000 -1.699848
v 1.250611 1.320000 -1.699848
v 1.250611 1.320000 -1.699848
v 1.157223 1.320000 -1.699848
v 1.157223 1.320000 -1.699848
v 1.068727 1.320000 -1.699848
v 1.068727 1.320000 -1.699848
v 0.980075 1.320000 -1.699848
v 0.980075 1.320000 -1.699848
v 0.800139 1.320000 -1.699848
v 0.800139 1.320000 -1.699848
v 0.800139 1.320000 -1.699848
v 0.800139 1.320000 -1.699848
v 0.891243 1.320000 -1.699848
v 0.891243 1.320000 -1.699848
v 0.714796 1.319481 -1.699848
v 0.714796 1.319481 -1.699848
v 0.714796 1.319481 -1.699848
v 0.714796 1.319481 -1.699848
v 0.663315 1.312662 -1.699848
v 0.663315 1.312662 -1.699848
v 0.663315 1.312662 -1.699848
v 0.663315 1.312662 -1.699848
v 0.663315 1.312662 -1.699848
v 0.640742 1.290710 -1.699848
v 0.640742 1.290710 -1.699848
v 0.640742 1.290710 -1.699848
v 0.640742 1.290710 -1.699848
v 0.635000 1.196003 -1.699848
v 0.635000 1.196003 -1.699848
v 0.635000 1.196003 -1.699848
v 0.635000 1.196003 -1.699848
v 0.635000 1.111702 -1.699848
v 0.635000 1.111702 -1.699848
v 0.635000 1.021786 -1.699848
v 0.635000 1.021786 -1.699848
v 0.635000 0.933052 -1.699848
v 0.635000 0.933052 -1.699848
v 0.635000 0.844120 -1.699848
v 0.635000 0.844120 -1.699848
v 0.635000 0.844120 -1.699848
v 0.635826 0.752281 -1.699848
v 0.635826 0.752281 -1.699848
v 0.635826 0.752281 -1.699848
v 0.635826 0.752281 -1.699848
v 0.635826 0.752281 -1.699848
v 0.646942 0.713274 -1.699848
v 0.646942 0.713274 -1.699848
v 0.646942 0.713274 -1.699848
v 0.646942 0.713274 -1.699848
v 0.646942 0.713274 -1.699848
v 0.682949 0.697823 -1.699848
v 0.682949 0.697823 -1.699848
v 0.682949 0.697823 -1.699848
v 0.682949 0.697823 -1.699848
v 0.682949 0.697823 -1.699848
v 0.775000 0.695000 -1.699848
v 0.775000 0.695000 -1.699848
v 0.775000 0.695000 -1.699848
v 0.775000 0.695000 -1.699848
v 0.635000 0.799168 -0.965721
v 0.635000 0.799168 -0.965721
v 0.635000 0.799168 -0.965721
v 0.635000 0.799168 -0.965721
v 0.635000 0.799168 -0.965721
v 0.635000 0.799168 -0.965721
v 0.635000 0.799168 -0.965721
v 0.635987 0.750004 -1.015451
v 0.635987 0.750004 -1.015451
v 0.635987 0.750004 -1.015451
v 0.635987 0.750004 -1.015451
v 0.635987 0.750004 -1.015451
v 0.635987 0.750004 -1.015451
v 0.635987 0.750004 -1.015451
v 0.644828 0.716274 -1.041455
v 0.644828 0.716274 -1.041455
v 0.644828 0.716274 -1.041455
v 0.644828 0.716274 -1.041455
v 0.644828 0.716274 -1.041455
v 0.644828 0.716274 -1.041455
v 0.644828 0.716274 -1.041455
v 0.650434 0.710043 -1.042651
v 0.650434 0.710043 -1.042651
v 0.650434 0.710043 -1.042651
v 0.650434 0.710043 -1.042651
v 0.650434 0.710043 -1.042651
v 0.638443 0.731556 -1.031839
v 0.638443 0.731556 -1.031839
v 0.638443 0.731556 -1.031839
v 0.638443 0.731556 -1.031839
v 0.638443 0.731556 -1.031839
v 0.638443 0.731556 -1.031839
v 0.638443 0.731556 -1.031839
v 0.658153 0.704868 -1.040866
v 0.658153 0.704868 -1.040866
v 0.658153 0.704868 -1.040866
v 0.658153 0.704868 -1.040866
v 0.658153 0.704868 -1.040866
v 0.658153 0.704868 -1.040866
v 0.658153 0.704868 -1.040866
v 0.658153 0.704868 -1.040866
v 0.729301 0.695087 -0.985068
v 0.729301 0.695087 -0.985068
v 0.729301 0.695087 -0.985068
v 0.729301 0.695087 -0.985068
v 0.729301 0.695087 -0.985068
v 0.729301 0.695087 -0.985068
v 0.729301 0.695087 -0.985068
v 0.729301 0.695087 -0.985068
v 1.335000 1.320000 -0.094848
v 1.335000 1.320000 -0.094848
v 1.335000 1.320000 -0.094848
v 1.335000 1.320000 -0.094848
v 1.157223 1.320000 -0.094848
v 1.157223 1.320000 -0.094848
v 1.250611 1.320000 -0.094848
v 1.250611 1.320000 -0.094848
v 1.068727 1.320000 -0.094848
v 1.068727 1.320000 -0.094848
v 0.635000 1.081614 -0.538460
v 0.635000 1.081614 -0.538460
v 0.635000 1.081614 -0.538460
v 0.635000 1.081614 -0.538460
v 0.891243 1.320000 -0.094848
v 0.891243 1.320000 -0.094848
v 0.800139 1.320000 -0.094848
v 0.800139 1.320000 -0.094848
v 0.800139 1.320000 -0.094848
v 0.800139 1.320000 -0.094848
v 0.714796 1.319481 -0.094848
v 0.714796 1.319481 -0.094848
v 0.714796 1.319481 -0.094848
v 0.714796 1.319481 -0.094848
v 0.980075 1.320000 -0.094848
v 0.980075 1.320000 -0.094848
v 0.663315 1.312662 -0.094848
v 0.663315 1.312662 -0.094848
v 0.663315 1.312662 -0.094848
v 0.663315 1.312662 -0.094848
v 0.635000 1.196003 -0.094848
v 0.635000 1.196003 -0.094848
v 0.635000 1.196003 -0.094848
v 0.635000 1.196003 -0.094848
v 0.635000 1.111702 -0.094848
v 0.635000 1.111702 -0.094848
v 0.640742 1.290710 -0.094848
v 0.640742 1.290710 -0.094848
v 0.640742 1.290710 -0.094848
v 0.640742 1.290710 -0.094848
v 0.640742 1.290710 -0.094848
v 0.635000 0.840721 -0.920965
v 0.635000 0.840721 -0.920965
v 0.635000 0.840721 -0.920965
v 0.635000 0.881134 -0.875178
v 0.635000 0.881134 -0.875178
v 0.635000 0.881134 -0.875178
v 0.635000 0.881134 -0.875178
v 0.635000 0.977306 -0.752046
v 0.635000 0.977306 -0.752046
v 0.635000 0.977306 -0.752046
v 0.635000 1.019548 -0.687751
v 0.635000 1.019548 -0.687751
v 0.635000 1.019548 -0.687751
v 0.635000 1.019548 -0.687751
v 0.635000 1.019548 -0.687751
v 0.635000 0.931479 -0.813851
v 0.635000 0.931479 -0.813851
v 0.635000 0.931479 -0.813851
v 0.635000 0.931479 -0.813851
v 0.681432 0.698038 -1.026636
v 0.681432 0.698038 -1.026636
v 0.681432 0.698038 -1.026636
v 0.681432 0.698038 -1.026636
v 0.681432 0.698038 -1.026636
v 0.681432 0.698038 -1.026636
v 0.681432 0.698038 -1.026636
v 0.681432 0.698038 -1.026636
v 0.635000 1.081614 -0.384023
v 0.635000 1.081614 -0.384023
v 0.635000 1.081614 -0.384023
v 0.635000 1.081614 -0.461241
v 0.635000 1.081614 -0.461241
v 0.635000 1.081614 -0.461241
v 0.635000 1.081614 -0.461241
v 0.635000 1.081614 -0.461241
v 0.635000 1.077564 -0.366370
v 0.635000 1.077564 -0.366370
v 0.635000 1.077564 -0.366370
v 0.635000 1.077564 -0.366370
v 0.635000 1.031727 -0.311147
v 0.635000 1.031727 -0.311147
v 0.635000 1.031727 -0.311147
v 0.635000 1.031727 -0.311147
v 0.635000 1.059141 -0.618954
v 0.635000 1.059141 -0.618954
v 0.635000 1.059141 -0.618954
v 0.635000 1.059141 -0.618954
v 0.635000 1.021786 -0.094848
v 0.635000 1.021786 -0.094848
v 0.635000 0.896744 -0.094848
v 0.635000 0.896744 -0.094848
v 0.635000 0.896744 -0.094848
v 0.635000 0.896744 -0.094848
v 0.635000 0.961647 -0.257405
v 0.635000 0.961647 -0.257405
v 0.635000 0.961647 -0.257405
v 0.635000 0.896746 -0.210366
v 0.635000 0.896746 -0.210366
v 0.635000 0.896746 -0.210366
v 0.635000 0.896746 -0.210366
v 0.635000 0.896746 -0.210366
v 0.859389 0.695000 -1.699848
v 0.859389 0.695000 -1.699848
v 0.952777 0.695000 -1.699848
v 0.952777 0.695000 -1.699848
v 1.041273 0.695000 -1.699848
v 1.041273 0.695000 -1.699848
v 1.129925 0.695000 -1.699848
v 1.129925 0.695000 -1.699848
v 1.218757 0.695000 -1.699848
v 1.218757 0.695000 -1.699848
v 1.309860 0.695000 -1.699848
v 1.309860 0.695000 -1.699848
v 1.309860 0.695000 -1.699848
v 1.309860 0.695000 -1.699848
v 0.775000 0.695000 -0.941023
v 0.775000 0.695000 -0.941023
v 0.775000 0.695000 -0.941023
v 0.775000 0.695000 -0.941023
v 0.775000 0.695000 -0.941023
v 0.838324 0.695000 -0.875178
v 0.838324 0.695000 -0.875178
v 0.838324 0.695000 -0.875178
v 0.838324 0.695000 -0.875178
v 0.891558 0.695000 -0.814415
v 0.891558 0.695000 -0.814415
v 0.891558 0.695000 -0.814415
v 0.984747 0.695000 -0.688160
v 0.984747 0.695000 -0.688160
v 0.984747 0.695000 -0.688160
v 0.984747 0.695000 -0.688160
v 0.984747 0.695000 -0.688160
v 0.984747 0.695000 -0.688160
v 0.940069 0.695000 -0.752694
v 0.940069 0.695000 -0.752694
v 0.940069 0.695000 -0.752694
v 1.026485 0.695000 -0.618954
v 1.026485 0.695000 -0.618954
v 1.026485 0.695000 -0.618954
v 1.026485 0.695000 -0.618954
v 1.026485 0.695000 -0.618954
v 1.026485 0.695000 -0.618954
v 1.049941 0.695000 -0.538460
v 1.049941 0.695000 -0.538460
v 1.049941 0.695000 -0.538460
v 1.049941 0.695000 -0.538460
v 1.049941 0.695000 -0.538460
v 1.049941 0.695000 -0.538460
v 1.049941 0.695000 -0.461241
v 1.049941 0.695000 -0.461241
v 1.049941 0.695000 -0.461241
v 1.049941 0.695000 -0.461241
v 1.049941 0.695000 -0.461241
v 1.049941 0.695000 -0.461241
v 1.395204 0.695520 -1.699848
v 1.395204 0.695520 -1.699848
v 1.395204 0.695520 -1.699848
v 1.395204 0.695520 -1.699848
v 1.446684 0.702339 -1.699848
v 1.446684 0.702339 -1.699848
v 1.446684 0.702339 -1.699848
v 1.446684 0.702339 -1.699848
v 1.446684 0.702339 -1.699848
v 1.469258 0.724291 -1.699848
v 1.469258 0.724291 -1.699848
v 1.469258 0.724291 -1.699848
v 1.469258 0.724291 -1.699848
v 1.475000 0.818996 -1.699848
v 1.475000 0.818996 -1.699848
v 1.475000 0.818996 -1.699848
v 1.475000 0.818996 -1.699848
v 1.475000 0.993214 -1.699848
v 1.475000 0.993214 -1.699848
v 1.475000 0.903297 -1.699848
v 1.475000 0.903297 -1.699848
v 1.475000 1.081949 -1.699848
v 1.475000 1.081949 -1.699848
v 1.474174 1.262720 -1.699848
v 1.474174 1.262720 -1.699848
v 1.474174 1.262720 -1.699848
v 1.474174 1.262720 -1.699848
v 1.474174 1.262720 -1.699848
v 1.475000 1.170881 -1.699848
v 1.475000 1.170881 -1.699848
v 1.475000 1.170881 -1.699848
v 1.463058 1.301726 -1.699848
v 1.463058 1.301726 -1.699848
v 1.463058 1.301726 -1.699848
v 1.463058 1.301726 -1.699848
v 1.463058 1.301726 -1.699848
v 1.427051 1.317179 -1.699848
v 1.427051 1.317179 -1.699848
v 1.427051 1.317179 -1.699848
v 1.427051 1.317179 -1.699848
v 1.427051 1.317179 -1.699848
v 0.923839 0.695000 -0.257290
v 0.923839 0.695000 -0.257290
v 0.923839 0.695000 -0.257290
v 0.923839 0.695000 -0.257290
v 0.923839 0.695000 -0.257290
v 0.997038 0.695000 -0.310559
v 0.997038 0.695000 -0.310559
v 0.997038 0.695000 -0.310559
v 0.997038 0.695000 -0.310559
v 1.032328 0.695000 -0.340926
v 1.032328 0.695000 -0.340926
v 1.032328 0.695000 -0.340926
v 1.032328 0.695000 -0.340926
v 1.044989 0.695000 -0.360224
v 1.044989 0.695000 -0.360224
v 1.044989 0.695000 -0.360224
v 1.044989 0.695000 -0.360224
v 0.851200 0.695000 -0.151361
v 0.851200 0.695000 -0.151361
v 0.851200 0.695000 -0.151361
v 0.851200 0.695000 -0.151361
v 0.851200 0.695000 -0.151361
v 0.851200 0.695000 -0.207874
v 0.851200 0.695000 -0.207874
v 0.851200 0.695000 -0.207874
v 0.851200 0.695000 -0.207874
v 0.851200 0.695000 -0.207874
v 0.851200 0.695000 -0.207874
v 0.851200 0.695000 -0.207874
v 1.049941 0.695000 -0.384023
v 1.049941 0.695000 -0.384023
v 1.049941 0.695000 -0.384023
v 1.049941 0.695000 -0.384023
v 1.049941 0.695000 -0.384023
v 1.129925 0.695000 -0.094848
v 1.129925 0.695000 -0.094848
v 1.218757 0.695000 -0.094848
v 1.218757 0.695000 -0.094848
v 1.309860 0.695000 -0.094848
v 1.309860 0.695000 -0.094848
v 1.309860 0.695000 -0.094848
v 1.309860 0.695000 -0.094848
v 0.859389 0.695000 -0.094848
v 0.859389 0.695000 -0.094848
v 0.851200 0.695000 -0.094848
v 0.851200 0.695000 -0.094848
v 0.851200 0.695000 -0.094848
v 0.851200 0.695000 -0.094848
v 0.952777 0.695000 -0.094848
v 0.952777 0.695000 -0.094848
v 1.041273 0.695000 -0.094848
v 1.041273 0.695000 -0.094848
v 1.395204 0.695520 -0.094848
v 1.395204 0.695520 -0.094848
v 1.395204 0.695520 -0.094848
v 1.395204 0.695520 -0.094848
v 1.395204 0.695520 -0.094848
v 1.475000 0.818996 -0.094848
v 1.475000 0.818996 -0.094848
v 1.475000 0.818996 -0.094848
v 1.475000 0.818996 -0.094848
v 1.475000 0.903297 -0.094848
v 1.475000 0.903297 -0.094848
v 1.475000 0.993214 -0.094848
v 1.475000 0.993214 -0.094848
v 1.475000 1.081949 -0.094848
v 1.475000 1.081949 -0.094848
v 1.475000 1.170881 -0.094848
v 1.475000 1.170881 -0.094848
v 1.475000 1.170881 -0.094848
v 1.446684 0.702339 -0.094848
v 1.446684 0.702339 -0.094848
v 1.446684 0.702339 -0.094848
v 1.446684 0.702339 -0.094848
v 1.469258 0.724291 -0.094848
v 1.469258 0.724291 -0.094848
v 1.469258 0.724291 -0.094848
v 1.469258 0.724291 -0.094848
v 1.469258 0.724291 -0.094848
v 1.474174 1.262720 -0.094848
v 1.474174 1.262720 -0.094848
v 1.474174 1.262720 -0.094848
v 1.474174 1.262720 -0.094848
v 1.474174 1.262720 -0.094848
v 1.463058 1.301726 -0.094848
v 1.463058 1.301726 -0.094848
v 1.463058 1.301726 -0.094848
v 1.463058 1.301726 -0.094848
v 1.463058 1.301726 -0.094848
v 1.427051 1.317179 -0.094848
v 1.427051 1.317179 -0.094848
v 1.427051 1.317179 -0.094848
v 1.427051 1.317179 -0.094848
v 1.427051 1.317179 -0.094848
v 1.270000 0.846251 -1.699848
v 1.377500 0.846251 -1.699848
v 1.377500 0.765625 -1.699848
v 1.270000 0.765625 -1.699848
v 1.431250 0.765625 -1.699848
v 1.431250 0.725313 -1.699848
v 1.377500 0.725313 -1.699848
v 0.732500 0.846251 -1.699848
v 0.840000 0.846251 -1.699848
v 0.840000 0.765625 -1.699848
v 0.732500 0.765625 -1.699848
v 1.055000 1.007500 -1.699848
v 1.270000 1.007500 -1.699848
v 1.055000 0.846251 -1.699848
v 0.840000 1.007500 -1.699848
v 1.055000 1.168751 -1.699848
v 1.270000 1.168751 -1.699848
v 0.840000 1.168751 -1.699848
v 1.270000 1.249376 -1.699848
v 1.377500 1.249376 -1.699848
v 1.377500 1.168751 -1.699848
v 0.678750 1.289688 -1.699848
v 0.732500 1.289688 -1.699848
v 0.732500 1.249376 -1.699848
v 0.678750 1.249376 -1.699848
v 0.840000 1.249376 -1.699848
v 0.732500 1.168751 -1.699848
v 1.055000 0.846251 -0.094848
v 0.947500 0.846251 -0.094848
v 0.947500 0.765625 -0.094848
v 1.055000 0.765625 -0.094848
v 0.893750 0.765625 -0.094848
v 0.893750 0.725313 -0.094848
v 0.947500 0.725313 -0.094848
v 0.866875 0.725313 -0.094848
v 0.866875 0.705156 -0.094848
v 0.893750 0.705156 -0.094848
v 0.840000 0.765625 -0.094848
v 0.840000 0.725313 -0.094848
v 0.840000 0.846251 -0.094848
v 1.431250 0.765625 -0.094848
v 1.377500 0.765625 -0.094848
v 1.377500 0.725313 -0.094848
v 1.431250 0.725313 -0.094848
v 1.377500 0.846251 -0.094848
v 1.270000 0.846251 -0.094848
v 1.270000 0.765625 -0.094848
v 0.840000 1.007500 -0.094848
v 1.055000 1.007500 -0.094848
v 1.270000 1.007500 -0.094848
v 1.055000 1.168751 -0.094848
v 0.840000 1.168751 -0.094848
v 1.270000 1.168751 -0.094848
v 0.840000 1.249376 -0.094848
v 0.732500 1.249376 -0.094848
v 0.732500 1.168751 -0.094848
v 0.732500 1.289688 -0.094848
v 0.678750 1.289688 -0.094848
v 0.678750 1.249376 -0.094848
v 1.377500 1.249376 -0.094848
v 1.270000 1.249376 -0.094848
v 1.377500 1.168751 -0.094848
v 0.815192 0.736996 -0.094848
v 0.815192 0.736996 -0.094848
v 0.815192 0.736996 -0.094848
v 0.815192 0.736996 -0.094848
v 0.815192 0.736996 -0.094848
v 0.777097 0.777098 -0.094848
v 0.777097 0.777098 -0.094848
v 0.777097 0.777098 -0.094848
v 0.708604 0.839937 -0.094848
v 0.708604 0.839937 -0.094848
v 0.708604 0.839937 -0.094848
v 0.708604 0.839937 -0.094848
v 1.002165 0.761202 -0.384023
v 1.002165 0.761202 -0.384023
v 1.002165 0.761202 -0.384023
v 1.002165 0.761202 -0.384023
v 1.002165 0.761202 -0.384023
v 1.026631 0.728500 -0.384023
v 1.026631 0.728500 -0.384023
v 1.026631 0.728500 -0.384023
v 1.026631 0.728500 -0.384023
v 1.026631 0.728500 -0.384023
v 1.026631 0.728500 -0.384023
v 1.020189 0.723930 -0.350176
v 1.020189 0.723930 -0.350176
v 1.020189 0.723930 -0.350176
v 1.020189 0.723930 -0.350176
v 1.020189 0.723930 -0.350176
v 1.020189 0.723930 -0.350176
v 1.020189 0.723930 -0.350176
v 0.995876 0.756426 -0.350176
v 0.995876 0.756426 -0.350176
v 0.995876 0.756426 -0.350176
v 0.995876 0.756426 -0.350176
v 0.949959 0.824070 -0.384023
v 0.949959 0.824070 -0.384023
v 0.949959 0.824070 -0.384023
v 0.949959 0.824070 -0.384023
v 0.949959 0.824070 -0.384023
v 0.976600 0.793058 -0.384023
v 0.976600 0.793058 -0.384023
v 0.976600 0.793058 -0.384023
v 0.976600 0.793058 -0.384023
v 0.970472 0.788082 -0.350176
v 0.970472 0.788082 -0.350176
v 0.970472 0.788082 -0.350176
v 0.970472 0.788082 -0.350176
v 0.970472 0.788082 -0.350176
v 0.943998 0.818899 -0.350176
v 0.943998 0.818899 -0.350176
v 0.943998 0.818899 -0.350176
v 0.943998 0.818899 -0.350176
v 0.943998 0.818899 -0.350176
v 0.943998 0.818899 -0.350176
v 0.927577 0.753248 -0.292317
v 0.927577 0.753248 -0.292317
v 0.927577 0.753248 -0.292317
v 0.927577 0.753248 -0.292317
v 0.927577 0.753248 -0.292317
v 0.927577 0.753248 -0.292317
v 0.902273 0.782703 -0.292317
v 0.902273 0.782703 -0.292317
v 0.902273 0.782703 -0.292317
v 0.902273 0.782703 -0.292317
v 0.902273 0.782703 -0.292317
v 0.902273 0.782703 -0.292317
v 0.951859 0.722992 -0.292317
v 0.951859 0.722992 -0.292317
v 0.951859 0.722992 -0.292317
v 0.951859 0.722992 -0.292317
v 0.951859 0.722992 -0.292317
v 0.951859 0.722992 -0.292317
v 0.893879 0.883204 -0.384023
v 0.893879 0.883204 -0.384023
v 0.893879 0.883204 -0.384023
v 0.893879 0.883204 -0.384023
v 0.893879 0.883204 -0.384023
v 0.922413 0.854076 -0.384023
v 0.922413 0.854076 -0.384023
v 0.922413 0.854076 -0.384023
v 0.922413 0.854076 -0.384023
v 0.922413 0.854076 -0.384023
v 0.916625 0.848719 -0.350176
v 0.916625 0.848719 -0.350176
v 0.916625 0.848719 -0.350176
v 0.916625 0.848719 -0.350176
v 0.916625 0.848719 -0.350176
v 0.916625 0.848719 -0.350176
v 0.888270 0.877661 -0.350176
v 0.888270 0.877661 -0.350176
v 0.888270 0.877661 -0.350176
v 0.888270 0.877661 -0.350176
v 0.888270 0.877661 -0.350176
v 0.888270 0.877661 -0.350176
v 0.876110 0.811205 -0.292317
v 0.876110 0.811205 -0.292317
v 0.876110 0.811205 -0.292317
v 0.876110 0.811205 -0.292317
v 0.876110 0.811205 -0.292317
v 0.876110 0.811205 -0.292317
v 0.849008 0.838869 -0.292317
v 0.849008 0.838869 -0.292317
v 0.849008 0.838869 -0.292317
v 0.849008 0.838869 -0.292317
v 0.849008 0.838869 -0.292317
v 0.834059 0.938671 -0.384023
v 0.834059 0.938671 -0.384023
v 0.834059 0.938671 -0.384023
v 0.834059 0.938671 -0.384023
v 0.864423 0.911400 -0.384023
v 0.864423 0.911400 -0.384023
v 0.864423 0.911400 -0.384023
v 0.864423 0.911400 -0.384023
v 0.864423 0.911400 -0.384023
v 0.864423 0.911400 -0.384023
v 0.858999 0.905682 -0.350176
v 0.858999 0.905682 -0.350176
v 0.858999 0.905682 -0.350176
v 0.858999 0.905682 -0.350176
v 0.858999 0.905682 -0.350176
v 0.828825 0.932781 -0.350176
v 0.828825 0.932781 -0.350176
v 0.828825 0.932781 -0.350176
v 0.828825 0.932781 -0.350176
v 0.821031 0.865650 -0.292317
v 0.821031 0.865650 -0.292317
v 0.821031 0.865650 -0.292317
v 0.821031 0.865650 -0.292317
v 0.821031 0.865650 -0.292317
v 0.792191 0.891554 -0.292317
v 0.792191 0.891554 -0.292317
v 0.792191 0.891554 -0.292317
v 0.792191 0.891554 -0.292317
v 0.792191 0.891554 -0.292317
v 0.792191 0.891554 -0.292317
v 0.770762 0.990351 -0.384023
v 0.770762 0.990351 -0.384023
v 0.770762 0.990351 -0.384023
v 0.770762 0.990351 -0.384023
v 0.770762 0.990351 -0.384023
v 0.802826 0.964996 -0.384023
v 0.802826 0.964996 -0.384023
v 0.802826 0.964996 -0.384023
v 0.802826 0.964996 -0.384023
v 0.797788 0.958941 -0.350176
v 0.797788 0.958941 -0.350176
v 0.797788 0.958941 -0.350176
v 0.797788 0.958941 -0.350176
v 0.797788 0.958941 -0.350176
v 0.765926 0.984137 -0.350176
v 0.765926 0.984137 -0.350176
v 0.765926 0.984137 -0.350176
v 0.765926 0.984137 -0.350176
v 0.765926 0.984137 -0.350176
v 0.762526 0.916555 -0.292317
v 0.762526 0.916555 -0.292317
v 0.762526 0.916555 -0.292317
v 0.762526 0.916555 -0.292317
v 0.762526 0.916555 -0.292317
v 0.732072 0.940638 -0.292317
v 0.732072 0.940638 -0.292317
v 0.732072 0.940638 -0.292317
v 0.732072 0.940638 -0.292317
v 0.732072 0.940638 -0.292317
v 0.704299 1.038063 -0.384023
v 0.704299 1.038063 -0.384023
v 0.704299 1.038063 -0.384023
v 0.704299 1.038063 -0.384023
v 0.704299 1.038063 -0.384023
v 0.704299 1.038063 -0.384023
v 0.704299 1.038063 -0.384023
v 0.737907 1.014715 -0.384023
v 0.737907 1.014715 -0.384023
v 0.737907 1.014715 -0.384023
v 0.737907 1.014715 -0.384023
v 0.737907 1.014715 -0.384023
v 0.733276 1.008347 -0.350176
v 0.733276 1.008347 -0.350176
v 0.733276 1.008347 -0.350176
v 0.733276 1.008347 -0.350176
v 0.733276 1.008347 -0.350176
v 0.733276 1.008347 -0.350176
v 0.699879 1.031549 -0.350176
v 0.699879 1.031549 -0.350176
v 0.699879 1.031549 -0.350176
v 0.699879 1.031549 -0.350176
v 0.699879 1.031549 -0.350176
v 0.699879 1.031549 -0.350176
v 0.700866 0.963778 -0.292317
v 0.700866 0.963778 -0.292317
v 0.700866 0.963778 -0.292317
v 0.700866 0.963778 -0.292317
v 0.700866 0.963778 -0.292317
v 0.700866 0.963778 -0.292317
v 0.668945 0.985954 -0.292317
v 0.668945 0.985954 -0.292317
v 0.668945 0.985954 -0.292317
v 0.668945 0.985954 -0.292317
v 0.668945 0.985954 -0.292317
v 0.668945 0.985954 -0.292317
v 0.669977 1.060373 -0.384023
v 0.669977 1.060373 -0.384023
v 0.669977 1.060373 -0.384023
v 0.669977 1.060373 -0.384023
v 0.669977 1.060373 -0.384023
v 0.669977 1.060373 -0.384023
v 0.665773 1.053720 -0.350176
v 0.665773 1.053720 -0.350176
v 0.665773 1.053720 -0.350176
v 0.665773 1.053720 -0.350176
v 0.665773 1.053720 -0.350176
v 1.002165 0.761202 -0.515286
v 1.002165 0.761202 -0.515286
v 1.002165 0.761202 -0.515286
v 1.002165 0.761202 -0.515286
v 1.026631 0.728500 -0.515286
v 1.026631 0.728500 -0.515286
v 1.026631 0.728500 -0.515286
v 1.026631 0.728500 -0.515286
v 1.026631 0.728500 -0.515286
v 1.026631 0.728500 -0.515286
v 1.026631 0.728500 -0.446223
v 1.026631 0.728500 -0.446223
v 1.026631 0.728500 -0.446223
v 1.026631 0.728500 -0.446223
v 1.026631 0.728500 -0.446223
v 1.002165 0.761202 -0.446223
v 1.002165 0.761202 -0.446223
v 1.002165 0.761202 -0.446223
v 0.976600 0.793058 -0.515286
v 0.976600 0.793058 -0.515286
v 0.976600 0.793058 -0.515286
v 0.976600 0.793058 -0.515286
v 0.976600 0.793058 -0.515286
v 0.976600 0.793058 -0.515286
v 0.949959 0.824070 -0.515286
v 0.949959 0.824070 -0.515286
v 0.949959 0.824070 -0.515286
v 0.949959 0.824070 -0.515286
v 0.922413 0.854076 -0.515286
v 0.922413 0.854076 -0.515286
v 0.922413 0.854076 -0.515286
v 0.922413 0.854076 -0.515286
v 0.922413 0.854076 -0.515286
v 0.893879 0.883204 -0.515286
v 0.893879 0.883204 -0.515286
v 0.893879 0.883204 -0.515286
v 0.893879 0.883204 -0.515286
v 0.893879 0.883204 -0.515286
v 0.864423 0.911400 -0.515286
v 0.864423 0.911400 -0.515286
v 0.864423 0.911400 -0.515286
v 0.864423 0.911400 -0.515286
v 0.864423 0.911400 -0.515286
v 0.834059 0.938671 -0.515286
v 0.834059 0.938671 -0.515286
v 0.834059 0.938671 -0.515286
v 0.834059 0.938671 -0.515286
v 0.834059 0.938671 -0.515286
v 0.802826 0.964996 -0.515286
v 0.802826 0.964996 -0.515286
v 0.802826 0.964996 -0.515286
v 0.802826 0.964996 -0.515286
v 0.802826 0.964996 -0.515286
v 0.770762 0.990351 -0.515286
v 0.770762 0.990351 -0.515286
v 0.770762 0.990351 -0.515286
v 0.770762 0.990351 -0.515286
v 0.770762 0.990351 -0.515286
v 0.737907 1.014715 -0.515286
v 0.737907 1.014715 -0.515286
v 0.737907 1.014715 -0.515286
v 0.737907 1.014715 -0.515286
v 0.737907 1.014715 -0.515286
v 0.737907 1.014715 -0.515286
v 0.704299 1.038063 -0.515286
v 0.704299 1.038063 -0.515286
v 0.704299 1.038063 -0.515286
v 0.704299 1.038063 -0.515286
v 0.704299 1.038063 -0.515286
v 0.704299 1.038063 -0.515286
v 0.983761 0.747223 -0.626947
v 0.983761 0.747223 -0.626947
v 0.983761 0.747223 -0.626947
v 0.983761 0.747223 -0.626947
v 0.983761 0.747223 -0.626947
v 0.983761 0.747223 -0.626947
v 0.983761 0.747223 -0.626947
v 1.007778 0.715122 -0.626947
v 1.007778 0.715122 -0.626947
v 1.007778 0.715122 -0.626947
v 1.007778 0.715122 -0.626947
v 1.025253 0.727522 -0.574055
v 1.025253 0.727522 -0.574055
v 1.025253 0.727522 -0.574055
v 1.025253 0.727522 -0.574055
v 1.025253 0.727522 -0.574055
v 1.025253 0.727522 -0.574055
v 1.000819 0.760180 -0.574055
v 1.000819 0.760180 -0.574055
v 1.000819 0.760180 -0.574055
v 1.000819 0.760180 -0.574055
v 1.000819 0.760180 -0.574055
v 0.932514 0.808937 -0.626947
v 0.932514 0.808937 -0.626947
v 0.932514 0.808937 -0.626947
v 0.932514 0.808937 -0.626947
v 0.958666 0.778494 -0.626947
v 0.958666 0.778494 -0.626947
v 0.958666 0.778494 -0.626947
v 0.958666 0.778494 -0.626947
v 0.975288 0.791992 -0.574055
v 0.975288 0.791992 -0.574055
v 0.975288 0.791992 -0.574055
v 0.975288 0.791992 -0.574055
v 0.948683 0.822964 -0.574055
v 0.948683 0.822964 -0.574055
v 0.948683 0.822964 -0.574055
v 0.948683 0.822964 -0.574055
v 0.948683 0.822964 -0.574055
v 0.877464 0.866983 -0.626947
v 0.877464 0.866983 -0.626947
v 0.877464 0.866983 -0.626947
v 0.877464 0.866983 -0.626947
v 0.905474 0.838392 -0.626947
v 0.905474 0.838392 -0.626947
v 0.905474 0.838392 -0.626947
v 0.905474 0.838392 -0.626947
v 0.905474 0.838392 -0.626947
v 0.921174 0.852930 -0.574055
v 0.921174 0.852930 -0.574055
v 0.921174 0.852930 -0.574055
v 0.921174 0.852930 -0.574055
v 0.892678 0.882017 -0.574055
v 0.892678 0.882017 -0.574055
v 0.892678 0.882017 -0.574055
v 0.892678 0.882017 -0.574055
v 0.892678 0.882017 -0.574055
v 0.892678 0.882017 -0.574055
v 0.818742 0.921434 -0.626947
v 0.818742 0.921434 -0.626947
v 0.818742 0.921434 -0.626947
v 0.818742 0.921434 -0.626947
v 0.818742 0.921434 -0.626947
v 0.848549 0.894663 -0.626947
v 0.848549 0.894663 -0.626947
v 0.848549 0.894663 -0.626947
v 0.848549 0.894663 -0.626947
v 0.848549 0.894663 -0.626947
v 0.848549 0.894663 -0.626947
v 0.863262 0.910175 -0.574055
v 0.863262 0.910175 -0.574055
v 0.863262 0.910175 -0.574055
v 0.863262 0.910175 -0.574055
v 0.863262 0.910175 -0.574055
v 0.832939 0.937410 -0.574055
v 0.832939 0.937410 -0.574055
v 0.832939 0.937410 -0.574055
v 0.832939 0.937410 -0.574055
v 0.832939 0.937410 -0.574055
v 0.832939 0.937410 -0.574055
v 0.756608 0.972164 -0.626947
v 0.756608 0.972164 -0.626947
v 0.756608 0.972164 -0.626947
v 0.756608 0.972164 -0.626947
v 0.788083 0.947275 -0.626947
v 0.788083 0.947275 -0.626947
v 0.788083 0.947275 -0.626947
v 0.788083 0.947275 -0.626947
v 0.788083 0.947275 -0.626947
v 0.788083 0.947275 -0.626947
v 0.801748 0.963701 -0.574055
v 0.801748 0.963701 -0.574055
v 0.801748 0.963701 -0.574055
v 0.801748 0.963701 -0.574055
v 0.801748 0.963701 -0.574055
v 0.769727 0.989021 -0.574055
v 0.769727 0.989021 -0.574055
v 0.769727 0.989021 -0.574055
v 0.769727 0.989021 -0.574055
v 0.769727 0.989021 -0.574055
v 0.691365 1.018999 -0.626947
v 0.691365 1.018999 -0.626947
v 0.691365 1.018999 -0.626947
v 0.691365 1.018999 -0.626947
v 0.691365 1.018999 -0.626947
v 0.691365 1.018999 -0.626947
v 0.724356 0.996080 -0.626947
v 0.724356 0.996080 -0.626947
v 0.724356 0.996080 -0.626947
v 0.724356 0.996080 -0.626947
v 0.724356 0.996080 -0.626947
v 0.724356 0.996080 -0.626947
v 0.736916 1.013351 -0.574055
v 0.736916 1.013351 -0.574055
v 0.736916 1.013351 -0.574055
v 0.736916 1.013351 -0.574055
v 0.736916 1.013351 -0.574055
v 0.736916 1.013351 -0.574055
v 0.703353 1.036669 -0.574055
v 0.703353 1.036669 -0.574055
v 0.703353 1.036669 -0.574055
v 0.703353 1.036669 -0.574055
v 0.703353 1.036669 -0.574055
v 0.703353 1.036669 -0.574055
v 0.669077 1.058950 -0.574055
v 0.669077 1.058950 -0.574055
v 0.669077 1.058950 -0.574055
v 0.669077 1.058950 -0.574055
v 0.669077 1.058950 -0.574055
v 0.669077 1.058950 -0.574055
v 0.669977 1.060373 -0.515286
v 0.669977 1.060373 -0.515286
v 0.669977 1.060373 -0.515286
v 0.669977 1.060373 -0.515286
v 0.657673 1.040901 -0.626947
v 0.657673 1.040901 -0.626947
v 0.657673 1.040901 -0.626947
v 0.657673 1.040901 -0.626947
v 0.657673 1.040901 -0.626947
v 0.889780 0.771866 -0.735933
v 0.889780 0.771866 -0.735933
v 0.889780 0.771866 -0.735933
v 0.889780 0.771866 -0.735933
v 0.889780 0.771866 -0.735933
v 0.889780 0.771866 -0.735933
v 0.889780 0.771866 -0.735933
v 0.889780 0.771866 -0.735933
v 0.837252 0.827253 -0.735933
v 0.837252 0.827253 -0.735933
v 0.837252 0.827253 -0.735933
v 0.837252 0.827253 -0.735933
v 0.837252 0.827253 -0.735933
v 0.837252 0.827253 -0.735933
v 0.781222 0.879208 -0.735933
v 0.781222 0.879208 -0.735933
v 0.781222 0.879208 -0.735933
v 0.781222 0.879208 -0.735933
v 0.781222 0.879208 -0.735933
v 0.781222 0.879208 -0.735933
v 0.721935 0.927614 -0.735933
v 0.721935 0.927614 -0.735933
v 0.721935 0.927614 -0.735933
v 0.721935 0.927614 -0.735933
v 0.721935 0.927614 -0.735933
v 0.721935 0.927614 -0.735933
v 0.721935 0.927614 -0.735933
v 0.721935 0.927614 -0.735933
v 0.659682 0.972301 -0.735933
v 0.659682 0.972301 -0.735933
v 0.659682 0.972301 -0.735933
v 0.659682 0.972301 -0.735933
v 0.659682 0.972301 -0.735933
v 0.659682 0.972301 -0.735933
v 0.791996 0.782538 -0.837836
v 0.791996 0.782538 -0.837836
v 0.791996 0.782538 -0.837836
v 0.791996 0.782538 -0.837836
v 0.791996 0.782538 -0.837836
v 0.791996 0.782538 -0.837836
v 0.791996 0.782538 -0.837836
v 0.791996 0.782538 -0.837836
v 0.841684 0.730145 -0.837836
v 0.841684 0.730145 -0.837836
v 0.841684 0.730145 -0.837836
v 0.841684 0.730145 -0.837836
v 0.841684 0.730145 -0.837836
v 0.738995 0.831684 -0.837836
v 0.738995 0.831684 -0.837836
v 0.738995 0.831684 -0.837836
v 0.738995 0.831684 -0.837836
v 0.738995 0.831684 -0.837836
v 0.738995 0.831684 -0.837836
v 0.682912 0.877474 -0.837836
v 0.682912 0.877474 -0.837836
v 0.682912 0.877474 -0.837836
v 0.682912 0.877474 -0.837836
v 0.682912 0.877474 -0.837836
v 0.682912 0.877474 -0.837836
v 0.714425 0.753250 -0.943493
v 0.714425 0.753250 -0.943493
v 0.714425 0.753250 -0.943493
v 0.714425 0.753250 -0.943493
v 0.714425 0.753250 -0.943493
v 0.714425 0.753250 -0.943493
v 0.689330 0.775789 -0.943493
v 0.689330 0.775789 -0.943493
v 0.689330 0.775789 -0.943493
v 0.689330 0.775789 -0.943493
v 0.689330 0.775789 -0.943493
v 0.689330 0.775789 -0.943493
v 0.738769 0.729946 -0.943493
v 0.738769 0.729946 -0.943493
v 0.738769 0.729946 -0.943493
v 0.738769 0.729946 -0.943493
v 0.652256 0.734066 -1.017538
v 0.652256 0.734066 -1.017538
v 0.652256 0.734066 -1.017538
v 0.652256 0.734066 -1.017538
v 0.664216 0.723494 -1.017538
v 0.664216 0.723494 -1.017538
v 0.664216 0.723494 -1.017538
v 0.664216 0.723494 -1.017538
v 0.664216 0.723494 -1.017538
v 0.664216 0.723494 -1.017538
v 0.664216 0.723494 -1.017538
v 0.677062 0.737488 -0.992635
v 0.677062 0.737488 -0.992635
v 0.677062 0.737488 -0.992635
v 0.677062 0.737488 -0.992635
v 0.677062 0.737488 -0.992635
v 0.664871 0.748264 -0.992635
v 0.664871 0.748264 -0.992635
v 0.664871 0.748264 -0.992635
v 0.664871 0.748264 -0.992635
v 0.664871 0.748264 -0.992635
v 0.664871 0.748264 -0.992635
v 0.676002 0.712740 -1.017538
v 0.676002 0.712740 -1.017538
v 0.676002 0.712740 -1.017538
v 0.676002 0.712740 -1.017538
v 0.689076 0.726524 -0.992635
v 0.689076 0.726524 -0.992635
v 0.689076 0.726524 -0.992635
v 0.689076 0.726524 -0.992635
v 0.689076 0.726524 -0.992635
v 0.689076 0.726524 -0.992635
v 0.712557 0.704046 -0.992635
v 0.712557 0.704046 -0.992635
v 0.712557 0.704046 -0.992635
v 0.712557 0.704046 -0.992635
v 0.639974 0.769249 -0.992635
v 0.639974 0.769249 -0.992635
v 0.639974 0.769249 -0.992635
v 0.639974 0.769249 -0.992635
v 0.639974 0.769249 -0.992635
v 0.663516 0.797546 -0.943493
v 0.663516 0.797546 -0.943493
v 0.663516 0.797546 -0.943493
v 0.663516 0.797546 -0.943493
v 0.663516 0.797546 -0.943493
v 0.815195 0.736992 -0.208483
v 0.815195 0.736992 -0.208483
v 0.815195 0.736992 -0.208483
v 0.815195 0.736992 -0.208483
v 0.815195 0.736992 -0.208483
v 0.815195 0.736992 -0.208483
v 0.777097 0.777098 -0.209079
v 0.777097 0.777098 -0.209079
v 0.777097 0.777098 -0.209079
v 0.777097 0.777098 -0.209079
v 0.777097 0.777098 -0.209079
v 0.777097 0.777098 -0.209079
v 0.743525 0.809252 -0.209516
v 0.743525 0.809252 -0.209516
v 0.743525 0.809252 -0.209516
v 0.743525 0.809252 -0.209516
v 0.743525 0.809252 -0.209516
v 0.708603 0.839939 -0.209876
v 0.708603 0.839939 -0.209876
v 0.708603 0.839939 -0.209876
v 0.708603 0.839939 -0.209876
v 0.708603 0.839939 -0.209876
v 0.708603 0.839939 -0.209876
v 0.672403 0.869118 -0.210160
v 0.672403 0.869118 -0.210160
v 0.672403 0.869118 -0.210160
v 0.672403 0.869118 -0.210160
v 0.672403 0.869118 -0.210160
v 0.672403 0.869118 -0.210160
v 0.672403 0.869118 -0.210160
v 0.923975 0.731545 -0.735933
v 0.923975 0.731545 -0.735933
v 0.923975 0.731545 -0.735933
v 0.923975 0.731545 -0.735933
v 0.923975 0.731545 -0.735933
v 0.923975 0.731545 -0.735933
v 0.923975 0.731545 -0.735933
v 0.777097 0.777098 -0.151963
v 0.777097 0.777098 -0.151963
v 0.777097 0.777098 -0.151963
v 0.777097 0.777098 -0.151963
v 0.777097 0.777098 -0.151963
v 1.250611 -1.320000 -1.298598
v 1.250611 -1.320000 -1.499223
v 1.295435 -1.320000 -1.499223
v 1.295435 -1.320000 -1.298598
v 1.335000 -1.320000 -1.499223
v 1.335000 -1.320000 -1.499223
v 1.335000 -1.320000 -1.298598
v 1.335000 -1.320000 -1.298598
v 1.068727 -1.320000 -1.298598
v 1.068727 -1.320000 -1.499223
v 1.113371 -1.320000 -1.499223
v 1.113371 -1.320000 -1.298598
v 1.157223 -1.320000 -1.499223
v 1.157223 -1.320000 -1.298598
v 0.980075 -1.320000 -1.298598
v 0.980075 -1.320000 -1.499223
v 1.024195 -1.320000 -1.499223
v 1.024195 -1.320000 -1.298598
v 0.891243 -1.320000 -1.298598
v 0.891243 -1.320000 -1.499223
v 0.934756 -1.320000 -1.499223
v 0.934756 -1.320000 -1.298598
v 0.714796 -1.319479 -1.298598
v 0.714796 -1.319479 -1.298598
v 0.714796 -1.319479 -1.298598
v 0.714796 -1.319479 -1.499223
v 0.714796 -1.319479 -1.499223
v 0.752376 -1.319981 -1.499223
v 0.752376 -1.319981 -1.499223
v 0.752376 -1.319981 -1.499223
v 0.752376 -1.319981 -1.499223
v 0.752376 -1.319981 -1.298598
v 0.752376 -1.319981 -1.298598
v 0.752376 -1.319981 -1.298598
v 0.752376 -1.319981 -1.298598
v 0.800139 -1.320000 -1.499223
v 0.800139 -1.320000 -1.499223
v 0.800139 -1.320000 -1.298598
v 0.800139 -1.320000 -1.298598
v 0.649161 -1.304131 -1.499223
v 0.649161 -1.304131 -1.499223
v 0.649161 -1.304131 -1.499223
v 0.649161 -1.304131 -1.499223
v 0.663315 -1.312662 -1.499223
v 0.663315 -1.312662 -1.499223
v 0.663315 -1.312662 -1.298598
v 0.663315 -1.312662 -1.298598
v 0.663315 -1.312662 -1.298598
v 0.663315 -1.312662 -1.298598
v 0.663315 -1.312662 -1.298598
v 0.640742 -1.290709 -1.298598
v 0.640742 -1.290709 -1.298598
v 0.640742 -1.290709 -1.298598
v 0.640742 -1.290709 -1.298598
v 0.640742 -1.290709 -1.499223
v 0.640742 -1.290709 -1.499223
v 0.640742 -1.290709 -1.499223
v 0.640742 -1.290709 -1.599535
v 0.640742 -1.290709 -1.599535
v 0.649161 -1.304131 -1.599535
v 0.649161 -1.304131 -1.599535
v 0.649161 -1.304131 -1.599535
v 0.649161 -1.304131 -1.599535
v 0.649161 -1.304131 -1.599535
v 0.663315 -1.312662 -1.599535
v 0.663315 -1.312662 -1.599535
v 0.663315 -1.312662 -1.599535
v 0.635000 -1.196003 -1.298598
v 0.635000 -1.196003 -1.298598
v 0.635000 -1.196003 -1.499223
v 0.635000 -1.196003 -1.499223
v 0.635405 -1.254305 -1.499223
v 0.635405 -1.254305 -1.499223
v 0.635405 -1.254305 -1.499223
v 0.635405 -1.254305 -1.298598
v 0.635405 -1.254305 -1.298598
v 0.635405 -1.254305 -1.298598
v 0.635000 -1.111702 -1.298598
v 0.635000 -1.111702 -1.499223
v 0.635000 -1.156206 -1.499223
v 0.635000 -1.156206 -1.298598
v 0.635000 -0.933050 -1.298598
v 0.635000 -0.933050 -1.499223
v 0.635000 -0.977047 -1.499223
v 0.635000 -0.977047 -1.298598
v 0.635000 -1.021786 -1.499223
v 0.635000 -1.021786 -1.298598
v 0.635000 -0.844118 -1.298598
v 0.635000 -0.844118 -1.499223
v 0.635000 -0.886742 -1.499223
v 0.635000 -0.886742 -1.298598
v 0.635827 -0.752279 -1.298598
v 0.635827 -0.752279 -1.298598
v 0.635827 -0.752279 -1.499223
v 0.635827 -0.752279 -1.499223
v 0.635002 -0.791246 -1.499223
v 0.635002 -0.791246 -1.499223
v 0.635002 -0.791246 -1.499223
v 0.635002 -0.791246 -1.298598
v 0.635002 -0.791246 -1.298598
v 0.635002 -0.791246 -1.298598
v 0.635002 -0.791246 -1.298598
v 0.660917 -0.703285 -1.298598
v 0.660917 -0.703285 -1.298598
v 0.682949 -0.697823 -1.298598
v 0.682949 -0.697823 -1.298598
v 0.682949 -0.697823 -1.499223
v 0.682949 -0.697823 -1.499223
v 0.682949 -0.697823 -1.499223
v 0.682949 -0.697823 -1.499223
v 0.660917 -0.703285 -1.499223
v 0.660917 -0.703285 -1.499223
v 0.660917 -0.703285 -1.499223
v 0.660917 -0.703285 -1.499223
v 0.646942 -0.713274 -1.499223
v 0.646942 -0.713274 -1.499223
v 0.646942 -0.713274 -1.298598
v 0.646942 -0.713274 -1.298598
v 0.646942 -0.713274 -1.298598
v 0.682949 -0.697823 -1.599535
v 0.682949 -0.697823 -1.599535
v 0.682949 -0.697823 -1.599535
v 0.682949 -0.697823 -1.599535
v 0.660917 -0.703285 -1.599535
v 0.660917 -0.703285 -1.599535
v 0.660917 -0.703285 -1.599535
v 0.660917 -0.703285 -1.599535
v 0.660917 -0.703285 -1.599535
v 0.660917 -0.703285 -1.599535
v 0.646942 -0.713274 -1.599535
v 0.646942 -0.713274 -1.599535
v 0.646942 -0.713274 -1.599535
v 0.646942 -0.713274 -1.599535
v 0.639190 -0.729151 -1.599535
v 0.639190 -0.729151 -1.599535
v 0.639190 -0.729151 -1.599535
v 0.639190 -0.729151 -1.499223
v 0.639190 -0.729151 -1.499223
v 0.635827 -0.752279 -1.599535
v 0.635827 -0.752279 -1.599535
v 0.639190 -0.729151 -1.298598
v 0.639190 -0.729151 -1.298598
v 0.639190 -0.729151 -1.298598
v 0.775000 -0.695000 -1.298598
v 0.775000 -0.695000 -1.298598
v 0.775000 -0.695000 -1.298598
v 0.775000 -0.695000 -1.499223
v 0.775000 -0.695000 -1.499223
v 0.720925 -0.695352 -1.499223
v 0.720925 -0.695352 -1.499223
v 0.720925 -0.695352 -1.499223
v 0.720925 -0.695352 -1.499223
v 0.720925 -0.695352 -1.499223
v 0.720925 -0.695352 -1.298598
v 0.720925 -0.695352 -1.298598
v 0.720925 -0.695352 -1.298598
v 0.720925 -0.695352 -1.298598
v 0.720925 -0.695352 -1.298598
v 0.720925 -0.695352 -1.298598
v 0.859389 -0.695000 -1.298598
v 0.859389 -0.695000 -1.499223
v 0.814565 -0.695000 -1.499223
v 0.814565 -0.695000 -1.298598
v 1.041273 -0.695000 -1.298598
v 1.041273 -0.695000 -1.499223
v 0.996629 -0.695000 -1.499223
v 0.996629 -0.695000 -1.298598
v 0.952778 -0.695000 -1.499223
v 0.952778 -0.695000 -1.298598
v 1.129925 -0.695000 -1.298598
v 1.129925 -0.695000 -1.499223
v 1.085805 -0.695000 -1.499223
v 1.085805 -0.695000 -1.298598
v 1.218757 -0.695000 -1.298598
v 1.218757 -0.695000 -1.499223
v 1.175244 -0.695000 -1.499223
v 1.175244 -0.695000 -1.298598
v 1.395204 -0.695520 -1.298598
v 1.395204 -0.695520 -1.298598
v 1.395204 -0.695520 -1.298598
v 1.395204 -0.695520 -1.499223
v 1.395204 -0.695520 -1.499223
v 1.357624 -0.695019 -1.499223
v 1.357624 -0.695019 -1.499223
v 1.357624 -0.695019 -1.499223
v 1.357624 -0.695019 -1.499223
v 1.357624 -0.695019 -1.298598
v 1.357624 -0.695019 -1.298598
v 1.357624 -0.695019 -1.298598
v 1.357624 -0.695019 -1.298598
v 1.309860 -0.695000 -1.499223
v 1.309860 -0.695000 -1.499223
v 1.309860 -0.695000 -1.298598
v 1.309860 -0.695000 -1.298598
v 1.460839 -0.710869 -1.499223
v 1.460839 -0.710869 -1.499223
v 1.460839 -0.710869 -1.499223
v 1.460839 -0.710869 -1.499223
v 1.460839 -0.710869 -1.499223
v 1.446684 -0.702337 -1.499223
v 1.446684 -0.702337 -1.499223
v 1.446684 -0.702337 -1.499223
v 1.446684 -0.702337 -1.298598
v 1.446684 -0.702337 -1.298598
v 1.446684 -0.702337 -1.298598
v 1.446684 -0.702337 -1.298598
v 1.446684 -0.702337 -1.298598
v 1.469258 -0.724291 -1.298598
v 1.469258 -0.724291 -1.298598
v 1.469258 -0.724291 -1.298598
v 1.469258 -0.724291 -1.298598
v 1.469258 -0.724291 -1.499223
v 1.469258 -0.724291 -1.499223
v 1.469258 -0.724291 -1.499223
v 1.469258 -0.724291 -1.599535
v 1.469258 -0.724291 -1.599535
v 1.469258 -0.724291 -1.599535
v 1.460839 -0.710869 -1.599535
v 1.460839 -0.710869 -1.599535
v 1.460839 -0.710869 -1.599535
v 1.460839 -0.710869 -1.599535
v 1.460839 -0.710869 -1.599535
v 1.460839 -0.710869 -1.599535
v 1.446684 -0.702337 -1.599535
v 1.446684 -0.702337 -1.599535
v 1.446684 -0.702337 -1.599535
v 1.475000 -0.818996 -1.298598
v 1.475000 -0.818996 -1.298598
v 1.475000 -0.818996 -1.499223
v 1.475000 -0.818996 -1.499223
v 1.474596 -0.760694 -1.499223
v 1.474596 -0.760694 -1.499223
v 1.474596 -0.760694 -1.499223
v 1.474596 -0.760694 -1.298598
v 1.474596 -0.760694 -1.298598
v 1.474596 -0.760694 -1.298598
v 1.475000 -0.903297 -1.298598
v 1.475000 -0.903297 -1.499223
v 1.475000 -0.858793 -1.499223
v 1.475000 -0.858793 -1.298598
v 1.475000 -1.081949 -1.298598
v 1.475000 -1.081949 -1.499223
v 1.475000 -1.037952 -1.499223
v 1.475000 -1.037952 -1.298598
v 1.475000 -0.993214 -1.499223
v 1.475000 -0.993214 -1.298598
v 1.475000 -1.170881 -1.298598
v 1.475000 -1.170881 -1.499223
v 1.475000 -1.128258 -1.499223
v 1.475000 -1.128258 -1.298598
v 1.474174 -1.262720 -1.298598
v 1.474174 -1.262720 -1.298598
v 1.474174 -1.262720 -1.298598
v 1.474174 -1.262720 -1.298598
v 1.474174 -1.262720 -1.499223
v 1.474174 -1.262720 -1.499223
v 1.474998 -1.223753 -1.499223
v 1.474998 -1.223753 -1.499223
v 1.474998 -1.223753 -1.499223
v 1.474998 -1.223753 -1.298598
v 1.474998 -1.223753 -1.298598
v 1.474998 -1.223753 -1.298598
v 1.449083 -1.311714 -1.499223
v 1.449083 -1.311714 -1.499223
v 1.449083 -1.311714 -1.499223
v 1.449083 -1.311714 -1.499223
v 1.449083 -1.311714 -1.499223
v 1.463058 -1.301725 -1.499223
v 1.463058 -1.301725 -1.499223
v 1.463058 -1.301725 -1.499223
v 1.463058 -1.301725 -1.298598
v 1.463058 -1.301725 -1.298598
v 1.463058 -1.301725 -1.298598
v 1.463058 -1.301725 -1.298598
v 1.463058 -1.301725 -1.298598
v 1.463058 -1.301725 -1.298598
v 1.463058 -1.301725 -1.298598
v 1.427051 -1.317177 -1.298598
v 1.427051 -1.317177 -1.298598
v 1.427051 -1.317177 -1.298598
v 1.427051 -1.317177 -1.298598
v 1.427051 -1.317177 -1.499223
v 1.427051 -1.317177 -1.499223
v 1.427051 -1.317177 -1.499223
v 1.427051 -1.317177 -1.499223
v 1.427051 -1.317177 -1.599535
v 1.427051 -1.317177 -1.599535
v 1.449083 -1.311714 -1.599535
v 1.449083 -1.311714 -1.599535
v 1.449083 -1.311714 -1.599535
v 1.463058 -1.301725 -1.599535
v 1.463058 -1.301725 -1.599535
v 1.463058 -1.301725 -1.599535
v 1.463058 -1.301725 -1.599535
v 1.470811 -1.285848 -1.599535
v 1.470811 -1.285848 -1.599535
v 1.470811 -1.285848 -1.599535
v 1.470811 -1.285848 -1.599535
v 1.470811 -1.285848 -1.599535
v 1.470811 -1.285848 -1.499223
v 1.470811 -1.285848 -1.499223
v 1.470811 -1.285848 -1.499223
v 1.474174 -1.262720 -1.599535
v 1.474174 -1.262720 -1.599535
v 1.474174 -1.262720 -1.599535
v 1.474174 -1.262720 -1.599535
v 1.389075 -1.319647 -1.499223
v 1.389075 -1.319647 -1.499223
v 1.389075 -1.319647 -1.499223
v 1.389075 -1.319647 -1.298598
v 1.389075 -1.319647 -1.298598
v 1.389075 -1.319647 -1.298598
v 1.389075 -1.319647 -1.298598
v 1.335000 -1.320000 -0.897348
v 1.335000 -1.320000 -0.897348
v 1.335000 -1.320000 -0.897348
v 1.335000 -1.320000 -0.897348
v 1.335000 -1.320000 -0.897348
v 1.250611 -1.320000 -0.897348
v 1.157223 -1.320000 -0.897348
v 1.068727 -1.320000 -0.897348
v 0.980075 -1.320000 -0.897348
v 0.891243 -1.320000 -0.897348
v 0.800139 -1.320000 -0.897348
v 0.800139 -1.320000 -0.897348
v 0.800139 -1.320000 -0.897348
v 0.800139 -1.320000 -0.897348
v 0.800139 -1.320000 -0.897348
v 0.714796 -1.319479 -1.097973
v 0.714796 -1.319479 -1.097973
v 0.714796 -1.319479 -1.097973
v 0.714796 -1.319479 -1.097973
v 0.714796 -1.319479 -0.897348
v 0.714796 -1.319479 -0.897348
v 0.640742 -1.290709 -0.897348
v 0.640742 -1.290709 -0.897348
v 0.640742 -1.290709 -0.897348
v 0.640742 -1.290709 -1.097973
v 0.640742 -1.290709 -1.097973
v 0.640742 -1.290709 -1.097973
v 0.640742 -1.290709 -1.097973
v 0.640742 -1.290709 -1.097973
v 0.663315 -1.312662 -1.097973
v 0.663315 -1.312662 -1.097973
v 0.663315 -1.312662 -1.097973
v 0.663315 -1.312662 -0.897348
v 0.663315 -1.312662 -0.897348
v 0.663315 -1.312662 -0.897348
v 0.635000 -1.196003 -0.897348
v 0.635000 -1.196003 -0.897348
v 0.635000 -1.196003 -0.897348
v 0.635000 -1.196003 -0.897348
v 0.635000 -1.196003 -0.897348
v 0.635000 -1.111702 -0.897348
v 0.635000 -1.067526 -0.897348
v 0.635000 -1.021786 -0.897348
v 0.635000 -0.977047 -0.897348
v 0.635000 -0.933050 -0.897348
v 0.635155 -0.770086 -1.097973
v 0.635155 -0.770086 -1.097973
v 0.635155 -0.770086 -1.097973
v 0.635155 -0.770086 -1.097973
v 0.635155 -0.770086 -1.097973
v 0.635155 -0.770086 -1.097973
v 0.635827 -0.752279 -1.097973
v 0.635827 -0.752279 -1.097973
v 0.635827 -0.752279 -1.097973
v 0.635827 -0.752279 -1.198285
v 0.635827 -0.752279 -1.198285
v 0.635827 -0.752279 -1.198285
v 0.635827 -0.752279 -1.198285
v 0.635827 -0.752279 -1.198285
v 0.635827 -0.752279 -1.198285
v 0.635002 -0.791246 -1.097973
v 0.635002 -0.791246 -1.097973
v 0.635002 -0.791246 -1.097973
v 0.635000 -0.844118 -1.097973
v 0.682949 -0.697823 -1.047817
v 0.682949 -0.697823 -1.047817
v 0.682949 -0.697823 -1.047817
v 0.682949 -0.697823 -1.047817
v 0.682949 -0.697823 -1.097973
v 0.682949 -0.697823 -1.097973
v 0.670811 -0.700073 -1.097973
v 0.670811 -0.700073 -1.097973
v 0.670811 -0.700073 -1.097973
v 0.670811 -0.700073 -1.047817
v 0.670811 -0.700073 -1.047817
v 0.670811 -0.700073 -1.047817
v 0.670811 -0.700073 -1.047817
v 0.670811 -0.700073 -1.047817
v 0.670811 -0.700073 -1.047817
v 0.660917 -0.703285 -1.097973
v 0.660917 -0.703285 -1.097973
v 0.660917 -0.703285 -1.097973
v 0.660917 -0.703285 -1.097973
v 0.660917 -0.703285 -1.097973
v 0.660917 -0.703285 -1.047817
v 0.660917 -0.703285 -1.047817
v 0.660917 -0.703285 -1.047817
v 0.682949 -0.697823 -1.198285
v 0.682949 -0.697823 -1.198285
v 0.682949 -0.697823 -1.198285
v 0.682949 -0.697823 -1.198285
v 0.682949 -0.697823 -1.198285
v 0.682949 -0.697823 -1.198285
v 0.660917 -0.703285 -1.198285
v 0.660917 -0.703285 -1.198285
v 0.660917 -0.703285 -1.198285
v 0.660917 -0.703285 -1.198285
v 0.660917 -0.703285 -1.198285
v 0.660917 -0.703285 -1.198285
v 0.660917 -0.703285 -1.198285
v 0.646942 -0.713274 -1.198285
v 0.646942 -0.713274 -1.198285
v 0.646942 -0.713274 -1.198285
v 0.646942 -0.713274 -1.198285
v 0.646942 -0.713274 -1.198285
v 0.646942 -0.713274 -1.198285
v 0.646942 -0.713274 -1.198285
v 0.653037 -0.707628 -1.097973
v 0.653037 -0.707628 -1.097973
v 0.653037 -0.707628 -1.097973
v 0.653037 -0.707628 -1.097973
v 0.653037 -0.707628 -1.097973
v 0.653037 -0.707628 -1.097973
v 0.646942 -0.713274 -1.097973
v 0.646942 -0.713274 -1.097973
v 0.646942 -0.713274 -1.097973
v 0.646942 -0.713274 -1.097973
v 0.646942 -0.713274 -1.097973
v 0.642402 -0.720390 -1.097973
v 0.642402 -0.720390 -1.097973
v 0.642402 -0.720390 -1.097973
v 0.642402 -0.720390 -1.097973
v 0.642402 -0.720390 -1.097973
v 0.642402 -0.720390 -1.097973
v 0.639190 -0.729151 -1.198285
v 0.639190 -0.729151 -1.198285
v 0.639190 -0.729151 -1.198285
v 0.639190 -0.729151 -1.198285
v 0.639190 -0.729151 -1.198285
v 0.639190 -0.729151 -1.198285
v 0.639190 -0.729151 -1.097973
v 0.639190 -0.729151 -1.097973
v 0.639190 -0.729151 -1.097973
v 0.637074 -0.739723 -1.097973
v 0.637074 -0.739723 -1.097973
v 0.637074 -0.739723 -1.097973
v 0.637074 -0.739723 -1.097973
v 0.637074 -0.739723 -1.097973
v 0.642402 -0.720390 -1.047817
v 0.642402 -0.720390 -1.047817
v 0.642402 -0.720390 -1.047817
v 0.642402 -0.720390 -1.047817
v 0.642402 -0.720390 -1.047817
v 0.639190 -0.729151 -1.047817
v 0.639190 -0.729151 -1.047817
v 0.639190 -0.729151 -1.047817
v 0.639190 -0.729151 -1.047817
v 0.639190 -0.729151 -1.047817
v 0.637074 -0.739723 -1.047817
v 0.637074 -0.739723 -1.047817
v 0.637074 -0.739723 -1.047817
v 0.637074 -0.739723 -1.047817
v 0.637074 -0.739723 -1.047817
v 0.635827 -0.752279 -1.047817
v 0.635827 -0.752279 -1.047817
v 0.635827 -0.752279 -1.047817
v 0.635827 -0.752279 -1.047817
v 0.775000 -0.695000 -1.097973
v 0.775000 -0.695000 -1.097973
v 0.775000 -0.695000 -1.097973
v 0.775000 -0.695000 -1.097973
v 0.775000 -0.695000 -1.097973
v 0.720925 -0.695352 -1.097973
v 0.720925 -0.695352 -1.097973
v 0.720925 -0.695352 -1.097973
v 0.720925 -0.695352 -1.097973
v 0.700103 -0.696190 -1.097973
v 0.700103 -0.696190 -1.097973
v 0.700103 -0.696190 -1.097973
v 0.700103 -0.696190 -1.097973
v 0.700103 -0.696190 -1.097973
v 0.700103 -0.696190 -1.097973
v 0.996629 -0.695000 -0.897348
v 1.041273 -0.695000 -0.897348
v 0.952778 -0.695000 -0.897348
v 1.085805 -0.695000 -0.897348
v 1.129925 -0.695000 -0.897348
v 1.218757 -0.695000 -0.897348
v 1.309860 -0.695000 -0.897348
v 1.309860 -0.695000 -0.897348
v 1.309860 -0.695000 -0.897348
v 1.309860 -0.695000 -0.897348
v 1.309860 -0.695000 -0.897348
v 1.395204 -0.695520 -1.097973
v 1.395204 -0.695520 -1.097973
v 1.395204 -0.695520 -1.097973
v 1.395204 -0.695520 -1.097973
v 1.395204 -0.695520 -0.897348
v 1.395204 -0.695520 -0.897348
v 1.469258 -0.724291 -0.897348
v 1.469258 -0.724291 -0.897348
v 1.469258 -0.724291 -0.897348
v 1.469258 -0.724291 -1.097973
v 1.469258 -0.724291 -1.097973
v 1.469258 -0.724291 -1.097973
v 1.469258 -0.724291 -1.097973
v 1.469258 -0.724291 -1.097973
v 1.446684 -0.702337 -1.097973
v 1.446684 -0.702337 -1.097973
v 1.446684 -0.702337 -1.097973
v 1.446684 -0.702337 -0.897348
v 1.446684 -0.702337 -0.897348
v 1.446684 -0.702337 -0.897348
v 1.475000 -0.818996 -0.897348
v 1.475000 -0.818996 -0.897348
v 1.475000 -0.818996 -0.897348
v 1.475000 -0.818996 -0.897348
v 1.475000 -0.818996 -0.897348
v 1.475000 -0.903297 -0.897348
v 1.475000 -0.993214 -0.897348
v 1.475000 -1.081949 -0.897348
v 1.475000 -1.170881 -0.897348
v 1.475000 -1.170881 -0.897348
v 1.475000 -1.170881 -0.897348
v 1.475000 -1.170881 -0.897348
v 1.474174 -1.262720 -1.097973
v 1.474174 -1.262720 -1.097973
v 1.474174 -1.262720 -1.097973
v 1.474174 -1.262720 -1.097973
v 1.474174 -1.262720 -0.897348
v 1.474174 -1.262720 -0.897348
v 1.427051 -1.317177 -0.897348
v 1.427051 -1.317177 -0.897348
v 1.427051 -1.317177 -0.897348
v 1.427051 -1.317177 -1.097973
v 1.427051 -1.317177 -1.097973
v 1.427051 -1.317177 -1.097973
v 1.427051 -1.317177 -1.097973
v 1.427051 -1.317177 -1.097973
v 1.463058 -1.301725 -1.097973
v 1.463058 -1.301725 -1.097973
v 1.463058 -1.301725 -1.097973
v 1.463058 -1.301725 -0.897348
v 1.463058 -1.301725 -0.897348
v 1.463058 -1.301725 -0.897348
v 1.295435 -1.320000 -0.496098
v 1.250611 -1.320000 -0.496098
v 1.335000 -1.320000 -0.496098
v 1.335000 -1.320000 -0.496098
v 1.157223 -1.320000 -0.496098
v 1.113371 -1.320000 -0.496098
v 1.068727 -1.320000 -0.496098
v 1.024195 -1.320000 -0.496098
v 0.980075 -1.320000 -0.496098
v 0.934756 -1.320000 -0.496098
v 0.891243 -1.320000 -0.496098
v 0.800139 -1.320000 -0.496098
v 0.800139 -1.320000 -0.496098
v 0.752376 -1.319981 -0.496098
v 0.752376 -1.319981 -0.496098
v 0.752376 -1.319981 -0.496098
v 0.752376 -1.319981 -0.496098
v 0.714796 -1.319479 -0.496098
v 0.714796 -1.319479 -0.496098
v 0.714796 -1.319479 -0.696723
v 0.714796 -1.319479 -0.696723
v 0.714796 -1.319479 -0.696723
v 0.714796 -1.319479 -0.696723
v 0.640742 -1.290709 -0.496098
v 0.640742 -1.290709 -0.496098
v 0.640742 -1.290709 -0.496098
v 0.640742 -1.290709 -0.496098
v 0.640742 -1.290709 -0.496098
v 0.640742 -1.290709 -0.696723
v 0.640742 -1.290709 -0.696723
v 0.640742 -1.290709 -0.696723
v 0.640742 -1.290709 -0.696723
v 0.640742 -1.290709 -0.696723
v 0.663315 -1.312662 -0.696723
v 0.663315 -1.312662 -0.696723
v 0.663315 -1.312662 -0.696723
v 0.663315 -1.312662 -0.496098
v 0.663315 -1.312662 -0.496098
v 0.663315 -1.312662 -0.496098
v 0.663315 -1.312662 -0.496098
v 0.635405 -1.254305 -0.496098
v 0.635405 -1.254305 -0.496098
v 0.635405 -1.254305 -0.496098
v 0.635000 -1.196003 -0.496098
v 0.635000 -1.196003 -0.496098
v 0.635000 -1.156206 -0.496098
v 0.635000 -1.111702 -0.496098
v 0.635000 -1.111702 -0.696723
v 0.635000 -1.067526 -0.696723
v 1.041273 -0.695000 -0.696723
v 0.996629 -0.695000 -0.696723
v 0.996629 -0.695000 -0.696723
v 1.129925 -0.695000 -0.496098
v 1.129925 -0.695000 -0.696723
v 1.085805 -0.695000 -0.696723
v 1.085805 -0.695000 -0.496098
v 1.175244 -0.695000 -0.496098
v 1.218757 -0.695000 -0.496098
v 1.309860 -0.695000 -0.496098
v 1.309860 -0.695000 -0.496098
v 1.357624 -0.695019 -0.496098
v 1.357624 -0.695019 -0.496098
v 1.357624 -0.695019 -0.496098
v 1.357624 -0.695019 -0.496098
v 1.395204 -0.695520 -0.496098
v 1.395204 -0.695520 -0.496098
v 1.395204 -0.695520 -0.696723
v 1.395204 -0.695520 -0.696723
v 1.395204 -0.695520 -0.696723
v 1.395204 -0.695520 -0.696723
v 1.469258 -0.724291 -0.496098
v 1.469258 -0.724291 -0.496098
v 1.469258 -0.724291 -0.496098
v 1.469258 -0.724291 -0.496098
v 1.469258 -0.724291 -0.496098
v 1.469258 -0.724291 -0.696723
v 1.469258 -0.724291 -0.696723
v 1.469258 -0.724291 -0.696723
v 1.469258 -0.724291 -0.696723
v 1.469258 -0.724291 -0.696723
v 1.446684 -0.702337 -0.696723
v 1.446684 -0.702337 -0.696723
v 1.446684 -0.702337 -0.696723
v 1.446684 -0.702337 -0.496098
v 1.446684 -0.702337 -0.496098
v 1.446684 -0.702337 -0.496098
v 1.446684 -0.702337 -0.496098
v 1.474596 -0.760694 -0.496098
v 1.474596 -0.760694 -0.496098
v 1.474596 -0.760694 -0.496098
v 1.475000 -0.818996 -0.496098
v 1.475000 -0.818996 -0.496098
v 1.475000 -0.858793 -0.496098
v 1.475000 -0.903297 -0.496098
v 1.475000 -0.993214 -0.496098
v 1.475000 -1.037952 -0.496098
v 1.475000 -1.081949 -0.496098
v 1.475000 -1.128258 -0.496098
v 1.475000 -1.170881 -0.496098
v 1.474998 -1.223753 -0.496098
v 1.474998 -1.223753 -0.496098
v 1.474998 -1.223753 -0.496098
v 1.474174 -1.262720 -0.496098
v 1.474174 -1.262720 -0.496098
v 1.474174 -1.262720 -0.496098
v 1.474174 -1.262720 -0.496098
v 1.474174 -1.262720 -0.696723
v 1.474174 -1.262720 -0.696723
v 1.474174 -1.262720 -0.696723
v 1.474174 -1.262720 -0.696723
v 1.427051 -1.317177 -0.496098
v 1.427051 -1.317177 -0.496098
v 1.427051 -1.317177 -0.496098
v 1.427051 -1.317177 -0.496098
v 1.427051 -1.317177 -0.496098
v 1.427051 -1.317177 -0.496098
v 1.427051 -1.317177 -0.696723
v 1.427051 -1.317177 -0.696723
v 1.427051 -1.317177 -0.696723
v 1.427051 -1.317177 -0.696723
v 1.427051 -1.317177 -0.696723
v 1.463058 -1.301725 -0.696723
v 1.463058 -1.301725 -0.696723
v 1.463058 -1.301725 -0.696723
v 1.463058 -1.301725 -0.496098
v 1.463058 -1.301725 -0.496098
v 1.463058 -1.301725 -0.496098
v 1.463058 -1.301725 -0.496098
v 1.463058 -1.301725 -0.496098
v 1.463058 -1.301725 -0.496098
v 1.389075 -1.319647 -0.496098
v 1.389075 -1.319647 -0.496098
v 1.389075 -1.319647 -0.496098
v 1.389075 -1.319647 -0.496098
v 1.250611 -1.320000 -0.295473
v 1.295435 -1.320000 -0.295473
v 1.335000 -1.320000 -0.295473
v 1.335000 -1.320000 -0.295473
v 1.068727 -1.320000 -0.295473
v 1.113371 -1.320000 -0.295473
v 1.157223 -1.320000 -0.295473
v 0.980075 -1.320000 -0.295473
v 1.024195 -1.320000 -0.295473
v 0.891243 -1.320000 -0.295473
v 0.934756 -1.320000 -0.295473
v 0.714796 -1.319479 -0.295473
v 0.714796 -1.319479 -0.295473
v 0.714796 -1.319479 -0.295473
v 0.752376 -1.319981 -0.295473
v 0.752376 -1.319981 -0.295473
v 0.752376 -1.319981 -0.295473
v 0.752376 -1.319981 -0.295473
v 0.800139 -1.320000 -0.295473
v 0.800139 -1.320000 -0.295473
v 0.640742 -1.290709 -0.195160
v 0.640742 -1.290709 -0.195160
v 0.640742 -1.290709 -0.295473
v 0.640742 -1.290709 -0.295473
v 0.649161 -1.304131 -0.295473
v 0.649161 -1.304131 -0.295473
v 0.649161 -1.304131 -0.295473
v 0.649161 -1.304131 -0.295473
v 0.649161 -1.304131 -0.195160
v 0.649161 -1.304131 -0.195160
v 0.649161 -1.304131 -0.195160
v 0.649161 -1.304131 -0.195160
v 0.663315 -1.312662 -0.295473
v 0.663315 -1.312662 -0.295473
v 0.663315 -1.312662 -0.295473
v 0.663315 -1.312662 -0.195160
v 0.663315 -1.312662 -0.195160
v 0.635000 -1.196003 -0.295473
v 0.635000 -1.196003 -0.295473
v 0.635405 -1.254305 -0.295473
v 0.635405 -1.254305 -0.295473
v 0.635405 -1.254305 -0.295473
v 0.635000 -1.111702 -0.395785
v 0.635000 -1.156206 -0.295473
v 0.635000 -1.111702 -0.295473
v 0.635000 -1.056190 -0.295473
v 0.635000 -1.067526 -0.295473
v 0.635000 -1.067526 -0.195160
v 0.635000 -1.044777 -0.195160
v 0.635000 -1.044777 -0.295473
v 0.635000 -1.078764 -0.295473
v 0.635000 -1.078764 -0.345629
v 0.635000 -1.089884 -0.345629
v 0.635000 -1.089884 -0.295473
v 0.635000 -1.089884 -0.395785
v 0.635000 -1.089884 -0.195160
v 0.635000 -1.111702 -0.195160
v 1.085805 -0.695000 -0.395785
v 1.085805 -0.695000 -0.295473
v 1.129925 -0.695000 -0.295473
v 1.063553 -0.695000 -0.345629
v 1.063553 -0.695000 -0.295473
v 1.063553 -0.695000 -0.395785
v 1.063553 -0.695000 -0.395785
v 1.063553 -0.695000 -0.395785
v 1.063553 -0.695000 -0.496098
v 1.052412 -0.695000 -0.345629
v 1.052412 -0.695000 -0.345629
v 1.052412 -0.695000 -0.295473
v 1.041273 -0.695000 -0.345629
v 1.041273 -0.695000 -0.295473
v 1.085805 -0.695000 -0.195160
v 1.063553 -0.695000 -0.195160
v 1.041273 -0.695000 -0.195160
v 1.218757 -0.695000 -0.295473
v 1.175244 -0.695000 -0.295473
v 1.395204 -0.695520 -0.295473
v 1.395204 -0.695520 -0.295473
v 1.395204 -0.695520 -0.295473
v 1.357624 -0.695019 -0.295473
v 1.357624 -0.695019 -0.295473
v 1.357624 -0.695019 -0.295473
v 1.357624 -0.695019 -0.295473
v 1.309860 -0.695000 -0.295473
v 1.309860 -0.695000 -0.295473
v 1.469258 -0.724291 -0.195160
v 1.469258 -0.724291 -0.195160
v 1.469258 -0.724291 -0.195160
v 1.469258 -0.724291 -0.295473
v 1.469258 -0.724291 -0.295473
v 1.460839 -0.710869 -0.295473
v 1.460839 -0.710869 -0.295473
v 1.460839 -0.710869 -0.295473
v 1.460839 -0.710869 -0.295473
v 1.460839 -0.710869 -0.195160
v 1.460839 -0.710869 -0.195160
v 1.460839 -0.710869 -0.195160
v 1.460839 -0.710869 -0.195160
v 1.446684 -0.702337 -0.295473
v 1.446684 -0.702337 -0.295473
v 1.446684 -0.702337 -0.195160
v 1.446684 -0.702337 -0.195160
v 1.475000 -0.818996 -0.295473
v 1.475000 -0.818996 -0.295473
v 1.474596 -0.760694 -0.295473
v 1.474596 -0.760694 -0.295473
v 1.474596 -0.760694 -0.295473
v 1.475000 -0.903297 -0.295473
v 1.475000 -0.858793 -0.295473
v 1.475000 -1.081949 -0.295473
v 1.475000 -1.037952 -0.295473
v 1.475000 -0.993214 -0.295473
v 1.475000 -1.170881 -0.295473
v 1.475000 -1.128258 -0.295473
v 1.474174 -1.262720 -0.295473
v 1.474174 -1.262720 -0.295473
v 1.474998 -1.223753 -0.295473
v 1.474998 -1.223753 -0.295473
v 1.474998 -1.223753 -0.295473
v 1.427051 -1.317177 -0.195160
v 1.427051 -1.317177 -0.195160
v 1.427051 -1.317177 -0.195160
v 1.427051 -1.317177 -0.195160
v 1.427051 -1.317177 -0.295473
v 1.427051 -1.317177 -0.295473
v 1.449083 -1.311714 -0.295473
v 1.449083 -1.311714 -0.295473
v 1.449083 -1.311714 -0.295473
v 1.449083 -1.311714 -0.295473
v 1.449083 -1.311714 -0.195160
v 1.449083 -1.311714 -0.195160
v 1.449083 -1.311714 -0.195160
v 1.449083 -1.311714 -0.195160
v 1.463058 -1.301725 -0.295473
v 1.463058 -1.301725 -0.295473
v 1.463058 -1.301725 -0.195160
v 1.463058 -1.301725 -0.195160
v 1.470811 -1.285848 -0.295473
v 1.470811 -1.285848 -0.295473
v 1.470811 -1.285848 -0.295473
v 1.470811 -1.285848 -0.195160
v 1.470811 -1.285848 -0.195160
v 1.470811 -1.285848 -0.195160
v 1.474174 -1.262720 -0.195160
v 1.474174 -1.262720 -0.195160
v 1.389075 -1.319647 -0.295473
v 1.389075 -1.319647 -0.295473
v 1.389075 -1.319647 -0.295473
v 1.389075 -1.319647 -0.295473
v 1.250611 -1.320000 -1.699848
v 1.250611 -1.320000 -1.699848
v 1.335000 -1.320000 -1.699848
v 1.335000 -1.320000 -1.699848
v 1.335000 -1.320000 -1.699848
v 1.335000 -1.320000 -1.699848
v 1.157223 -1.320000 -1.699848
v 1.157223 -1.320000 -1.699848
v 1.068727 -1.320000 -1.699848
v 1.068727 -1.320000 -1.699848
v 0.980075 -1.320000 -1.699848
v 0.980075 -1.320000 -1.699848
v 0.891243 -1.320000 -1.699848
v 0.891243 -1.320000 -1.699848
v 0.800139 -1.320000 -1.699848
v 0.800139 -1.320000 -1.699848
v 0.800139 -1.320000 -1.699848
v 0.800139 -1.320000 -1.699848
v 0.714796 -1.319479 -1.699848
v 0.714796 -1.319479 -1.699848
v 0.714796 -1.319479 -1.699848
v 0.714796 -1.319479 -1.699848
v 0.663315 -1.312662 -1.699848
v 0.663315 -1.312662 -1.699848
v 0.663315 -1.312662 -1.699848
v 0.663315 -1.312662 -1.699848
v 0.640742 -1.290709 -1.699848
v 0.640742 -1.290709 -1.699848
v 0.640742 -1.290709 -1.699848
v 0.640742 -1.290709 -1.699848
v 0.640742 -1.290709 -1.699848
v 0.635000 -1.196003 -1.699848
v 0.635000 -1.196003 -1.699848
v 0.635000 -1.196003 -1.699848
v 0.635000 -1.196003 -1.699848
v 0.635000 -1.021786 -1.699848
v 0.635000 -1.021786 -1.699848
v 0.635000 -1.111702 -1.699848
v 0.635000 -1.111702 -1.699848
v 0.635000 -0.844118 -1.699848
v 0.635000 -0.844118 -1.699848
v 0.635000 -0.844118 -1.699848
v 0.635827 -0.752279 -1.699848
v 0.635827 -0.752279 -1.699848
v 0.635827 -0.752279 -1.699848
v 0.635827 -0.752279 -1.699848
v 0.635827 -0.752279 -1.699848
v 0.635000 -0.933050 -1.699848
v 0.635000 -0.933050 -1.699848
v 0.646942 -0.713274 -1.699848
v 0.646942 -0.713274 -1.699848
v 0.646942 -0.713274 -1.699848
v 0.646942 -0.713274 -1.699848
v 0.646942 -0.713274 -1.699848
v 0.682949 -0.697823 -1.699848
v 0.682949 -0.697823 -1.699848
v 0.682949 -0.697823 -1.699848
v 0.682949 -0.697823 -1.699848
v 0.682949 -0.697823 -1.699848
v 0.635000 -0.799166 -0.965721
v 0.635000 -0.799166 -0.965721
v 0.635000 -0.799166 -0.965721
v 0.635000 -0.799166 -0.965721
v 0.635000 -0.799166 -0.965721
v 0.635000 -0.799166 -0.965721
v 0.635000 -0.799166 -0.965721
v 0.635987 -0.750004 -1.015451
v 0.635987 -0.750004 -1.015451
v 0.635987 -0.750004 -1.015451
v 0.635987 -0.750004 -1.015451
v 0.635987 -0.750004 -1.015451
v 0.635987 -0.750004 -1.015451
v 0.635987 -0.750004 -1.015451
v 0.644828 -0.716274 -1.041455
v 0.644828 -0.716274 -1.041455
v 0.644828 -0.716274 -1.041455
v 0.644828 -0.716274 -1.041455
v 0.644828 -0.716274 -1.041455
v 0.644828 -0.716274 -1.041455
v 0.644828 -0.716274 -1.041455
v 0.650435 -0.710043 -1.042651
v 0.650435 -0.710043 -1.042651
v 0.650435 -0.710043 -1.042651
v 0.650435 -0.710043 -1.042651
v 0.650435 -0.710043 -1.042651
v 0.638443 -0.731556 -1.031839
v 0.638443 -0.731556 -1.031839
v 0.638443 -0.731556 -1.031839
v 0.638443 -0.731556 -1.031839
v 0.638443 -0.731556 -1.031839
v 0.638443 -0.731556 -1.031839
v 0.638443 -0.731556 -1.031839
v 0.658153 -0.704866 -1.040866
v 0.658153 -0.704866 -1.040866
v 0.658153 -0.704866 -1.040866
v 0.658153 -0.704866 -1.040866
v 0.658153 -0.704866 -1.040866
v 0.658153 -0.704866 -1.040866
v 0.658153 -0.704866 -1.040866
v 0.658153 -0.704866 -1.040866
v 0.775000 -0.695000 -1.699848
v 0.775000 -0.695000 -1.699848
v 0.775000 -0.695000 -1.699848
v 0.775000 -0.695000 -1.699848
v 0.952778 -0.695000 -1.699848
v 0.952778 -0.695000 -1.699848
v 0.859389 -0.695000 -1.699848
v 0.859389 -0.695000 -1.699848
v 1.129925 -0.695000 -1.699848
v 1.129925 -0.695000 -1.699848
v 1.041273 -0.695000 -1.699848
v 1.041273 -0.695000 -1.699848
v 1.309860 -0.695000 -1.699848
v 1.309860 -0.695000 -1.699848
v 1.309860 -0.695000 -1.699848
v 1.309860 -0.695000 -1.699848
v 1.218757 -0.695000 -1.699848
v 1.218757 -0.695000 -1.699848
v 1.395204 -0.695520 -1.699848
v 1.395204 -0.695520 -1.699848
v 1.395204 -0.695520 -1.699848
v 1.395204 -0.695520 -1.699848
v 1.469258 -0.724291 -1.699848
v 1.469258 -0.724291 -1.699848
v 1.469258 -0.724291 -1.699848
v 1.469258 -0.724291 -1.699848
v 1.469258 -0.724291 -1.699848
v 1.446684 -0.702337 -1.699848
v 1.446684 -0.702337 -1.699848
v 1.446684 -0.702337 -1.699848
v 1.446684 -0.702337 -1.699848
v 1.475000 -0.818996 -1.699848
v 1.475000 -0.818996 -1.699848
v 1.475000 -0.818996 -1.699848
v 1.475000 -0.818996 -1.699848
v 1.475000 -0.903297 -1.699848
v 1.475000 -0.903297 -1.699848
v 1.475000 -1.170881 -1.699848
v 1.475000 -1.170881 -1.699848
v 1.475000 -1.170881 -1.699848
v 1.475000 -1.081949 -1.699848
v 1.475000 -1.081949 -1.699848
v 1.474174 -1.262720 -1.699848
v 1.474174 -1.262720 -1.699848
v 1.474174 -1.262720 -1.699848
v 1.474174 -1.262720 -1.699848
v 1.463058 -1.301725 -1.699848
v 1.463058 -1.301725 -1.699848
v 1.463058 -1.301725 -1.699848
v 1.463058 -1.301725 -1.699848
v 1.463058 -1.301725 -1.699848
v 1.463058 -1.301725 -1.699848
v 1.475000 -0.993214 -1.699848
v 1.475000 -0.993214 -1.699848
v 1.427051 -1.317177 -1.699848
v 1.427051 -1.317177 -1.699848
v 1.427051 -1.317177 -1.699848
v 1.427051 -1.317177 -1.699848
v 1.427051 -1.317177 -1.699848
v 0.681432 -0.698038 -1.026636
v 0.681432 -0.698038 -1.026636
v 0.681432 -0.698038 -1.026636
v 0.681432 -0.698038 -1.026636
v 0.681432 -0.698038 -1.026636
v 0.681432 -0.698038 -1.026636
v 0.681432 -0.698038 -1.026636
v 0.681432 -0.698038 -1.026636
v 0.729301 -0.695085 -0.985068
v 0.729301 -0.695085 -0.985068
v 0.729301 -0.695085 -0.985068
v 0.729301 -0.695085 -0.985068
v 0.729301 -0.695085 -0.985068
v 0.729301 -0.695085 -0.985068
v 0.729301 -0.695085 -0.985068
v 0.729301 -0.695085 -0.985068
v 0.838324 -0.695000 -0.875178
v 0.838324 -0.695000 -0.875178
v 0.838324 -0.695000 -0.875178
v 0.838324 -0.695000 -0.875178
v 0.775000 -0.695000 -0.941023
v 0.775000 -0.695000 -0.941023
v 0.775000 -0.695000 -0.941023
v 0.775000 -0.695000 -0.941023
v 0.775000 -0.695000 -0.941023
v 0.635000 -1.081614 -0.538460
v 0.635000 -1.081614 -0.538460
v 0.635000 -1.081614 -0.538460
v 0.635000 -1.081614 -0.538460
v 0.635000 -1.081614 -0.384023
v 0.635000 -1.081614 -0.384023
v 0.635000 -1.081614 -0.384023
v 0.635000 -1.081614 -0.461241
v 0.635000 -1.081614 -0.461241
v 0.635000 -1.081614 -0.461241
v 0.635000 -1.081614 -0.461241
v 0.635000 -1.081614 -0.461241
v 1.335000 -1.320000 -0.094848
v 1.335000 -1.320000 -0.094848
v 1.335000 -1.320000 -0.094848
v 1.335000 -1.320000 -0.094848
v 1.250611 -1.320000 -0.094848
v 1.250611 -1.320000 -0.094848
v 1.157223 -1.320000 -0.094848
v 1.157223 -1.320000 -0.094848
v 0.980075 -1.320000 -0.094848
v 0.980075 -1.320000 -0.094848
v 1.068727 -1.320000 -0.094848
v 1.068727 -1.320000 -0.094848
v 0.635000 -1.078590 -0.360873
v 0.635000 -1.078590 -0.360873
v 0.635000 -1.078590 -0.360873
v 0.635000 -1.078590 -0.360873
v 0.635000 -0.977304 -0.752046
v 0.635000 -0.977304 -0.752046
v 0.635000 -0.977304 -0.752046
v 0.635000 -0.881134 -0.875178
v 0.635000 -0.881134 -0.875178
v 0.635000 -0.881134 -0.875178
v 0.635000 -0.881134 -0.875178
v 0.635000 -0.931479 -0.813851
v 0.635000 -0.931479 -0.813851
v 0.635000 -0.931479 -0.813851
v 0.635000 -0.931479 -0.813851
v 0.635000 -0.840719 -0.920965
v 0.635000 -0.840719 -0.920965
v 0.635000 -0.840719 -0.920965
v 0.635000 -1.059141 -0.618954
v 0.635000 -1.059141 -0.618954
v 0.635000 -1.059141 -0.618954
v 0.635000 -1.059141 -0.618954
v 0.635000 -1.065380 -0.341623
v 0.635000 -1.065380 -0.341623
v 0.635000 -1.065380 -0.341623
v 0.635000 -1.031727 -0.311147
v 0.635000 -1.031727 -0.311147
v 0.635000 -1.031727 -0.311147
v 0.635000 -1.031727 -0.311147
v 0.635000 -1.019547 -0.687751
v 0.635000 -1.019547 -0.687751
v 0.635000 -1.019547 -0.687751
v 0.635000 -1.019547 -0.687751
v 0.635000 -1.019547 -0.687751
v 0.800139 -1.320000 -0.094848
v 0.800139 -1.320000 -0.094848
v 0.800139 -1.320000 -0.094848
v 0.800139 -1.320000 -0.094848
v 0.714796 -1.319479 -0.094848
v 0.714796 -1.319479 -0.094848
v 0.714796 -1.319479 -0.094848
v 0.714796 -1.319479 -0.094848
v 0.663315 -1.312662 -0.094848
v 0.663315 -1.312662 -0.094848
v 0.663315 -1.312662 -0.094848
v 0.663315 -1.312662 -0.094848
v 0.640742 -1.290709 -0.094848
v 0.640742 -1.290709 -0.094848
v 0.640742 -1.290709 -0.094848
v 0.640742 -1.290709 -0.094848
v 0.640742 -1.290709 -0.094848
v 0.891243 -1.320000 -0.094848
v 0.891243 -1.320000 -0.094848
v 0.635000 -1.196003 -0.094848
v 0.635000 -1.196003 -0.094848
v 0.635000 -1.196003 -0.094848
v 0.635000 -1.196003 -0.094848
v 0.635000 -1.021786 -0.094848
v 0.635000 -1.021786 -0.094848
v 0.635000 -0.896744 -0.209079
v 0.635000 -0.896744 -0.209079
v 0.635000 -0.896744 -0.209079
v 0.635000 -0.896744 -0.209079
v 0.635000 -0.896744 -0.209079
v 0.635000 -0.961645 -0.257405
v 0.635000 -0.961645 -0.257405
v 0.635000 -0.961645 -0.257405
v 0.635000 -0.933050 -0.094848
v 0.635000 -0.933050 -0.094848
v 0.635000 -1.111702 -0.094848
v 0.635000 -1.111702 -0.094848
v 0.635000 -0.896744 -0.094848
v 0.635000 -0.896744 -0.094848
v 0.635000 -0.896744 -0.094848
v 0.635000 -0.896744 -0.094848
v 0.940069 -0.695000 -0.752694
v 0.940069 -0.695000 -0.752694
v 0.940069 -0.695000 -0.752694
v 0.891559 -0.695000 -0.814415
v 0.891559 -0.695000 -0.814415
v 0.891559 -0.695000 -0.814415
v 0.984747 -0.695000 -0.688160
v 0.984747 -0.695000 -0.688160
v 0.984747 -0.695000 -0.688160
v 0.984747 -0.695000 -0.688160
v 0.984747 -0.695000 -0.688160
v 0.984747 -0.695000 -0.688160
v 1.049941 -0.695000 -0.538460
v 1.049941 -0.695000 -0.538460
v 1.049941 -0.695000 -0.538460
v 1.049941 -0.695000 -0.538460
v 1.026485 -0.695000 -0.618954
v 1.026485 -0.695000 -0.618954
v 1.026485 -0.695000 -0.618954
v 1.026485 -0.695000 -0.618954
v 1.026485 -0.695000 -0.618954
v 0.997038 -0.695000 -0.310559
v 0.997038 -0.695000 -0.310559
v 0.997038 -0.695000 -0.310559
v 0.997038 -0.695000 -0.310559
v 1.045632 -0.695000 -0.366203
v 1.045632 -0.695000 -0.366203
v 1.045632 -0.695000 -0.366203
v 1.045632 -0.695000 -0.366203
v 1.049941 -0.695000 -0.461241
v 1.049941 -0.695000 -0.461241
v 1.049941 -0.695000 -0.461241
v 1.049941 -0.695000 -0.461241
v 1.049941 -0.695000 -0.461241
v 1.049941 -0.695000 -0.461241
v 1.049941 -0.695000 -0.384023
v 1.049941 -0.695000 -0.384023
v 1.049941 -0.695000 -0.384023
v 1.049941 -0.695000 -0.384023
v 1.049941 -0.695000 -0.384023
v 1.129925 -0.695000 -0.094848
v 1.129925 -0.695000 -0.094848
v 1.218757 -0.695000 -0.094848
v 1.218757 -0.695000 -0.094848
v 1.309860 -0.695000 -0.094848
v 1.309860 -0.695000 -0.094848
v 1.309860 -0.695000 -0.094848
v 1.309860 -0.695000 -0.094848
v 1.395204 -0.695520 -0.094848
v 1.395204 -0.695520 -0.094848
v 1.395204 -0.695520 -0.094848
v 1.395204 -0.695520 -0.094848
v 1.475000 -0.818996 -0.094848
v 1.475000 -0.818996 -0.094848
v 1.475000 -0.818996 -0.094848
v 1.475000 -0.818996 -0.094848
v 1.475000 -0.903297 -0.094848
v 1.475000 -0.903297 -0.094848
v 1.475000 -0.993214 -0.094848
v 1.475000 -0.993214 -0.094848
v 0.923839 -0.695000 -0.257290
v 0.923839 -0.695000 -0.257290
v 0.923839 -0.695000 -0.257290
v 0.923839 -0.695000 -0.257290
v 0.851200 -0.695000 -0.207874
v 0.851200 -0.695000 -0.207874
v 0.851200 -0.695000 -0.207874
v 0.851200 -0.695000 -0.207874
v 0.851200 -0.695000 -0.207874
v 0.851200 -0.695000 -0.094848
v 0.851200 -0.695000 -0.094848
v 0.851200 -0.695000 -0.094848
v 0.851200 -0.695000 -0.094848
v 1.041273 -0.695000 -0.094848
v 1.041273 -0.695000 -0.094848
v 0.952778 -0.695000 -0.094848
v 0.952778 -0.695000 -0.094848
v 1.446684 -0.702337 -0.094848
v 1.446684 -0.702337 -0.094848
v 1.446684 -0.702337 -0.094848
v 1.446684 -0.702337 -0.094848
v 1.469258 -0.724291 -0.094848
v 1.469258 -0.724291 -0.094848
v 1.469258 -0.724291 -0.094848
v 1.469258 -0.724291 -0.094848
v 1.469258 -0.724291 -0.094848
v 1.475000 -1.081949 -0.094848
v 1.475000 -1.081949 -0.094848
v 1.475000 -1.170881 -0.094848
v 1.475000 -1.170881 -0.094848
v 1.475000 -1.170881 -0.094848
v 1.474174 -1.262720 -0.094848
v 1.474174 -1.262720 -0.094848
v 1.474174 -1.262720 -0.094848
v 1.474174 -1.262720 -0.094848
v 1.474174 -1.262720 -0.094848
v 1.463058 -1.301725 -0.094848
v 1.463058 -1.301725 -0.094848
v 1.463058 -1.301725 -0.094848
v 1.463058 -1.301725 -0.094848
v 1.463058 -1.301725 -0.094848
v 1.427051 -1.317177 -0.094848
v 1.427051 -1.317177 -0.094848
v 1.427051 -1.317177 -0.094848
v 1.427051 -1.317177 -0.094848
v 1.427051 -1.317177 -0.094848
v 0.840000 -1.168749 -0.094848
v 0.732500 -1.168749 -0.094848
v 0.732500 -1.249374 -0.094848
v 0.840000 -1.249374 -0.094848
v 0.678750 -1.249374 -0.094848
v 0.678750 -1.289688 -0.094848
v 0.732500 -1.289688 -0.094848
v 1.377500 -1.168749 -0.094848
v 1.270000 -1.168749 -0.094848
v 1.270000 -1.249374 -0.094848
v 1.377500 -1.249374 -0.094848
v 1.055000 -1.007500 -0.094848
v 0.840000 -1.007500 -0.094848
v 1.055000 -1.168749 -0.094848
v 1.270000 -1.007500 -0.094848
v 0.840000 -0.846250 -0.094848
v 0.732500 -0.926874 -0.094848
v 0.840000 -0.926874 -0.094848
v 0.732500 -1.007500 -0.094848
v 1.055000 -0.846250 -0.094848
v 1.270000 -0.846250 -0.094848
v 1.431250 -0.725311 -0.094848
v 1.377500 -0.725311 -0.094848
v 1.377500 -0.765625 -0.094848
v 1.431250 -0.765625 -0.094848
v 1.270000 -0.765625 -0.094848
v 1.377500 -0.846250 -0.094848
v 0.708604 -0.839935 -0.094848
v 0.708604 -0.839935 -0.094848
v 0.708604 -0.839935 -0.094848
v 0.708604 -0.839935 -0.094848
v 0.708604 -0.839935 -0.094848
v 0.777097 -0.777098 -0.094848
v 0.777097 -0.777098 -0.094848
v 0.777097 -0.777098 -0.094848
v 0.777097 -0.777098 -0.094848
v 0.777097 -0.777098 -0.094848
v 1.270000 -1.168749 -1.699848
v 1.377500 -1.168749 -1.699848
v 1.377500 -1.249374 -1.699848
v 1.270000 -1.249374 -1.699848
v 0.678750 -1.249374 -1.699848
v 0.732500 -1.249374 -1.699848
v 0.732500 -1.289688 -1.699848
v 0.678750 -1.289688 -1.699848
v 0.732500 -1.168749 -1.699848
v 0.840000 -1.168749 -1.699848
v 0.840000 -1.249374 -1.699848
v 1.055000 -1.007500 -1.699848
v 1.270000 -1.007500 -1.699848
v 1.055000 -1.168749 -1.699848
v 0.840000 -1.007500 -1.699848
v 1.055000 -0.846250 -1.699848
v 1.270000 -0.846250 -1.699848
v 0.840000 -0.846250 -1.699848
v 1.270000 -0.765625 -1.699848
v 1.377500 -0.765625 -1.699848
v 1.377500 -0.846250 -1.699848
v 1.377500 -0.725311 -1.699848
v 1.431250 -0.725311 -1.699848
v 1.431250 -0.765625 -1.699848
v 0.732500 -0.765625 -1.699848
v 0.840000 -0.765625 -1.699848
v 0.732500 -0.846250 -1.699848
v 0.704188 -1.038136 -0.384023
v 0.704188 -1.038136 -0.384023
v 0.704188 -1.038136 -0.384023
v 0.704188 -1.038136 -0.384023
v 0.704188 -1.038136 -0.384023
v 0.669930 -1.060402 -0.384023
v 0.669930 -1.060402 -0.384023
v 0.669930 -1.060402 -0.384023
v 0.669930 -1.060402 -0.384023
v 0.669930 -1.060402 -0.384023
v 0.665727 -1.053749 -0.350176
v 0.665727 -1.053749 -0.350176
v 0.665727 -1.053749 -0.350176
v 0.665727 -1.053749 -0.350176
v 0.665727 -1.053749 -0.350176
v 0.665727 -1.053749 -0.350176
v 0.699770 -1.031622 -0.350176
v 0.699770 -1.031622 -0.350176
v 0.699770 -1.031622 -0.350176
v 0.699770 -1.031622 -0.350176
v 0.699770 -1.031622 -0.350176
v 0.770550 -0.990513 -0.384023
v 0.770550 -0.990513 -0.384023
v 0.770550 -0.990513 -0.384023
v 0.770550 -0.990513 -0.384023
v 0.770550 -0.990513 -0.384023
v 0.770550 -0.990513 -0.384023
v 0.737745 -1.014830 -0.384023
v 0.737745 -1.014830 -0.384023
v 0.737745 -1.014830 -0.384023
v 0.737745 -1.014830 -0.384023
v 0.737745 -1.014830 -0.384023
v 0.733115 -1.008463 -0.350176
v 0.733115 -1.008463 -0.350176
v 0.733115 -1.008463 -0.350176
v 0.733115 -1.008463 -0.350176
v 0.733115 -1.008463 -0.350176
v 0.765716 -0.984297 -0.350176
v 0.765716 -0.984297 -0.350176
v 0.765716 -0.984297 -0.350176
v 0.765716 -0.984297 -0.350176
v 0.765716 -0.984297 -0.350176
v 0.765716 -0.984297 -0.350176
v 0.700712 -0.963888 -0.292317
v 0.700712 -0.963888 -0.292317
v 0.700712 -0.963888 -0.292317
v 0.700712 -0.963888 -0.292317
v 0.700712 -0.963888 -0.292317
v 0.700712 -0.963888 -0.292317
v 0.731871 -0.940792 -0.292317
v 0.731871 -0.940792 -0.292317
v 0.731871 -0.940792 -0.292317
v 0.731871 -0.940792 -0.292317
v 0.731871 -0.940792 -0.292317
v 0.668840 -0.986025 -0.292317
v 0.668840 -0.986025 -0.292317
v 0.668840 -0.986025 -0.292317
v 0.668840 -0.986025 -0.292317
v 0.668840 -0.986025 -0.292317
v 0.668840 -0.986025 -0.292317
v 0.834015 -0.938709 -0.384023
v 0.834015 -0.938709 -0.384023
v 0.834015 -0.938709 -0.384023
v 0.834015 -0.938709 -0.384023
v 0.834015 -0.938709 -0.384023
v 0.834015 -0.938709 -0.384023
v 0.802700 -0.965097 -0.384023
v 0.802700 -0.965097 -0.384023
v 0.802700 -0.965097 -0.384023
v 0.802700 -0.965097 -0.384023
v 0.802700 -0.965097 -0.384023
v 0.802700 -0.965097 -0.384023
v 0.797663 -0.959042 -0.350176
v 0.797663 -0.959042 -0.350176
v 0.797663 -0.959042 -0.350176
v 0.797663 -0.959042 -0.350176
v 0.797663 -0.959042 -0.350176
v 0.797663 -0.959042 -0.350176
v 0.828782 -0.932819 -0.350176
v 0.828782 -0.932819 -0.350176
v 0.828782 -0.932819 -0.350176
v 0.828782 -0.932819 -0.350176
v 0.828782 -0.932819 -0.350176
v 0.762407 -0.916653 -0.292317
v 0.762407 -0.916653 -0.292317
v 0.762407 -0.916653 -0.292317
v 0.762407 -0.916653 -0.292317
v 0.762407 -0.916653 -0.292317
v 0.762407 -0.916653 -0.292317
v 0.792150 -0.891588 -0.292317
v 0.792150 -0.891588 -0.292317
v 0.792150 -0.891588 -0.292317
v 0.792150 -0.891588 -0.292317
v 0.792150 -0.891588 -0.292317
v 0.792150 -0.891588 -0.292317
v 0.894037 -0.883045 -0.384023
v 0.894037 -0.883045 -0.384023
v 0.894037 -0.883045 -0.384023
v 0.894037 -0.883045 -0.384023
v 0.894037 -0.883045 -0.384023
v 0.864483 -0.911343 -0.384023
v 0.864483 -0.911343 -0.384023
v 0.864483 -0.911343 -0.384023
v 0.864483 -0.911343 -0.384023
v 0.864483 -0.911343 -0.384023
v 0.859059 -0.905624 -0.350176
v 0.859059 -0.905624 -0.350176
v 0.859059 -0.905624 -0.350176
v 0.859059 -0.905624 -0.350176
v 0.859059 -0.905624 -0.350176
v 0.859059 -0.905624 -0.350176
v 0.888428 -0.877504 -0.350176
v 0.888428 -0.877504 -0.350176
v 0.888428 -0.877504 -0.350176
v 0.888428 -0.877504 -0.350176
v 0.888428 -0.877504 -0.350176
v 0.888428 -0.877504 -0.350176
v 0.821089 -0.865595 -0.292317
v 0.821089 -0.865595 -0.292317
v 0.821089 -0.865595 -0.292317
v 0.821089 -0.865595 -0.292317
v 0.821089 -0.865595 -0.292317
v 0.821089 -0.865595 -0.292317
v 0.849159 -0.838718 -0.292317
v 0.849159 -0.838718 -0.292317
v 0.849159 -0.838718 -0.292317
v 0.849159 -0.838718 -0.292317
v 0.849159 -0.838718 -0.292317
v 0.950244 -0.823748 -0.384023
v 0.950244 -0.823748 -0.384023
v 0.950244 -0.823748 -0.384023
v 0.950244 -0.823748 -0.384023
v 0.950244 -0.823748 -0.384023
v 0.922637 -0.853840 -0.384023
v 0.922637 -0.853840 -0.384023
v 0.922637 -0.853840 -0.384023
v 0.922637 -0.853840 -0.384023
v 0.922637 -0.853840 -0.384023
v 0.916848 -0.848482 -0.350176
v 0.916848 -0.848482 -0.350176
v 0.916848 -0.848482 -0.350176
v 0.916848 -0.848482 -0.350176
v 0.916848 -0.848482 -0.350176
v 0.944282 -0.818579 -0.350176
v 0.944282 -0.818579 -0.350176
v 0.944282 -0.818579 -0.350176
v 0.944282 -0.818579 -0.350176
v 0.944282 -0.818579 -0.350176
v 0.944282 -0.818579 -0.350176
v 0.876324 -0.810980 -0.292317
v 0.876324 -0.810980 -0.292317
v 0.876324 -0.810980 -0.292317
v 0.876324 -0.810980 -0.292317
v 0.876324 -0.810980 -0.292317
v 0.876324 -0.810980 -0.292317
v 0.902545 -0.782398 -0.292317
v 0.902545 -0.782398 -0.292317
v 0.902545 -0.782398 -0.292317
v 0.902545 -0.782398 -0.292317
v 0.902545 -0.782398 -0.292317
v 0.902545 -0.782398 -0.292317
v 1.002322 -0.760998 -0.384023
v 1.002322 -0.760998 -0.384023
v 1.002322 -0.760998 -0.384023
v 1.002322 -0.760998 -0.384023
v 1.002322 -0.760998 -0.384023
v 1.002322 -0.760998 -0.384023
v 1.002322 -0.760998 -0.384023
v 0.976819 -0.792793 -0.384023
v 0.976819 -0.792793 -0.384023
v 0.976819 -0.792793 -0.384023
v 0.976819 -0.792793 -0.384023
v 0.976819 -0.792793 -0.384023
v 0.970690 -0.787819 -0.350176
v 0.970690 -0.787819 -0.350176
v 0.970690 -0.787819 -0.350176
v 0.970690 -0.787819 -0.350176
v 0.970690 -0.787819 -0.350176
v 0.970690 -0.787819 -0.350176
v 0.996033 -0.756222 -0.350176
v 0.996033 -0.756222 -0.350176
v 0.996033 -0.756222 -0.350176
v 0.996033 -0.756222 -0.350176
v 0.996033 -0.756222 -0.350176
v 0.927786 -0.752996 -0.292317
v 0.927786 -0.752996 -0.292317
v 0.927786 -0.752996 -0.292317
v 0.927786 -0.752996 -0.292317
v 0.927786 -0.752996 -0.292317
v 0.927786 -0.752996 -0.292317
v 0.952008 -0.722797 -0.292317
v 0.952008 -0.722797 -0.292317
v 0.952008 -0.722797 -0.292317
v 0.952008 -0.722797 -0.292317
v 0.952008 -0.722797 -0.292317
v 1.026715 -0.728384 -0.384023
v 1.026715 -0.728384 -0.384023
v 1.026715 -0.728384 -0.384023
v 1.026715 -0.728384 -0.384023
v 1.026715 -0.728384 -0.384023
v 1.020272 -0.723814 -0.350176
v 1.020272 -0.723814 -0.350176
v 1.020272 -0.723814 -0.350176
v 1.020272 -0.723814 -0.350176
v 1.020272 -0.723814 -0.350176
v 0.737745 -1.014830 -0.515286
v 0.737745 -1.014830 -0.515286
v 0.737745 -1.014830 -0.515286
v 0.737745 -1.014830 -0.515286
v 0.737745 -1.014830 -0.515286
v 0.770550 -0.990513 -0.515286
v 0.770550 -0.990513 -0.515286
v 0.770550 -0.990513 -0.515286
v 0.770550 -0.990513 -0.515286
v 0.770550 -0.990513 -0.515286
v 0.770550 -0.990513 -0.515286
v 0.704188 -1.038136 -0.515286
v 0.704188 -1.038136 -0.515286
v 0.704188 -1.038136 -0.515286
v 0.704188 -1.038136 -0.515286
v 0.704188 -1.038136 -0.515286
v 0.704188 -1.038136 -0.515286
v 0.802700 -0.965097 -0.515286
v 0.802700 -0.965097 -0.515286
v 0.802700 -0.965097 -0.515286
v 0.802700 -0.965097 -0.515286
v 0.802700 -0.965097 -0.515286
v 0.834015 -0.938709 -0.515286
v 0.834015 -0.938709 -0.515286
v 0.834015 -0.938709 -0.515286
v 0.834015 -0.938709 -0.515286
v 0.834015 -0.938709 -0.515286
v 0.834015 -0.938709 -0.515286
v 0.864483 -0.911343 -0.515286
v 0.864483 -0.911343 -0.515286
v 0.864483 -0.911343 -0.515286
v 0.864483 -0.911343 -0.515286
v 0.894037 -0.883045 -0.515286
v 0.894037 -0.883045 -0.515286
v 0.894037 -0.883045 -0.515286
v 0.894037 -0.883045 -0.515286
v 0.894037 -0.883045 -0.515286
v 0.922637 -0.853840 -0.515286
v 0.922637 -0.853840 -0.515286
v 0.922637 -0.853840 -0.515286
v 0.922637 -0.853840 -0.515286
v 0.922637 -0.853840 -0.515286
v 0.922637 -0.853840 -0.515286
v 0.950244 -0.823748 -0.515286
v 0.950244 -0.823748 -0.515286
v 0.950244 -0.823748 -0.515286
v 0.950244 -0.823748 -0.515286
v 0.976819 -0.792793 -0.515286
v 0.976819 -0.792793 -0.515286
v 0.976819 -0.792793 -0.515286
v 0.976819 -0.792793 -0.515286
v 0.976819 -0.792793 -0.515286
v 1.002322 -0.760998 -0.515286
v 1.002322 -0.760998 -0.515286
v 1.002322 -0.760998 -0.515286
v 1.002322 -0.760998 -0.515286
v 1.002322 -0.760998 -0.515286
v 0.691257 -1.019072 -0.626947
v 0.691257 -1.019072 -0.626947
v 0.691257 -1.019072 -0.626947
v 0.691257 -1.019072 -0.626947
v 0.691257 -1.019072 -0.626947
v 0.657628 -1.040930 -0.626947
v 0.657628 -1.040930 -0.626947
v 0.657628 -1.040930 -0.626947
v 0.657628 -1.040930 -0.626947
v 0.669031 -1.058979 -0.574055
v 0.669031 -1.058979 -0.574055
v 0.669031 -1.058979 -0.574055
v 0.669031 -1.058979 -0.574055
v 0.669031 -1.058979 -0.574055
v 0.703243 -1.036741 -0.574055
v 0.703243 -1.036741 -0.574055
v 0.703243 -1.036741 -0.574055
v 0.703243 -1.036741 -0.574055
v 0.703243 -1.036741 -0.574055
v 0.703243 -1.036741 -0.574055
v 0.669930 -1.060402 -0.515286
v 0.669930 -1.060402 -0.515286
v 0.669930 -1.060402 -0.515286
v 0.669930 -1.060402 -0.515286
v 0.669930 -1.060402 -0.515286
v 0.756400 -0.972322 -0.626947
v 0.756400 -0.972322 -0.626947
v 0.756400 -0.972322 -0.626947
v 0.756400 -0.972322 -0.626947
v 0.756400 -0.972322 -0.626947
v 0.724197 -0.996193 -0.626947
v 0.724197 -0.996193 -0.626947
v 0.724197 -0.996193 -0.626947
v 0.724197 -0.996193 -0.626947
v 0.724197 -0.996193 -0.626947
v 0.724197 -0.996193 -0.626947
v 0.736754 -1.013468 -0.574055
v 0.736754 -1.013468 -0.574055
v 0.736754 -1.013468 -0.574055
v 0.736754 -1.013468 -0.574055
v 0.736754 -1.013468 -0.574055
v 0.736754 -1.013468 -0.574055
v 0.769516 -0.989183 -0.574055
v 0.769516 -0.989183 -0.574055
v 0.769516 -0.989183 -0.574055
v 0.769516 -0.989183 -0.574055
v 0.769516 -0.989183 -0.574055
v 0.818700 -0.921471 -0.626947
v 0.818700 -0.921471 -0.626947
v 0.818700 -0.921471 -0.626947
v 0.818700 -0.921471 -0.626947
v 0.818700 -0.921471 -0.626947
v 0.787960 -0.947376 -0.626947
v 0.787960 -0.947376 -0.626947
v 0.787960 -0.947376 -0.626947
v 0.787960 -0.947376 -0.626947
v 0.787960 -0.947376 -0.626947
v 0.787960 -0.947376 -0.626947
v 0.801622 -0.963802 -0.574055
v 0.801622 -0.963802 -0.574055
v 0.801622 -0.963802 -0.574055
v 0.801622 -0.963802 -0.574055
v 0.801622 -0.963802 -0.574055
v 0.801622 -0.963802 -0.574055
v 0.832895 -0.937448 -0.574055
v 0.832895 -0.937448 -0.574055
v 0.832895 -0.937448 -0.574055
v 0.832895 -0.937448 -0.574055
v 0.832895 -0.937448 -0.574055
v 0.877620 -0.866829 -0.626947
v 0.877620 -0.866829 -0.626947
v 0.877620 -0.866829 -0.626947
v 0.877620 -0.866829 -0.626947
v 0.877620 -0.866829 -0.626947
v 0.848608 -0.894607 -0.626947
v 0.848608 -0.894607 -0.626947
v 0.848608 -0.894607 -0.626947
v 0.848608 -0.894607 -0.626947
v 0.848608 -0.894607 -0.626947
v 0.848608 -0.894607 -0.626947
v 0.863323 -0.910118 -0.574055
v 0.863323 -0.910118 -0.574055
v 0.863323 -0.910118 -0.574055
v 0.863323 -0.910118 -0.574055
v 0.863323 -0.910118 -0.574055
v 0.863323 -0.910118 -0.574055
v 0.892837 -0.881859 -0.574055
v 0.892837 -0.881859 -0.574055
v 0.892837 -0.881859 -0.574055
v 0.892837 -0.881859 -0.574055
v 0.892837 -0.881859 -0.574055
v 0.932795 -0.808620 -0.626947
v 0.932795 -0.808620 -0.626947
v 0.932795 -0.808620 -0.626947
v 0.932795 -0.808620 -0.626947
v 0.905694 -0.838160 -0.626947
v 0.905694 -0.838160 -0.626947
v 0.905694 -0.838160 -0.626947
v 0.905694 -0.838160 -0.626947
v 0.905694 -0.838160 -0.626947
v 0.905694 -0.838160 -0.626947
v 0.921399 -0.852693 -0.574055
v 0.921399 -0.852693 -0.574055
v 0.921399 -0.852693 -0.574055
v 0.921399 -0.852693 -0.574055
v 0.921399 -0.852693 -0.574055
v 0.948969 -0.822641 -0.574055
v 0.948969 -0.822641 -0.574055
v 0.948969 -0.822641 -0.574055
v 0.948969 -0.822641 -0.574055
v 0.948969 -0.822641 -0.574055
v 0.948969 -0.822641 -0.574055
v 0.983916 -0.747023 -0.626947
v 0.983916 -0.747023 -0.626947
v 0.983916 -0.747023 -0.626947
v 0.983916 -0.747023 -0.626947
v 0.983916 -0.747023 -0.626947
v 0.983916 -0.747023 -0.626947
v 0.983916 -0.747023 -0.626947
v 0.958881 -0.778234 -0.626947
v 0.958881 -0.778234 -0.626947
v 0.958881 -0.778234 -0.626947
v 0.958881 -0.778234 -0.626947
v 0.958881 -0.778234 -0.626947
v 0.975508 -0.791729 -0.574055
v 0.975508 -0.791729 -0.574055
v 0.975508 -0.791729 -0.574055
v 0.975508 -0.791729 -0.574055
v 0.975508 -0.791729 -0.574055
v 1.000976 -0.759975 -0.574055
v 1.000976 -0.759975 -0.574055
v 1.000976 -0.759975 -0.574055
v 1.000976 -0.759975 -0.574055
v 1.000976 -0.759975 -0.574055
v 1.025336 -0.727405 -0.574055
v 1.025336 -0.727405 -0.574055
v 1.025336 -0.727405 -0.574055
v 1.025336 -0.727405 -0.574055
v 1.025336 -0.727405 -0.574055
v 1.026715 -0.728384 -0.515286
v 1.026715 -0.728384 -0.515286
v 1.026715 -0.728384 -0.515286
v 1.026715 -0.728384 -0.515286
v 1.007860 -0.715008 -0.626947
v 1.007860 -0.715008 -0.626947
v 1.007860 -0.715008 -0.626947
v 1.007860 -0.715008 -0.626947
v 1.007860 -0.715008 -0.626947
v 0.659579 -0.972370 -0.735933
v 0.659579 -0.972370 -0.735933
v 0.659579 -0.972370 -0.735933
v 0.659579 -0.972370 -0.735933
v 0.659579 -0.972370 -0.735933
v 0.659579 -0.972370 -0.735933
v 0.721737 -0.927765 -0.735933
v 0.721737 -0.927765 -0.735933
v 0.721737 -0.927765 -0.735933
v 0.721737 -0.927765 -0.735933
v 0.721737 -0.927765 -0.735933
v 0.721737 -0.927765 -0.735933
v 0.721737 -0.927765 -0.735933
v 0.721737 -0.927765 -0.735933
v 0.721737 -0.927765 -0.735933
v 0.781181 -0.879242 -0.735933
v 0.781181 -0.879242 -0.735933
v 0.781181 -0.879242 -0.735933
v 0.781181 -0.879242 -0.735933
v 0.781181 -0.879242 -0.735933
v 0.781181 -0.879242 -0.735933
v 0.781181 -0.879242 -0.735933
v 0.837401 -0.827105 -0.735933
v 0.837401 -0.827105 -0.735933
v 0.837401 -0.827105 -0.735933
v 0.837401 -0.827105 -0.735933
v 0.837401 -0.827105 -0.735933
v 0.837401 -0.827105 -0.735933
v 0.837401 -0.827105 -0.735933
v 0.890047 -0.771564 -0.735933
v 0.890047 -0.771564 -0.735933
v 0.890047 -0.771564 -0.735933
v 0.890047 -0.771564 -0.735933
v 0.890047 -0.771564 -0.735933
v 0.890047 -0.771564 -0.735933
v 0.890047 -0.771564 -0.735933
v 0.738956 -0.831716 -0.837836
v 0.738956 -0.831716 -0.837836
v 0.738956 -0.831716 -0.837836
v 0.738956 -0.831716 -0.837836
v 0.738956 -0.831716 -0.837836
v 0.738956 -0.831716 -0.837836
v 0.738956 -0.831716 -0.837836
v 0.682725 -0.877615 -0.837836
v 0.682725 -0.877615 -0.837836
v 0.682725 -0.877615 -0.837836
v 0.682725 -0.877615 -0.837836
v 0.682725 -0.877615 -0.837836
v 0.682725 -0.877615 -0.837836
v 0.792137 -0.782398 -0.837836
v 0.792137 -0.782398 -0.837836
v 0.792137 -0.782398 -0.837836
v 0.792137 -0.782398 -0.837836
v 0.792137 -0.782398 -0.837836
v 0.792137 -0.782398 -0.837836
v 0.792137 -0.782398 -0.837836
v 0.792137 -0.782398 -0.837836
v 0.841938 -0.729858 -0.837836
v 0.841938 -0.729858 -0.837836
v 0.841938 -0.729858 -0.837836
v 0.841938 -0.729858 -0.837836
v 0.841938 -0.729858 -0.837836
v 0.841938 -0.729858 -0.837836
v 0.714475 -0.753202 -0.943493
v 0.714475 -0.753202 -0.943493
v 0.714475 -0.753202 -0.943493
v 0.714475 -0.753202 -0.943493
v 0.714475 -0.753202 -0.943493
v 0.714475 -0.753202 -0.943493
v 0.714475 -0.753202 -0.943493
v 0.738901 -0.729816 -0.943493
v 0.738901 -0.729816 -0.943493
v 0.738901 -0.729816 -0.943493
v 0.738901 -0.729816 -0.943493
v 0.689294 -0.775820 -0.943493
v 0.689294 -0.775820 -0.943493
v 0.689294 -0.775820 -0.943493
v 0.689294 -0.775820 -0.943493
v 0.689294 -0.775820 -0.943493
v 0.664837 -0.748293 -0.992635
v 0.664837 -0.748293 -0.992635
v 0.664837 -0.748293 -0.992635
v 0.664837 -0.748293 -0.992635
v 0.664837 -0.748293 -0.992635
v 0.664837 -0.748293 -0.992635
v 0.664837 -0.748293 -0.992635
v 0.639874 -0.769329 -0.992635
v 0.639874 -0.769329 -0.992635
v 0.639874 -0.769329 -0.992635
v 0.639874 -0.769329 -0.992635
v 0.663412 -0.797630 -0.943493
v 0.663412 -0.797630 -0.943493
v 0.663412 -0.797630 -0.943493
v 0.663412 -0.797630 -0.943493
v 0.663412 -0.797630 -0.943493
v 0.663412 -0.797630 -0.943493
v 0.712683 -0.703920 -0.992635
v 0.712683 -0.703920 -0.992635
v 0.712683 -0.703920 -0.992635
v 0.712683 -0.703920 -0.992635
v 0.712683 -0.703920 -0.992635
v 0.689124 -0.726479 -0.992635
v 0.689124 -0.726479 -0.992635
v 0.689124 -0.726479 -0.992635
v 0.689124 -0.726479 -0.992635
v 0.689124 -0.726479 -0.992635
v 0.677070 -0.737480 -0.992635
v 0.677070 -0.737480 -0.992635
v 0.677070 -0.737480 -0.992635
v 0.677070 -0.737480 -0.992635
v 0.677070 -0.737480 -0.992635
v 0.677070 -0.737480 -0.992635
v 0.676049 -0.712694 -1.017538
v 0.676049 -0.712694 -1.017538
v 0.676049 -0.712694 -1.017538
v 0.676049 -0.712694 -1.017538
v 0.676049 -0.712694 -1.017538
v 0.664223 -0.723488 -1.017538
v 0.664223 -0.723488 -1.017538
v 0.664223 -0.723488 -1.017538
v 0.664223 -0.723488 -1.017538
v 0.664223 -0.723488 -1.017538
v 0.664223 -0.723488 -1.017538
v 0.652222 -0.734095 -1.017538
v 0.652222 -0.734095 -1.017538
v 0.652222 -0.734095 -1.017538
v 0.652222 -0.734095 -1.017538
v 0.672405 -0.869114 -0.209079
v 0.672405 -0.869114 -0.209079
v 0.672405 -0.869114 -0.209079
v 0.672405 -0.869114 -0.209079
v 0.672405 -0.869114 -0.209079
v 0.672405 -0.869114 -0.209079
v 0.672405 -0.869114 -0.209079
v 0.708604 -0.839935 -0.209079
v 0.708604 -0.839935 -0.209079
v 0.708604 -0.839935 -0.209079
v 0.708604 -0.839935 -0.209079
v 0.708604 -0.839935 -0.209079
v 0.743526 -0.809250 -0.209079
v 0.743526 -0.809250 -0.209079
v 0.743526 -0.809250 -0.209079
v 0.743526 -0.809250 -0.209079
v 0.743526 -0.809250 -0.209079
v 0.743526 -0.809250 -0.209079
v 0.777097 -0.777098 -0.209079
v 0.777097 -0.777098 -0.209079
v 0.777097 -0.777098 -0.209079
v 0.777097 -0.777098 -0.209079
v 0.777097 -0.777098 -0.209079
v 0.777097 -0.777098 -0.209079
v 0.815195 -0.736992 -0.208483
v 0.815195 -0.736992 -0.208483
v 0.815195 -0.736992 -0.208483
v 0.815195 -0.736992 -0.208483
v 0.815195 -0.736992 -0.208483
v 0.815195 -0.736992 -0.208483
v 0.923974 -0.731544 -0.735933
v 0.923974 -0.731544 -0.735933
v 0.923974 -0.731544 -0.735933
v 0.923974 -0.731544 -0.735933
v 0.923974 -0.731544 -0.735933
v 0.923974 -0.731544 -0.735933
v 0.923974 -0.731544 -0.735933
v 0.716801 0.934128 -0.835106
v 0.716801 0.934128 -0.835106
v 0.716801 0.934128 -0.835106
v 0.716801 0.934128 -0.835106
v 0.697293 0.908705 -0.834936
v 0.697293 0.908705 -0.834936
v 0.697293 0.908705 -0.834936
v 0.697293 0.908705 -0.834936
v 0.697293 0.908705 -0.834936
v 0.810021 0.810021 -0.834936
v 0.810021 0.810021 -0.834936
v 0.810021 0.810021 -0.834936
v 0.810021 0.810021 -0.834936
v 0.810021 0.810021 -0.834936
v 0.832683 0.832684 -0.835106
v 0.832683 0.832684 -0.835106
v 0.832683 0.832684 -0.835106
v 0.832683 0.832684 -0.835106
v 0.588656 1.019621 -0.835106
v 0.588656 1.019621 -0.835106
v 0.588656 1.019621 -0.835106
v 0.588656 1.019621 -0.835106
v 0.572635 0.991871 -0.834936
v 0.572635 0.991871 -0.834936
v 0.572635 0.991871 -0.834936
v 0.572635 0.991871 -0.834936
v 0.572635 0.991871 -0.834936
v 0.450547 1.087845 -0.835106
v 0.450547 1.087845 -0.835106
v 0.450547 1.087845 -0.835106
v 0.450547 1.087845 -0.835106
v 0.438285 1.058237 -0.834936
v 0.438285 1.058237 -0.834936
v 0.438285 1.058237 -0.834936
v 0.438285 1.058237 -0.834936
v 0.438285 1.058237 -0.834936
v 0.438285 1.058237 -0.834936
v 0.304783 1.137466 -0.835106
v 0.304783 1.137466 -0.835106
v 0.304783 1.137466 -0.835106
v 0.304783 1.137466 -0.835106
v 0.304783 1.137466 -0.835106
v 0.296488 1.106510 -0.834936
v 0.296488 1.106510 -0.834936
v 0.296488 1.106510 -0.834936
v 0.296488 1.106510 -0.834936
v 0.296488 1.106510 -0.834936
v 0.153705 1.167379 -0.835106
v 0.153705 1.167379 -0.835106
v 0.153705 1.167379 -0.835106
v 0.153705 1.167379 -0.835106
v 0.149521 1.135607 -0.834936
v 0.149521 1.135607 -0.834936
v 0.149521 1.135607 -0.834936
v 0.149521 1.135607 -0.834936
v 0.149521 1.135607 -0.834936
v -0.000019 1.177345 -0.835106
v -0.000019 1.177345 -0.835106
v -0.000019 1.177345 -0.835106
v -0.000019 1.177345 -0.835106
v -0.000019 1.145304 -0.834936
v -0.000019 1.145304 -0.834936
v -0.000019 1.145304 -0.834936
v -0.000019 1.145304 -0.834936
v -0.000019 1.145304 -0.834936
v -0.153737 1.167374 -0.835106
v -0.153737 1.167374 -0.835106
v -0.153737 1.167374 -0.835106
v -0.153737 1.167374 -0.835106
v -0.149553 1.135603 -0.834936
v -0.149553 1.135603 -0.834936
v -0.149553 1.135603 -0.834936
v -0.149553 1.135603 -0.834936
v -0.149553 1.135603 -0.834936
v -0.304783 1.137466 -0.835106
v -0.304783 1.137466 -0.835106
v -0.304783 1.137466 -0.835106
v -0.304783 1.137466 -0.835106
v -0.296488 1.106510 -0.834936
v -0.296488 1.106510 -0.834936
v -0.296488 1.106510 -0.834936
v -0.296488 1.106510 -0.834936
v -0.296488 1.106510 -0.834936
v -0.296488 1.106510 -0.834936
v -0.450577 1.087831 -0.835106
v -0.450577 1.087831 -0.835106
v -0.450577 1.087831 -0.835106
v -0.450577 1.087831 -0.835106
v -0.450577 1.087831 -0.835106
v -0.438314 1.058226 -0.834936
v -0.438314 1.058226 -0.834936
v -0.438314 1.058226 -0.834936
v -0.438314 1.058226 -0.834936
v -0.438314 1.058226 -0.834936
v -0.588689 1.019602 -0.835106
v -0.588689 1.019602 -0.835106
v -0.588689 1.019602 -0.835106
v -0.588689 1.019602 -0.835106
v -0.572667 0.991852 -0.834936
v -0.572667 0.991852 -0.834936
v -0.572667 0.991852 -0.834936
v -0.572667 0.991852 -0.834936
v -0.572667 0.991852 -0.834936
v -0.716827 0.934107 -0.835106
v -0.716827 0.934107 -0.835106
v -0.716827 0.934107 -0.835106
v -0.716827 0.934107 -0.835106
v -0.697318 0.908686 -0.834936
v -0.697318 0.908686 -0.834936
v -0.697318 0.908686 -0.834936
v -0.697318 0.908686 -0.834936
v -0.697318 0.908686 -0.834936
v -0.832683 0.832684 -0.835106
v -0.832683 0.832684 -0.835106
v -0.832683 0.832684 -0.835106
v -0.832683 0.832684 -0.835106
v -0.810021 0.810020 -0.834936
v -0.810021 0.810020 -0.834936
v -0.810021 0.810020 -0.834936
v -0.810021 0.810020 -0.834936
v -0.810021 0.810020 -0.834936
v -0.934127 0.716801 -0.835106
v -0.934127 0.716801 -0.835106
v -0.934127 0.716801 -0.835106
v -0.934127 0.716801 -0.835106
v -0.908704 0.697294 -0.834936
v -0.908704 0.697294 -0.834936
v -0.908704 0.697294 -0.834936
v -0.908704 0.697294 -0.834936
v -0.908704 0.697294 -0.834936
v -1.019620 0.588655 -0.835106
v -1.019620 0.588655 -0.835106
v -1.019620 0.588655 -0.835106
v -1.019620 0.588655 -0.835106
v -0.991871 0.572636 -0.834936
v -0.991871 0.572636 -0.834936
v -0.991871 0.572636 -0.834936
v -0.991871 0.572636 -0.834936
v -0.991871 0.572636 -0.834936
v -1.087844 0.450548 -0.835106
v -1.087844 0.450548 -0.835106
v -1.087844 0.450548 -0.835106
v -1.087844 0.450548 -0.835106
v -1.058237 0.438286 -0.834936
v -1.058237 0.438286 -0.834936
v -1.058237 0.438286 -0.834936
v -1.058237 0.438286 -0.834936
v -1.058237 0.438286 -0.834936
v -1.137466 0.304783 -0.835106
v -1.137466 0.304783 -0.835106
v -1.137466 0.304783 -0.835106
v -1.137466 0.304783 -0.835106
v -1.106509 0.296488 -0.834936
v -1.106509 0.296488 -0.834936
v -1.106509 0.296488 -0.834936
v -1.106509 0.296488 -0.834936
v -1.106509 0.296488 -0.834936
v -1.167378 0.153706 -0.835106
v -1.167378 0.153706 -0.835106
v -1.167378 0.153706 -0.835106
v -1.167378 0.153706 -0.835106
v -1.135607 0.149523 -0.834936
v -1.135607 0.149523 -0.834936
v -1.135607 0.149523 -0.834936
v -1.135607 0.149523 -0.834936
v -1.135607 0.149523 -0.834936
v -1.177345 -0.000019 -0.835106
v -1.177345 -0.000019 -0.835106
v -1.177345 -0.000019 -0.835106
v -1.177345 -0.000019 -0.835106
v -1.145303 -0.000019 -0.834936
v -1.145303 -0.000019 -0.834936
v -1.145303 -0.000019 -0.834936
v -1.145303 -0.000019 -0.834936
v -1.145303 -0.000019 -0.834936
v -1.167374 -0.153736 -0.835106
v -1.167374 -0.153736 -0.835106
v -1.167374 -0.153736 -0.835106
v -1.167374 -0.153736 -0.835106
v -1.135603 -0.149551 -0.834936
v -1.135603 -0.149551 -0.834936
v -1.135603 -0.149551 -0.834936
v -1.135603 -0.149551 -0.834936
v -1.135603 -0.149551 -0.834936
v -1.137466 -0.304783 -0.835106
v -1.137466 -0.304783 -0.835106
v -1.137466 -0.304783 -0.835106
v -1.137466 -0.304783 -0.835106
v -1.106509 -0.296488 -0.834936
v -1.106509 -0.296488 -0.834936
v -1.106509 -0.296488 -0.834936
v -1.106509 -0.296488 -0.834936
v -1.106509 -0.296488 -0.834936
v -1.087831 -0.450577 -0.835106
v -1.087831 -0.450577 -0.835106
v -1.087831 -0.450577 -0.835106
v -1.087831 -0.450577 -0.835106
v -1.058225 -0.438314 -0.834936
v -1.058225 -0.438314 -0.834936
v -1.058225 -0.438314 -0.834936
v -1.058225 -0.438314 -0.834936
v -1.058225 -0.438314 -0.834936
v -1.019601 -0.588688 -0.835106
v -1.019601 -0.588688 -0.835106
v -1.019601 -0.588688 -0.835106
v -1.019601 -0.588688 -0.835106
v -0.991852 -0.572666 -0.834936
v -0.991852 -0.572666 -0.834936
v -0.991852 -0.572666 -0.834936
v -0.991852 -0.572666 -0.834936
v -0.991852 -0.572666 -0.834936
v -0.934107 -0.716827 -0.835106
v -0.934107 -0.716827 -0.835106
v -0.934107 -0.716827 -0.835106
v -0.934107 -0.716827 -0.835106
v -0.908685 -0.697317 -0.834936
v -0.908685 -0.697317 -0.834936
v -0.908685 -0.697317 -0.834936
v -0.908685 -0.697317 -0.834936
v -0.908685 -0.697317 -0.834936
v -0.832683 -0.832682 -0.835106
v -0.832683 -0.832682 -0.835106
v -0.832683 -0.832682 -0.835106
v -0.832683 -0.832682 -0.835106
v -0.810021 -0.810021 -0.834936
v -0.810021 -0.810021 -0.834936
v -0.810021 -0.810021 -0.834936
v -0.810021 -0.810021 -0.834936
v -0.810021 -0.810021 -0.834936
v -0.716801 -0.934126 -0.835106
v -0.716801 -0.934126 -0.835106
v -0.716801 -0.934126 -0.835106
v -0.716801 -0.934126 -0.835106
v -0.697293 -0.908703 -0.834936
v -0.697293 -0.908703 -0.834936
v -0.697293 -0.908703 -0.834936
v -0.697293 -0.908703 -0.834936
v -0.697293 -0.908703 -0.834936
v -0.588656 -1.019619 -0.835106
v -0.588656 -1.019619 -0.835106
v -0.588656 -1.019619 -0.835106
v -0.588656 -1.019619 -0.835106
v -0.572635 -0.991871 -0.834936
v -0.572635 -0.991871 -0.834936
v -0.572635 -0.991871 -0.834936
v -0.572635 -0.991871 -0.834936
v -0.572635 -0.991871 -0.834936
v -0.450547 -1.087843 -0.835106
v -0.450547 -1.087843 -0.835106
v -0.450547 -1.087843 -0.835106
v -0.450547 -1.087843 -0.835106
v -0.438285 -1.058237 -0.834936
v -0.438285 -1.058237 -0.834936
v -0.438285 -1.058237 -0.834936
v -0.438285 -1.058237 -0.834936
v -0.438285 -1.058237 -0.834936
v -0.438285 -1.058237 -0.834936
v -0.304783 -1.137466 -0.835106
v -0.304783 -1.137466 -0.835106
v -0.304783 -1.137466 -0.835106
v -0.304783 -1.137466 -0.835106
v -0.304783 -1.137466 -0.835106
v -0.296488 -1.106508 -0.834936
v -0.296488 -1.106508 -0.834936
v -0.296488 -1.106508 -0.834936
v -0.296488 -1.106508 -0.834936
v -0.296488 -1.106508 -0.834936
v -0.153705 -1.167377 -0.835106
v -0.153705 -1.167377 -0.835106
v -0.153705 -1.167377 -0.835106
v -0.153705 -1.167377 -0.835106
v -0.149521 -1.135607 -0.834936
v -0.149521 -1.135607 -0.834936
v -0.149521 -1.135607 -0.834936
v -0.149521 -1.135607 -0.834936
v -0.149521 -1.135607 -0.834936
v 0.000019 -1.177345 -0.835106
v 0.000019 -1.177345 -0.835106
v 0.000019 -1.177345 -0.835106
v 0.000019 -1.177345 -0.835106
v 0.000019 -1.145302 -0.834936
v 0.000019 -1.145302 -0.834936
v 0.000019 -1.145302 -0.834936
v 0.000019 -1.145302 -0.834936
v 0.000019 -1.145302 -0.834936
v 0.153737 -1.167374 -0.835106
v 0.153737 -1.167374 -0.835106
v 0.153737 -1.167374 -0.835106
v 0.153737 -1.167374 -0.835106
v 0.149553 -1.135603 -0.834936
v 0.149553 -1.135603 -0.834936
v 0.149553 -1.135603 -0.834936
v 0.149553 -1.135603 -0.834936
v 0.149553 -1.135603 -0.834936
v 0.304783 -1.137466 -0.835106
v 0.304783 -1.137466 -0.835106
v 0.304783 -1.137466 -0.835106
v 0.304783 -1.137466 -0.835106
v 0.296488 -1.106508 -0.834936
v 0.296488 -1.106508 -0.834936
v 0.296488 -1.106508 -0.834936
v 0.296488 -1.106508 -0.834936
v 0.296488 -1.106508 -0.834936
v 0.296488 -1.106508 -0.834936
v 0.450577 -1.087831 -0.835106
v 0.450577 -1.087831 -0.835106
v 0.450577 -1.087831 -0.835106
v 0.450577 -1.087831 -0.835106
v 0.450577 -1.087831 -0.835106
v 0.438314 -1.058226 -0.834936
v 0.438314 -1.058226 -0.834936
v 0.438314 -1.058226 -0.834936
v 0.438314 -1.058226 -0.834936
v 0.438314 -1.058226 -0.834936
v 0.588689 -1.019600 -0.835106
v 0.588689 -1.019600 -0.835106
v 0.588689 -1.019600 -0.835106
v 0.588689 -1.019600 -0.835106
v 0.572667 -0.991852 -0.834936
v 0.572667 -0.991852 -0.834936
v 0.572667 -0.991852 -0.834936
v 0.572667 -0.991852 -0.834936
v 0.572667 -0.991852 -0.834936
v 0.716827 -0.934107 -0.835106
v 0.716827 -0.934107 -0.835106
v 0.716827 -0.934107 -0.835106
v 0.716827 -0.934107 -0.835106
v 0.697318 -0.908684 -0.834936
v 0.697318 -0.908684 -0.834936
v 0.697318 -0.908684 -0.834936
v 0.697318 -0.908684 -0.834936
v 0.697318 -0.908684 -0.834936
v 0.832683 -0.832682 -0.835106
v 0.832683 -0.832682 -0.835106
v 0.832683 -0.832682 -0.835106
v 0.832683 -0.832682 -0.835106
v 0.810021 -0.810020 -0.834936
v 0.810021 -0.810020 -0.834936
v 0.810021 -0.810020 -0.834936
v 0.810021 -0.810020 -0.834936
v 0.810021 -0.810020 -0.834936
v 0.934127 -0.716801 -0.835106
v 0.934127 -0.716801 -0.835106
v 0.934127 -0.716801 -0.835106
v 0.934127 -0.716801 -0.835106
v 0.908704 -0.697292 -0.834936
v 0.908704 -0.697292 -0.834936
v 0.908704 -0.697292 -0.834936
v 0.908704 -0.697292 -0.834936
v 0.908704 -0.697292 -0.834936
v 1.019620 -0.588655 -0.835106
v 1.019620 -0.588655 -0.835106
v 1.019620 -0.588655 -0.835106
v 1.019620 -0.588655 -0.835106
v 0.991871 -0.572636 -0.834936
v 0.991871 -0.572636 -0.834936
v 0.991871 -0.572636 -0.834936
v 0.991871 -0.572636 -0.834936
v 0.991871 -0.572636 -0.834936
v 1.087844 -0.450546 -0.835106
v 1.087844 -0.450546 -0.835106
v 1.087844 -0.450546 -0.835106
v 1.087844 -0.450546 -0.835106
v 1.058237 -0.438284 -0.834936
v 1.058237 -0.438284 -0.834936
v 1.058237 -0.438284 -0.834936
v 1.058237 -0.438284 -0.834936
v 1.058237 -0.438284 -0.834936
v 1.137466 -0.304783 -0.835106
v 1.137466 -0.304783 -0.835106
v 1.137466 -0.304783 -0.835106
v 1.137466 -0.304783 -0.835106
v 1.106509 -0.296488 -0.834936
v 1.106509 -0.296488 -0.834936
v 1.106509 -0.296488 -0.834936
v 1.106509 -0.296488 -0.834936
v 1.106509 -0.296488 -0.834936
v 1.167378 -0.153704 -0.835106
v 1.167378 -0.153704 -0.835106
v 1.167378 -0.153704 -0.835106
v 1.167378 -0.153704 -0.835106
v 1.135607 -0.149521 -0.834936
v 1.135607 -0.149521 -0.834936
v 1.135607 -0.149521 -0.834936
v 1.135607 -0.149521 -0.834936
v 1.135607 -0.149521 -0.834936
v 1.177345 0.000019 -0.835106
v 1.177345 0.000019 -0.835106
v 1.177345 0.000019 -0.835106
v 1.177345 0.000019 -0.835106
v 1.145303 0.000019 -0.834936
v 1.145303 0.000019 -0.834936
v 1.145303 0.000019 -0.834936
v 1.145303 0.000019 -0.834936
v 1.145303 0.000019 -0.834936
v 1.167374 0.153738 -0.835106
v 1.167374 0.153738 -0.835106
v 1.167374 0.153738 -0.835106
v 1.167374 0.153738 -0.835106
v 1.135603 0.149553 -0.834936
v 1.135603 0.149553 -0.834936
v 1.135603 0.149553 -0.834936
v 1.135603 0.149553 -0.834936
v 1.135603 0.149553 -0.834936
v 1.137466 0.304783 -0.835106
v 1.137466 0.304783 -0.835106
v 1.137466 0.304783 -0.835106
v 1.137466 0.304783 -0.835106
v 1.106509 0.296488 -0.834936
v 1.106509 0.296488 -0.834936
v 1.106509 0.296488 -0.834936
v 1.106509 0.296488 -0.834936
v 1.106509 0.296488 -0.834936
v 1.087831 0.450577 -0.835106
v 1.087831 0.450577 -0.835106
v 1.087831 0.450577 -0.835106
v 1.087831 0.450577 -0.835106
v 1.058225 0.438314 -0.834936
v 1.058225 0.438314 -0.834936
v 1.058225 0.438314 -0.834936
v 1.058225 0.438314 -0.834936
v 1.058225 0.438314 -0.834936
v 1.019601 0.588690 -0.835106
v 1.019601 0.588690 -0.835106
v 1.019601 0.588690 -0.835106
v 1.019601 0.588690 -0.835106
v 0.991852 0.572668 -0.834936
v 0.991852 0.572668 -0.834936
v 0.991852 0.572668 -0.834936
v 0.991852 0.572668 -0.834936
v 0.991852 0.572668 -0.834936
v 0.934107 0.716827 -0.835106
v 0.934107 0.716827 -0.835106
v 0.934107 0.716827 -0.835106
v 0.934107 0.716827 -0.835106
v 0.908685 0.697319 -0.834936
v 0.908685 0.697319 -0.834936
v 0.908685 0.697319 -0.834936
v 0.908685 0.697319 -0.834936
v 0.908685 0.697319 -0.834936
v 0.736927 0.960356 -0.837866
v 0.736927 0.960356 -0.837866
v 0.736927 0.960356 -0.837866
v 0.736927 0.960356 -0.837866
v 0.856063 0.856064 -0.837866
v 0.856063 0.856064 -0.837866
v 0.856063 0.856064 -0.837866
v 0.856063 0.856064 -0.837866
v 0.605184 1.048248 -0.837866
v 0.605184 1.048248 -0.837866
v 0.605184 1.048248 -0.837866
v 0.605184 1.048248 -0.837866
v 0.463197 1.118389 -0.837866
v 0.463197 1.118389 -0.837866
v 0.463197 1.118389 -0.837866
v 0.463197 1.118389 -0.837866
v 0.313341 1.169403 -0.837866
v 0.313341 1.169403 -0.837866
v 0.313341 1.169403 -0.837866
v 0.313341 1.169403 -0.837866
v 0.158020 1.200155 -0.837866
v 0.158020 1.200155 -0.837866
v 0.158020 1.200155 -0.837866
v 0.158020 1.200155 -0.837866
v -0.000020 1.210402 -0.837866
v -0.000020 1.210402 -0.837866
v -0.000020 1.210402 -0.837866
v -0.000020 1.210402 -0.837866
v -0.000020 1.210402 -0.837866
v -0.158053 1.200151 -0.837866
v -0.158053 1.200151 -0.837866
v -0.158053 1.200151 -0.837866
v -0.158053 1.200151 -0.837866
v -0.313341 1.169403 -0.837866
v -0.313341 1.169403 -0.837866
v -0.313341 1.169403 -0.837866
v -0.313341 1.169403 -0.837866
v -0.463228 1.118376 -0.837866
v -0.463228 1.118376 -0.837866
v -0.463228 1.118376 -0.837866
v -0.463228 1.118376 -0.837866
v -0.605218 1.048229 -0.837866
v -0.605218 1.048229 -0.837866
v -0.605218 1.048229 -0.837866
v -0.605218 1.048229 -0.837866
v -0.736954 0.960335 -0.837866
v -0.736954 0.960335 -0.837866
v -0.736954 0.960335 -0.837866
v -0.736954 0.960335 -0.837866
v -0.856063 0.856064 -0.837866
v -0.856063 0.856064 -0.837866
v -0.856063 0.856064 -0.837866
v -0.856063 0.856064 -0.837866
v -0.856063 0.856064 -0.837866
v -0.960355 0.736927 -0.837866
v -0.960355 0.736927 -0.837866
v -0.960355 0.736927 -0.837866
v -0.960355 0.736927 -0.837866
v -1.048249 0.605184 -0.837866
v -1.048249 0.605184 -0.837866
v -1.048249 0.605184 -0.837866
v -1.048249 0.605184 -0.837866
v -1.118388 0.463198 -0.837866
v -1.118388 0.463198 -0.837866
v -1.118388 0.463198 -0.837866
v -1.118388 0.463198 -0.837866
v -1.169403 0.313341 -0.837866
v -1.169403 0.313341 -0.837866
v -1.169403 0.313341 -0.837866
v -1.169403 0.313341 -0.837866
v -1.200155 0.158020 -0.837866
v -1.200155 0.158020 -0.837866
v -1.200155 0.158020 -0.837866
v -1.200155 0.158020 -0.837866
v -1.210402 -0.000019 -0.837866
v -1.210402 -0.000019 -0.837866
v -1.210402 -0.000019 -0.837866
v -1.210402 -0.000019 -0.837866
v -1.200151 -0.158053 -0.837866
v -1.200151 -0.158053 -0.837866
v -1.200151 -0.158053 -0.837866
v -1.200151 -0.158053 -0.837866
v -1.169403 -0.313341 -0.837866
v -1.169403 -0.313341 -0.837866
v -1.169403 -0.313341 -0.837866
v -1.169403 -0.313341 -0.837866
v -1.118375 -0.463228 -0.837866
v -1.118375 -0.463228 -0.837866
v -1.118375 -0.463228 -0.837866
v -1.118375 -0.463228 -0.837866
v -1.048229 -0.605217 -0.837866
v -1.048229 -0.605217 -0.837866
v -1.048229 -0.605217 -0.837866
v -1.048229 -0.605217 -0.837866
v -0.960335 -0.736954 -0.837866
v -0.960335 -0.736954 -0.837866
v -0.960335 -0.736954 -0.837866
v -0.960335 -0.736954 -0.837866
v -0.856063 -0.856062 -0.837866
v -0.856063 -0.856062 -0.837866
v -0.856063 -0.856062 -0.837866
v -0.856063 -0.856062 -0.837866
v -0.736927 -0.960354 -0.837866
v -0.736927 -0.960354 -0.837866
v -0.736927 -0.960354 -0.837866
v -0.736927 -0.960354 -0.837866
v -0.605184 -1.048248 -0.837866
v -0.605184 -1.048248 -0.837866
v -0.605184 -1.048248 -0.837866
v -0.605184 -1.048248 -0.837866
v -0.463197 -1.118387 -0.837866
v -0.463197 -1.118387 -0.837866
v -0.463197 -1.118387 -0.837866
v -0.463197 -1.118387 -0.837866
v -0.313341 -1.169403 -0.837866
v -0.313341 -1.169403 -0.837866
v -0.313341 -1.169403 -0.837866
v -0.313341 -1.169403 -0.837866
v -0.158020 -1.200155 -0.837866
v -0.158020 -1.200155 -0.837866
v -0.158020 -1.200155 -0.837866
v -0.158020 -1.200155 -0.837866
v 0.000020 -1.210402 -0.837866
v 0.000020 -1.210402 -0.837866
v 0.000020 -1.210402 -0.837866
v 0.000020 -1.210402 -0.837866
v 0.000020 -1.210402 -0.837866
v 0.158053 -1.200151 -0.837866
v 0.158053 -1.200151 -0.837866
v 0.158053 -1.200151 -0.837866
v 0.158053 -1.200151 -0.837866
v 0.313341 -1.169403 -0.837866
v 0.313341 -1.169403 -0.837866
v 0.313341 -1.169403 -0.837866
v 0.313341 -1.169403 -0.837866
v 0.463228 -1.118374 -0.837866
v 0.463228 -1.118374 -0.837866
v 0.463228 -1.118374 -0.837866
v 0.463228 -1.118374 -0.837866
v 0.605218 -1.048229 -0.837866
v 0.605218 -1.048229 -0.837866
v 0.605218 -1.048229 -0.837866
v 0.605218 -1.048229 -0.837866
v 0.736954 -0.960335 -0.837866
v 0.736954 -0.960335 -0.837866
v 0.736954 -0.960335 -0.837866
v 0.736954 -0.960335 -0.837866
v 0.856063 -0.856062 -0.837866
v 0.856063 -0.856062 -0.837866
v 0.856063 -0.856062 -0.837866
v 0.856063 -0.856062 -0.837866
v 0.960355 -0.736927 -0.837866
v 0.960355 -0.736927 -0.837866
v 0.960355 -0.736927 -0.837866
v 0.960355 -0.736927 -0.837866
v 1.048249 -0.605183 -0.837866
v 1.048249 -0.605183 -0.837866
v 1.048249 -0.605183 -0.837866
v 1.048249 -0.605183 -0.837866
v 1.118388 -0.463198 -0.837866
v 1.118388 -0.463198 -0.837866
v 1.118388 -0.463198 -0.837866
v 1.118388 -0.463198 -0.837866
v 1.169403 -0.313341 -0.837866
v 1.169403 -0.313341 -0.837866
v 1.169403 -0.313341 -0.837866
v 1.169403 -0.313341 -0.837866
v 1.200155 -0.158020 -0.837866
v 1.200155 -0.158020 -0.837866
v 1.200155 -0.158020 -0.837866
v 1.200155 -0.158020 -0.837866
v 1.210402 0.000021 -0.837866
v 1.210402 0.000021 -0.837866
v 1.210402 0.000021 -0.837866
v 1.210402 0.000021 -0.837866
v 1.200151 0.158054 -0.837866
v 1.200151 0.158054 -0.837866
v 1.200151 0.158054 -0.837866
v 1.200151 0.158054 -0.837866
v 1.169403 0.313341 -0.837866
v 1.169403 0.313341 -0.837866
v 1.169403 0.313341 -0.837866
v 1.169403 0.313341 -0.837866
v 1.118375 0.463228 -0.837866
v 1.118375 0.463228 -0.837866
v 1.118375 0.463228 -0.837866
v 1.118375 0.463228 -0.837866
v 1.048229 0.605219 -0.837866
v 1.048229 0.605219 -0.837866
v 1.048229 0.605219 -0.837866
v 1.048229 0.605219 -0.837866
v 0.960335 0.736954 -0.837866
v 0.960335 0.736954 -0.837866
v 0.960335 0.736954 -0.837866
v 0.960335 0.736954 -0.837866
v 0.752496 0.980644 -0.851691
v 0.752496 0.980644 -0.851691
v 0.752496 0.980644 -0.851691
v 0.752496 0.980644 -0.851691
v 0.874148 0.874149 -0.851691
v 0.874148 0.874149 -0.851691
v 0.874148 0.874149 -0.851691
v 0.874148 0.874149 -0.851691
v 0.617969 1.070395 -0.851691
v 0.617969 1.070395 -0.851691
v 0.617969 1.070395 -0.851691
v 0.617969 1.070395 -0.851691
v 0.617969 1.070395 -0.851691
v 0.472983 1.142015 -0.851691
v 0.472983 1.142015 -0.851691
v 0.472983 1.142015 -0.851691
v 0.472983 1.142015 -0.851691
v 0.319960 1.194109 -0.851691
v 0.319960 1.194109 -0.851691
v 0.319960 1.194109 -0.851691
v 0.319960 1.194109 -0.851691
v 0.319960 1.194109 -0.851691
v 0.161359 1.225510 -0.851691
v 0.161359 1.225510 -0.851691
v 0.161359 1.225510 -0.851691
v 0.161359 1.225510 -0.851691
v 0.161359 1.225510 -0.851691
v -0.000020 1.235973 -0.851691
v -0.000020 1.235973 -0.851691
v -0.000020 1.235973 -0.851691
v -0.000020 1.235973 -0.851691
v -0.000020 1.235973 -0.851691
v -0.161392 1.225506 -0.851691
v -0.161392 1.225506 -0.851691
v -0.161392 1.225506 -0.851691
v -0.161392 1.225506 -0.851691
v -0.161392 1.225506 -0.851691
v -0.161392 1.225506 -0.851691
v -0.319960 1.194109 -0.851691
v -0.319960 1.194109 -0.851691
v -0.319960 1.194109 -0.851691
v -0.319960 1.194109 -0.851691
v -0.473014 1.142002 -0.851691
v -0.473014 1.142002 -0.851691
v -0.473014 1.142002 -0.851691
v -0.473014 1.142002 -0.851691
v -0.618004 1.070374 -0.851691
v -0.618004 1.070374 -0.851691
v -0.618004 1.070374 -0.851691
v -0.618004 1.070374 -0.851691
v -0.618004 1.070374 -0.851691
v -0.752523 0.980623 -0.851691
v -0.752523 0.980623 -0.851691
v -0.752523 0.980623 -0.851691
v -0.752523 0.980623 -0.851691
v -0.874148 0.874149 -0.851691
v -0.874148 0.874149 -0.851691
v -0.874148 0.874149 -0.851691
v -0.874148 0.874149 -0.851691
v -0.980644 0.752497 -0.851691
v -0.980644 0.752497 -0.851691
v -0.980644 0.752497 -0.851691
v -0.980644 0.752497 -0.851691
v -0.980644 0.752497 -0.851691
v -1.070394 0.617969 -0.851691
v -1.070394 0.617969 -0.851691
v -1.070394 0.617969 -0.851691
v -1.070394 0.617969 -0.851691
v -1.142015 0.472982 -0.851691
v -1.142015 0.472982 -0.851691
v -1.142015 0.472982 -0.851691
v -1.142015 0.472982 -0.851691
v -1.142015 0.472982 -0.851691
v -1.194108 0.319961 -0.851691
v -1.194108 0.319961 -0.851691
v -1.194108 0.319961 -0.851691
v -1.194108 0.319961 -0.851691
v -1.194108 0.319961 -0.851691
v -1.225510 0.161360 -0.851691
v -1.225510 0.161360 -0.851691
v -1.225510 0.161360 -0.851691
v -1.225510 0.161360 -0.851691
v -1.235973 -0.000019 -0.851691
v -1.235973 -0.000019 -0.851691
v -1.235973 -0.000019 -0.851691
v -1.235973 -0.000019 -0.851691
v -1.225506 -0.161392 -0.851691
v -1.225506 -0.161392 -0.851691
v -1.225506 -0.161392 -0.851691
v -1.225506 -0.161392 -0.851691
v -1.225506 -0.161392 -0.851691
v -1.194108 -0.319960 -0.851691
v -1.194108 -0.319960 -0.851691
v -1.194108 -0.319960 -0.851691
v -1.194108 -0.319960 -0.851691
v -1.142002 -0.473015 -0.851691
v -1.142002 -0.473015 -0.851691
v -1.142002 -0.473015 -0.851691
v -1.142002 -0.473015 -0.851691
v -1.070374 -0.618004 -0.851691
v -1.070374 -0.618004 -0.851691
v -1.070374 -0.618004 -0.851691
v -1.070374 -0.618004 -0.851691
v -1.070374 -0.618004 -0.851691
v -0.980623 -0.752522 -0.851691
v -0.980623 -0.752522 -0.851691
v -0.980623 -0.752522 -0.851691
v -0.980623 -0.752522 -0.851691
v -0.980623 -0.752522 -0.851691
v -0.874148 -0.874147 -0.851691
v -0.874148 -0.874147 -0.851691
v -0.874148 -0.874147 -0.851691
v -0.874148 -0.874147 -0.851691
v -0.874148 -0.874147 -0.851691
v -0.752496 -0.980642 -0.851691
v -0.752496 -0.980642 -0.851691
v -0.752496 -0.980642 -0.851691
v -0.752496 -0.980642 -0.851691
v -0.617969 -1.070395 -0.851691
v -0.617969 -1.070395 -0.851691
v -0.617969 -1.070395 -0.851691
v -0.617969 -1.070395 -0.851691
v -0.472983 -1.142015 -0.851691
v -0.472983 -1.142015 -0.851691
v -0.472983 -1.142015 -0.851691
v -0.472983 -1.142015 -0.851691
v -0.472983 -1.142015 -0.851691
v -0.319960 -1.194109 -0.851691
v -0.319960 -1.194109 -0.851691
v -0.319960 -1.194109 -0.851691
v -0.319960 -1.194109 -0.851691
v -0.161359 -1.225510 -0.851691
v -0.161359 -1.225510 -0.851691
v -0.161359 -1.225510 -0.851691
v -0.161359 -1.225510 -0.851691
v 0.000020 -1.235973 -0.851691
v 0.000020 -1.235973 -0.851691
v 0.000020 -1.235973 -0.851691
v 0.000020 -1.235973 -0.851691
v 0.161392 -1.225506 -0.851691
v 0.161392 -1.225506 -0.851691
v 0.161392 -1.225506 -0.851691
v 0.161392 -1.225506 -0.851691
v 0.161392 -1.225506 -0.851691
v 0.319960 -1.194109 -0.851691
v 0.319960 -1.194109 -0.851691
v 0.319960 -1.194109 -0.851691
v 0.319960 -1.194109 -0.851691
v 0.319960 -1.194109 -0.851691
v 0.473014 -1.142002 -0.851691
v 0.473014 -1.142002 -0.851691
v 0.473014 -1.142002 -0.851691
v 0.473014 -1.142002 -0.851691
v 0.618004 -1.070374 -0.851691
v 0.618004 -1.070374 -0.851691
v 0.618004 -1.070374 -0.851691
v 0.618004 -1.070374 -0.851691
v 0.618004 -1.070374 -0.851691
v 0.752523 -0.980623 -0.851691
v 0.752523 -0.980623 -0.851691
v 0.752523 -0.980623 -0.851691
v 0.752523 -0.980623 -0.851691
v 0.874148 -0.874147 -0.851691
v 0.874148 -0.874147 -0.851691
v 0.874148 -0.874147 -0.851691
v 0.874148 -0.874147 -0.851691
v 0.980644 -0.752495 -0.851691
v 0.980644 -0.752495 -0.851691
v 0.980644 -0.752495 -0.851691
v 0.980644 -0.752495 -0.851691
v 1.070394 -0.617969 -0.851691
v 1.070394 -0.617969 -0.851691
v 1.070394 -0.617969 -0.851691
v 1.070394 -0.617969 -0.851691
v 1.142015 -0.472982 -0.851691
v 1.142015 -0.472982 -0.851691
v 1.142015 -0.472982 -0.851691
v 1.142015 -0.472982 -0.851691
v 1.142015 -0.472982 -0.851691
v 1.194108 -0.319960 -0.851691
v 1.194108 -0.319960 -0.851691
v 1.194108 -0.319960 -0.851691
v 1.194108 -0.319960 -0.851691
v 1.194108 -0.319960 -0.851691
v 1.225510 -0.161358 -0.851691
v 1.225510 -0.161358 -0.851691
v 1.225510 -0.161358 -0.851691
v 1.225510 -0.161358 -0.851691
v 1.235973 0.000021 -0.851691
v 1.235973 0.000021 -0.851691
v 1.235973 0.000021 -0.851691
v 1.235973 0.000021 -0.851691
v 1.225506 0.161392 -0.851691
v 1.225506 0.161392 -0.851691
v 1.225506 0.161392 -0.851691
v 1.225506 0.161392 -0.851691
v 1.225506 0.161392 -0.851691
v 1.194108 0.319962 -0.851691
v 1.194108 0.319962 -0.851691
v 1.194108 0.319962 -0.851691
v 1.194108 0.319962 -0.851691
v 1.142002 0.473015 -0.851691
v 1.142002 0.473015 -0.851691
v 1.142002 0.473015 -0.851691
v 1.142002 0.473015 -0.851691
v 1.070374 0.618004 -0.851691
v 1.070374 0.618004 -0.851691
v 1.070374 0.618004 -0.851691
v 1.070374 0.618004 -0.851691
v 1.070374 0.618004 -0.851691
v 0.980623 0.752523 -0.851691
v 0.980623 0.752523 -0.851691
v 0.980623 0.752523 -0.851691
v 0.980623 0.752523 -0.851691
v 0.758901 0.988991 -0.881011
v 0.758901 0.988991 -0.881011
v 0.758901 0.988991 -0.881011
v 0.758901 0.988991 -0.881011
v 0.881589 0.881590 -0.881011
v 0.881589 0.881590 -0.881011
v 0.881589 0.881590 -0.881011
v 0.881589 0.881590 -0.881011
v 0.623229 1.079506 -0.881011
v 0.623229 1.079506 -0.881011
v 0.623229 1.079506 -0.881011
v 0.623229 1.079506 -0.881011
v 0.477009 1.151737 -0.881011
v 0.477009 1.151737 -0.881011
v 0.477009 1.151737 -0.881011
v 0.477009 1.151737 -0.881011
v 0.477009 1.151737 -0.881011
v 0.322684 1.204273 -0.881011
v 0.322684 1.204273 -0.881011
v 0.322684 1.204273 -0.881011
v 0.322684 1.204273 -0.881011
v 0.322684 1.204273 -0.881011
v 0.162732 1.235943 -0.881011
v 0.162732 1.235943 -0.881011
v 0.162732 1.235943 -0.881011
v 0.162732 1.235943 -0.881011
v 0.162732 1.235943 -0.881011
v -0.000020 1.246494 -0.881011
v -0.000020 1.246494 -0.881011
v -0.000020 1.246494 -0.881011
v -0.000020 1.246494 -0.881011
v -0.000020 1.246494 -0.881011
v -0.162766 1.235937 -0.881011
v -0.162766 1.235937 -0.881011
v -0.162766 1.235937 -0.881011
v -0.162766 1.235937 -0.881011
v -0.162766 1.235937 -0.881011
v -0.162766 1.235937 -0.881011
v -0.322684 1.204273 -0.881011
v -0.322684 1.204273 -0.881011
v -0.322684 1.204273 -0.881011
v -0.322684 1.204273 -0.881011
v -0.322684 1.204273 -0.881011
v -0.477041 1.151724 -0.881011
v -0.477041 1.151724 -0.881011
v -0.477041 1.151724 -0.881011
v -0.477041 1.151724 -0.881011
v -0.623264 1.079485 -0.881011
v -0.623264 1.079485 -0.881011
v -0.623264 1.079485 -0.881011
v -0.623264 1.079485 -0.881011
v -0.758928 0.988970 -0.881011
v -0.758928 0.988970 -0.881011
v -0.758928 0.988970 -0.881011
v -0.758928 0.988970 -0.881011
v -0.758928 0.988970 -0.881011
v -0.758928 0.988970 -0.881011
v -0.881589 0.881590 -0.881011
v -0.881589 0.881590 -0.881011
v -0.881589 0.881590 -0.881011
v -0.881589 0.881590 -0.881011
v -0.881589 0.881590 -0.881011
v -0.988991 0.758902 -0.881011
v -0.988991 0.758902 -0.881011
v -0.988991 0.758902 -0.881011
v -0.988991 0.758902 -0.881011
v -1.079505 0.623230 -0.881011
v -1.079505 0.623230 -0.881011
v -1.079505 0.623230 -0.881011
v -1.079505 0.623230 -0.881011
v -1.151736 0.477009 -0.881011
v -1.151736 0.477009 -0.881011
v -1.151736 0.477009 -0.881011
v -1.151736 0.477009 -0.881011
v -1.204273 0.322685 -0.881011
v -1.204273 0.322685 -0.881011
v -1.204273 0.322685 -0.881011
v -1.204273 0.322685 -0.881011
v -1.204273 0.322685 -0.881011
v -1.235942 0.162733 -0.881011
v -1.235942 0.162733 -0.881011
v -1.235942 0.162733 -0.881011
v -1.235942 0.162733 -0.881011
v -1.235942 0.162733 -0.881011
v -1.246494 -0.000019 -0.881011
v -1.246494 -0.000019 -0.881011
v -1.246494 -0.000019 -0.881011
v -1.246494 -0.000019 -0.881011
v -1.235937 -0.162766 -0.881011
v -1.235937 -0.162766 -0.881011
v -1.235937 -0.162766 -0.881011
v -1.235937 -0.162766 -0.881011
v -1.204273 -0.322683 -0.881011
v -1.204273 -0.322683 -0.881011
v -1.204273 -0.322683 -0.881011
v -1.204273 -0.322683 -0.881011
v -1.204273 -0.322683 -0.881011
v -1.151723 -0.477039 -0.881011
v -1.151723 -0.477039 -0.881011
v -1.151723 -0.477039 -0.881011
v -1.151723 -0.477039 -0.881011
v -1.079485 -0.623264 -0.881011
v -1.079485 -0.623264 -0.881011
v -1.079485 -0.623264 -0.881011
v -1.079485 -0.623264 -0.881011
v -0.988970 -0.758928 -0.881011
v -0.988970 -0.758928 -0.881011
v -0.988970 -0.758928 -0.881011
v -0.988970 -0.758928 -0.881011
v -0.988970 -0.758928 -0.881011
v -0.881589 -0.881588 -0.881011
v -0.881589 -0.881588 -0.881011
v -0.881589 -0.881588 -0.881011
v -0.881589 -0.881588 -0.881011
v -0.881589 -0.881588 -0.881011
v -0.881589 -0.881588 -0.881011
v -0.758901 -0.988991 -0.881011
v -0.758901 -0.988991 -0.881011
v -0.758901 -0.988991 -0.881011
v -0.758901 -0.988991 -0.881011
v -0.758901 -0.988991 -0.881011
v -0.623229 -1.079504 -0.881011
v -0.623229 -1.079504 -0.881011
v -0.623229 -1.079504 -0.881011
v -0.623229 -1.079504 -0.881011
v -0.477009 -1.151735 -0.881011
v -0.477009 -1.151735 -0.881011
v -0.477009 -1.151735 -0.881011
v -0.477009 -1.151735 -0.881011
v -0.322684 -1.204273 -0.881011
v -0.322684 -1.204273 -0.881011
v -0.322684 -1.204273 -0.881011
v -0.322684 -1.204273 -0.881011
v -0.322684 -1.204273 -0.881011
v -0.322684 -1.204273 -0.881011
v -0.162732 -1.235941 -0.881011
v -0.162732 -1.235941 -0.881011
v -0.162732 -1.235941 -0.881011
v -0.162732 -1.235941 -0.881011
v 0.000020 -1.246492 -0.881011
v 0.000020 -1.246492 -0.881011
v 0.000020 -1.246492 -0.881011
v 0.000020 -1.246492 -0.881011
v 0.162766 -1.235937 -0.881011
v 0.162766 -1.235937 -0.881011
v 0.162766 -1.235937 -0.881011
v 0.162766 -1.235937 -0.881011
v 0.162766 -1.235937 -0.881011
v 0.322684 -1.204273 -0.881011
v 0.322684 -1.204273 -0.881011
v 0.322684 -1.204273 -0.881011
v 0.322684 -1.204273 -0.881011
v 0.477041 -1.151722 -0.881011
v 0.477041 -1.151722 -0.881011
v 0.477041 -1.151722 -0.881011
v 0.477041 -1.151722 -0.881011
v 0.477041 -1.151722 -0.881011
v 0.623264 -1.079485 -0.881011
v 0.623264 -1.079485 -0.881011
v 0.623264 -1.079485 -0.881011
v 0.623264 -1.079485 -0.881011
v 0.758928 -0.988970 -0.881011
v 0.758928 -0.988970 -0.881011
v 0.758928 -0.988970 -0.881011
v 0.758928 -0.988970 -0.881011
v 0.758928 -0.988970 -0.881011
v 0.758928 -0.988970 -0.881011
v 0.881589 -0.881588 -0.881011
v 0.881589 -0.881588 -0.881011
v 0.881589 -0.881588 -0.881011
v 0.881589 -0.881588 -0.881011
v 0.881589 -0.881588 -0.881011
v 0.988991 -0.758900 -0.881011
v 0.988991 -0.758900 -0.881011
v 0.988991 -0.758900 -0.881011
v 0.988991 -0.758900 -0.881011
v 1.079505 -0.623228 -0.881011
v 1.079505 -0.623228 -0.881011
v 1.079505 -0.623228 -0.881011
v 1.079505 -0.623228 -0.881011
v 1.151736 -0.477009 -0.881011
v 1.151736 -0.477009 -0.881011
v 1.151736 -0.477009 -0.881011
v 1.151736 -0.477009 -0.881011
v 1.204273 -0.322683 -0.881011
v 1.204273 -0.322683 -0.881011
v 1.204273 -0.322683 -0.881011
v 1.204273 -0.322683 -0.881011
v 1.204273 -0.322683 -0.881011
v 1.235942 -0.162731 -0.881011
v 1.235942 -0.162731 -0.881011
v 1.235942 -0.162731 -0.881011
v 1.235942 -0.162731 -0.881011
v 1.235942 -0.162731 -0.881011
v 1.246494 0.000021 -0.881011
v 1.246494 0.000021 -0.881011
v 1.246494 0.000021 -0.881011
v 1.246494 0.000021 -0.881011
v 1.235937 0.162767 -0.881011
v 1.235937 0.162767 -0.881011
v 1.235937 0.162767 -0.881011
v 1.235937 0.162767 -0.881011
v 1.204273 0.322685 -0.881011
v 1.204273 0.322685 -0.881011
v 1.204273 0.322685 -0.881011
v 1.204273 0.322685 -0.881011
v 1.204273 0.322685 -0.881011
v 1.151723 0.477041 -0.881011
v 1.151723 0.477041 -0.881011
v 1.151723 0.477041 -0.881011
v 1.151723 0.477041 -0.881011
v 1.079485 0.623264 -0.881011
v 1.079485 0.623264 -0.881011
v 1.079485 0.623264 -0.881011
v 1.079485 0.623264 -0.881011
v 0.988970 0.758928 -0.881011
v 0.988970 0.758928 -0.881011
v 0.988970 0.758928 -0.881011
v 0.988970 0.758928 -0.881011
v 0.988970 0.758928 -0.881011
v 0.988970 0.758928 -0.881011
v 0.760451 0.991011 -0.911618
v 0.760451 0.991011 -0.911618
v 0.760451 0.991011 -0.911618
v 0.760451 0.991011 -0.911618
v 0.883389 0.883389 -0.911618
v 0.883389 0.883389 -0.911618
v 0.883389 0.883389 -0.911618
v 0.883389 0.883389 -0.911618
v 0.883389 0.883389 -0.911618
v 0.883389 0.883389 -0.911618
v 0.624502 1.081711 -0.911618
v 0.624502 1.081711 -0.911618
v 0.624502 1.081711 -0.911618
v 0.624502 1.081711 -0.911618
v 0.477983 1.154089 -0.911618
v 0.477983 1.154089 -0.911618
v 0.477983 1.154089 -0.911618
v 0.477983 1.154089 -0.911618
v 0.323343 1.206732 -0.911618
v 0.323343 1.206732 -0.911618
v 0.323343 1.206732 -0.911618
v 0.323343 1.206732 -0.911618
v 0.163064 1.238466 -0.911618
v 0.163064 1.238466 -0.911618
v 0.163064 1.238466 -0.911618
v 0.163064 1.238466 -0.911618
v 0.163064 1.238466 -0.911618
v -0.000020 1.249039 -0.911618
v -0.000020 1.249039 -0.911618
v -0.000020 1.249039 -0.911618
v -0.000020 1.249039 -0.911618
v -0.163099 1.238461 -0.911618
v -0.163099 1.238461 -0.911618
v -0.163099 1.238461 -0.911618
v -0.163099 1.238461 -0.911618
v -0.323343 1.206732 -0.911618
v -0.323343 1.206732 -0.911618
v -0.323343 1.206732 -0.911618
v -0.323343 1.206732 -0.911618
v -0.323343 1.206732 -0.911618
v -0.478015 1.154076 -0.911618
v -0.478015 1.154076 -0.911618
v -0.478015 1.154076 -0.911618
v -0.478015 1.154076 -0.911618
v -0.624537 1.081690 -0.911618
v -0.624537 1.081690 -0.911618
v -0.624537 1.081690 -0.911618
v -0.624537 1.081690 -0.911618
v -0.760478 0.990990 -0.911618
v -0.760478 0.990990 -0.911618
v -0.760478 0.990990 -0.911618
v -0.760478 0.990990 -0.911618
v -0.883389 0.883388 -0.911618
v -0.883389 0.883388 -0.911618
v -0.883389 0.883388 -0.911618
v -0.883389 0.883388 -0.911618
v -0.883389 0.883388 -0.911618
v -0.883389 0.883388 -0.911618
v -0.991010 0.760450 -0.911618
v -0.991010 0.760450 -0.911618
v -0.991010 0.760450 -0.911618
v -0.991010 0.760450 -0.911618
v -0.991010 0.760450 -0.911618
v -1.081710 0.624502 -0.911618
v -1.081710 0.624502 -0.911618
v -1.081710 0.624502 -0.911618
v -1.081710 0.624502 -0.911618
v -1.154088 0.477983 -0.911618
v -1.154088 0.477983 -0.911618
v -1.154088 0.477983 -0.911618
v -1.154088 0.477983 -0.911618
v -1.206732 0.323343 -0.911618
v -1.206732 0.323343 -0.911618
v -1.206732 0.323343 -0.911618
v -1.206732 0.323343 -0.911618
v -1.238465 0.163065 -0.911618
v -1.238465 0.163065 -0.911618
v -1.238465 0.163065 -0.911618
v -1.238465 0.163065 -0.911618
v -1.249039 -0.000019 -0.911618
v -1.249039 -0.000019 -0.911618
v -1.249039 -0.000019 -0.911618
v -1.249039 -0.000019 -0.911618
v -1.238461 -0.163097 -0.911618
v -1.238461 -0.163097 -0.911618
v -1.238461 -0.163097 -0.911618
v -1.238461 -0.163097 -0.911618
v -1.206732 -0.323343 -0.911618
v -1.206732 -0.323343 -0.911618
v -1.206732 -0.323343 -0.911618
v -1.206732 -0.323343 -0.911618
v -1.154075 -0.478014 -0.911618
v -1.154075 -0.478014 -0.911618
v -1.154075 -0.478014 -0.911618
v -1.154075 -0.478014 -0.911618
v -1.081689 -0.624537 -0.911618
v -1.081689 -0.624537 -0.911618
v -1.081689 -0.624537 -0.911618
v -1.081689 -0.624537 -0.911618
v -0.990989 -0.760477 -0.911618
v -0.990989 -0.760477 -0.911618
v -0.990989 -0.760477 -0.911618
v -0.990989 -0.760477 -0.911618
v -0.883389 -0.883389 -0.911618
v -0.883389 -0.883389 -0.911618
v -0.883389 -0.883389 -0.911618
v -0.883389 -0.883389 -0.911618
v -0.883389 -0.883389 -0.911618
v -0.760451 -0.991011 -0.911618
v -0.760451 -0.991011 -0.911618
v -0.760451 -0.991011 -0.911618
v -0.760451 -0.991011 -0.911618
v -0.760451 -0.991011 -0.911618
v -0.624502 -1.081709 -0.911618
v -0.624502 -1.081709 -0.911618
v -0.624502 -1.081709 -0.911618
v -0.624502 -1.081709 -0.911618
v -0.477983 -1.154087 -0.911618
v -0.477983 -1.154087 -0.911618
v -0.477983 -1.154087 -0.911618
v -0.477983 -1.154087 -0.911618
v -0.323343 -1.206732 -0.911618
v -0.323343 -1.206732 -0.911618
v -0.323343 -1.206732 -0.911618
v -0.323343 -1.206732 -0.911618
v -0.163064 -1.238464 -0.911618
v -0.163064 -1.238464 -0.911618
v -0.163064 -1.238464 -0.911618
v -0.163064 -1.238464 -0.911618
v -0.163064 -1.238464 -0.911618
v 0.000020 -1.249039 -0.911618
v 0.000020 -1.249039 -0.911618
v 0.000020 -1.249039 -0.911618
v 0.000020 -1.249039 -0.911618
v 0.163099 -1.238461 -0.911618
v 0.163099 -1.238461 -0.911618
v 0.163099 -1.238461 -0.911618
v 0.163099 -1.238461 -0.911618
v 0.323343 -1.206732 -0.911618
v 0.323343 -1.206732 -0.911618
v 0.323343 -1.206732 -0.911618
v 0.323343 -1.206732 -0.911618
v 0.323343 -1.206732 -0.911618
v 0.478015 -1.154074 -0.911618
v 0.478015 -1.154074 -0.911618
v 0.478015 -1.154074 -0.911618
v 0.478015 -1.154074 -0.911618
v 0.624537 -1.081690 -0.911618
v 0.624537 -1.081690 -0.911618
v 0.624537 -1.081690 -0.911618
v 0.624537 -1.081690 -0.911618
v 0.760478 -0.990990 -0.911618
v 0.760478 -0.990990 -0.911618
v 0.760478 -0.990990 -0.911618
v 0.760478 -0.990990 -0.911618
v 0.883389 -0.883388 -0.911618
v 0.883389 -0.883388 -0.911618
v 0.883389 -0.883388 -0.911618
v 0.883389 -0.883388 -0.911618
v 0.883389 -0.883388 -0.911618
v 0.991010 -0.760450 -0.911618
v 0.991010 -0.760450 -0.911618
v 0.991010 -0.760450 -0.911618
v 0.991010 -0.760450 -0.911618
v 0.991010 -0.760450 -0.911618
v 1.081710 -0.624502 -0.911618
v 1.081710 -0.624502 -0.911618
v 1.081710 -0.624502 -0.911618
v 1.081710 -0.624502 -0.911618
v 1.154088 -0.477983 -0.911618
v 1.154088 -0.477983 -0.911618
v 1.154088 -0.477983 -0.911618
v 1.154088 -0.477983 -0.911618
v 1.206732 -0.323343 -0.911618
v 1.206732 -0.323343 -0.911618
v 1.206732 -0.323343 -0.911618
v 1.206732 -0.323343 -0.911618
v 1.238465 -0.163065 -0.911618
v 1.238465 -0.163065 -0.911618
v 1.238465 -0.163065 -0.911618
v 1.238465 -0.163065 -0.911618
v 1.249039 0.000021 -0.911618
v 1.249039 0.000021 -0.911618
v 1.249039 0.000021 -0.911618
v 1.249039 0.000021 -0.911618
v 1.238461 0.163099 -0.911618
v 1.238461 0.163099 -0.911618
v 1.238461 0.163099 -0.911618
v 1.238461 0.163099 -0.911618
v 1.206732 0.323343 -0.911618
v 1.206732 0.323343 -0.911618
v 1.206732 0.323343 -0.911618
v 1.206732 0.323343 -0.911618
v 1.154075 0.478016 -0.911618
v 1.154075 0.478016 -0.911618
v 1.154075 0.478016 -0.911618
v 1.154075 0.478016 -0.911618
v 1.154075 0.478016 -0.911618
v 1.081689 0.624537 -0.911618
v 1.081689 0.624537 -0.911618
v 1.081689 0.624537 -0.911618
v 1.081689 0.624537 -0.911618
v 0.990989 0.760479 -0.911618
v 0.990989 0.760479 -0.911618
v 0.990989 0.760479 -0.911618
v 0.990989 0.760479 -0.911618
v 0.760831 0.991507 -0.943630
v 0.760831 0.991507 -0.943630
v 0.760831 0.991507 -0.943630
v 0.760831 0.991507 -0.943630
v 0.760831 0.991507 -0.943630
v 0.760831 0.991507 -0.943630
v 0.760831 0.991507 -0.943630
v 0.883831 0.883831 -0.943630
v 0.883831 0.883831 -0.943630
v 0.883831 0.883831 -0.943630
v 0.883831 0.883831 -0.943630
v 0.883831 0.883831 -0.943630
v 0.883831 0.883831 -0.943630
v 0.624815 1.082253 -0.943630
v 0.624815 1.082253 -0.943630
v 0.624815 1.082253 -0.943630
v 0.624815 1.082253 -0.943630
v 0.624815 1.082253 -0.943630
v 0.624815 1.082253 -0.943630
v 0.478222 1.154667 -0.943630
v 0.478222 1.154667 -0.943630
v 0.478222 1.154667 -0.943630
v 0.478222 1.154667 -0.943630
v 0.478222 1.154667 -0.943630
v 0.478222 1.154667 -0.943630
v 0.323505 1.207336 -0.943630
v 0.323505 1.207336 -0.943630
v 0.323505 1.207336 -0.943630
v 0.323505 1.207336 -0.943630
v 0.323505 1.207336 -0.943630
v 0.323505 1.207336 -0.943630
v 0.163146 1.239086 -0.943630
v 0.163146 1.239086 -0.943630
v 0.163146 1.239086 -0.943630
v 0.163146 1.239086 -0.943630
v 0.163146 1.239086 -0.943630
v 0.163146 1.239086 -0.943630
v -0.000020 1.249664 -0.943630
v -0.000020 1.249664 -0.943630
v -0.000020 1.249664 -0.943630
v -0.000020 1.249664 -0.943630
v -0.000020 1.249664 -0.943630
v -0.000020 1.249664 -0.943630
v -0.163180 1.239082 -0.943630
v -0.163180 1.239082 -0.943630
v -0.163180 1.239082 -0.943630
v -0.163180 1.239082 -0.943630
v -0.163180 1.239082 -0.943630
v -0.163180 1.239082 -0.943630
v -0.323505 1.207336 -0.943630
v -0.323505 1.207336 -0.943630
v -0.323505 1.207336 -0.943630
v -0.323505 1.207336 -0.943630
v -0.323505 1.207336 -0.943630
v -0.323505 1.207336 -0.943630
v -0.478254 1.154654 -0.943630
v -0.478254 1.154654 -0.943630
v -0.478254 1.154654 -0.943630
v -0.478254 1.154654 -0.943630
v -0.478254 1.154654 -0.943630
v -0.478254 1.154654 -0.943630
v -0.624850 1.082232 -0.943630
v -0.624850 1.082232 -0.943630
v -0.624850 1.082232 -0.943630
v -0.624850 1.082232 -0.943630
v -0.624850 1.082232 -0.943630
v -0.624850 1.082232 -0.943630
v -0.760859 0.991486 -0.943630
v -0.760859 0.991486 -0.943630
v -0.760859 0.991486 -0.943630
v -0.760859 0.991486 -0.943630
v -0.760859 0.991486 -0.943630
v -0.760859 0.991486 -0.943630
v -0.883831 0.883831 -0.943630
v -0.883831 0.883831 -0.943630
v -0.883831 0.883831 -0.943630
v -0.883831 0.883831 -0.943630
v -0.883831 0.883831 -0.943630
v -0.883831 0.883831 -0.943630
v -0.991507 0.760832 -0.943630
v -0.991507 0.760832 -0.943630
v -0.991507 0.760832 -0.943630
v -0.991507 0.760832 -0.943630
v -0.991507 0.760832 -0.943630
v -0.991507 0.760832 -0.943630
v -0.991507 0.760832 -0.943630
v -1.082251 0.624815 -0.943630
v -1.082251 0.624815 -0.943630
v -1.082251 0.624815 -0.943630
v -1.082251 0.624815 -0.943630
v -1.082251 0.624815 -0.943630
v -1.082251 0.624815 -0.943630
v -1.154666 0.478222 -0.943630
v -1.154666 0.478222 -0.943630
v -1.154666 0.478222 -0.943630
v -1.154666 0.478222 -0.943630
v -1.154666 0.478222 -0.943630
v -1.154666 0.478222 -0.943630
v -1.207336 0.323505 -0.943630
v -1.207336 0.323505 -0.943630
v -1.207336 0.323505 -0.943630
v -1.207336 0.323505 -0.943630
v -1.207336 0.323505 -0.943630
v -1.207336 0.323505 -0.943630
v -1.239085 0.163147 -0.943630
v -1.239085 0.163147 -0.943630
v -1.239085 0.163147 -0.943630
v -1.239085 0.163147 -0.943630
v -1.239085 0.163147 -0.943630
v -1.239085 0.163147 -0.943630
v -1.249664 -0.000019 -0.943630
v -1.249664 -0.000019 -0.943630
v -1.249664 -0.000019 -0.943630
v -1.249664 -0.000019 -0.943630
v -1.249664 -0.000019 -0.943630
v -1.249664 -0.000019 -0.943630
v -1.239081 -0.163179 -0.943630
v -1.239081 -0.163179 -0.943630
v -1.239081 -0.163179 -0.943630
v -1.239081 -0.163179 -0.943630
v -1.239081 -0.163179 -0.943630
v -1.239081 -0.163179 -0.943630
v -1.207336 -0.323504 -0.943630
v -1.207336 -0.323504 -0.943630
v -1.207336 -0.323504 -0.943630
v -1.207336 -0.323504 -0.943630
v -1.207336 -0.323504 -0.943630
v -1.207336 -0.323504 -0.943630
v -1.154653 -0.478254 -0.943630
v -1.154653 -0.478254 -0.943630
v -1.154653 -0.478254 -0.943630
v -1.154653 -0.478254 -0.943630
v -1.154653 -0.478254 -0.943630
v -1.154653 -0.478254 -0.943630
v -1.082231 -0.624849 -0.943630
v -1.082231 -0.624849 -0.943630
v -1.082231 -0.624849 -0.943630
v -1.082231 -0.624849 -0.943630
v -1.082231 -0.624849 -0.943630
v -1.082231 -0.624849 -0.943630
v -0.991486 -0.760859 -0.943630
v -0.991486 -0.760859 -0.943630
v -0.991486 -0.760859 -0.943630
v -0.991486 -0.760859 -0.943630
v -0.991486 -0.760859 -0.943630
v -0.991486 -0.760859 -0.943630
v -0.883831 -0.883831 -0.943630
v -0.883831 -0.883831 -0.943630
v -0.883831 -0.883831 -0.943630
v -0.883831 -0.883831 -0.943630
v -0.883831 -0.883831 -0.943630
v -0.883831 -0.883831 -0.943630
v -0.760831 -0.991507 -0.943630
v -0.760831 -0.991507 -0.943630
v -0.760831 -0.991507 -0.943630
v -0.760831 -0.991507 -0.943630
v -0.760831 -0.991507 -0.943630
v -0.760831 -0.991507 -0.943630
v -0.760831 -0.991507 -0.943630
v -0.624815 -1.082251 -0.943630
v -0.624815 -1.082251 -0.943630
v -0.624815 -1.082251 -0.943630
v -0.624815 -1.082251 -0.943630
v -0.624815 -1.082251 -0.943630
v -0.624815 -1.082251 -0.943630
v -0.478222 -1.154665 -0.943630
v -0.478222 -1.154665 -0.943630
v -0.478222 -1.154665 -0.943630
v -0.478222 -1.154665 -0.943630
v -0.478222 -1.154665 -0.943630
v -0.478222 -1.154665 -0.943630
v -0.323505 -1.207336 -0.943630
v -0.323505 -1.207336 -0.943630
v -0.323505 -1.207336 -0.943630
v -0.323505 -1.207336 -0.943630
v -0.323505 -1.207336 -0.943630
v -0.323505 -1.207336 -0.943630
v -0.163146 -1.239084 -0.943630
v -0.163146 -1.239084 -0.943630
v -0.163146 -1.239084 -0.943630
v -0.163146 -1.239084 -0.943630
v -0.163146 -1.239084 -0.943630
v -0.163146 -1.239084 -0.943630
v 0.000020 -1.249664 -0.943630
v 0.000020 -1.249664 -0.943630
v 0.000020 -1.249664 -0.943630
v 0.000020 -1.249664 -0.943630
v 0.000020 -1.249664 -0.943630
v 0.000020 -1.249664 -0.943630
v 0.163180 -1.239080 -0.943630
v 0.163180 -1.239080 -0.943630
v 0.163180 -1.239080 -0.943630
v 0.163180 -1.239080 -0.943630
v 0.163180 -1.239080 -0.943630
v 0.163180 -1.239080 -0.943630
v 0.323505 -1.207336 -0.943630
v 0.323505 -1.207336 -0.943630
v 0.323505 -1.207336 -0.943630
v 0.323505 -1.207336 -0.943630
v 0.323505 -1.207336 -0.943630
v 0.323505 -1.207336 -0.943630
v 0.478254 -1.154652 -0.943630
v 0.478254 -1.154652 -0.943630
v 0.478254 -1.154652 -0.943630
v 0.478254 -1.154652 -0.943630
v 0.478254 -1.154652 -0.943630
v 0.478254 -1.154652 -0.943630
v 0.624850 -1.082232 -0.943630
v 0.624850 -1.082232 -0.943630
v 0.624850 -1.082232 -0.943630
v 0.624850 -1.082232 -0.943630
v 0.624850 -1.082232 -0.943630
v 0.624850 -1.082232 -0.943630
v 0.760859 -0.991486 -0.943630
v 0.760859 -0.991486 -0.943630
v 0.760859 -0.991486 -0.943630
v 0.760859 -0.991486 -0.943630
v 0.760859 -0.991486 -0.943630
v 0.760859 -0.991486 -0.943630
v 0.883831 -0.883831 -0.943630
v 0.883831 -0.883831 -0.943630
v 0.883831 -0.883831 -0.943630
v 0.883831 -0.883831 -0.943630
v 0.883831 -0.883831 -0.943630
v 0.883831 -0.883831 -0.943630
v 0.991507 -0.760832 -0.943630
v 0.991507 -0.760832 -0.943630
v 0.991507 -0.760832 -0.943630
v 0.991507 -0.760832 -0.943630
v 0.991507 -0.760832 -0.943630
v 0.991507 -0.760832 -0.943630
v 1.082251 -0.624815 -0.943630
v 1.082251 -0.624815 -0.943630
v 1.082251 -0.624815 -0.943630
v 1.082251 -0.624815 -0.943630
v 1.082251 -0.624815 -0.943630
v 1.082251 -0.624815 -0.943630
v 1.154666 -0.478222 -0.943630
v 1.154666 -0.478222 -0.943630
v 1.154666 -0.478222 -0.943630
v 1.154666 -0.478222 -0.943630
v 1.154666 -0.478222 -0.943630
v 1.154666 -0.478222 -0.943630
v 1.207336 -0.323503 -0.943630
v 1.207336 -0.323503 -0.943630
v 1.207336 -0.323503 -0.943630
v 1.207336 -0.323503 -0.943630
v 1.207336 -0.323503 -0.943630
v 1.207336 -0.323503 -0.943630
v 1.239085 -0.163145 -0.943630
v 1.239085 -0.163145 -0.943630
v 1.239085 -0.163145 -0.943630
v 1.239085 -0.163145 -0.943630
v 1.239085 -0.163145 -0.943630
v 1.239085 -0.163145 -0.943630
v 1.249664 0.000021 -0.943630
v 1.249664 0.000021 -0.943630
v 1.249664 0.000021 -0.943630
v 1.249664 0.000021 -0.943630
v 1.249664 0.000021 -0.943630
v 1.249664 0.000021 -0.943630
v 1.239081 0.163181 -0.943630
v 1.239081 0.163181 -0.943630
v 1.239081 0.163181 -0.943630
v 1.239081 0.163181 -0.943630
v 1.239081 0.163181 -0.943630
v 1.239081 0.163181 -0.943630
v 1.207336 0.323505 -0.943630
v 1.207336 0.323505 -0.943630
v 1.207336 0.323505 -0.943630
v 1.207336 0.323505 -0.943630
v 1.207336 0.323505 -0.943630
v 1.207336 0.323505 -0.943630
v 1.154653 0.478254 -0.943630
v 1.154653 0.478254 -0.943630
v 1.154653 0.478254 -0.943630
v 1.154653 0.478254 -0.943630
v 1.154653 0.478254 -0.943630
v 1.154653 0.478254 -0.943630
v 1.082231 0.624849 -0.943630
v 1.082231 0.624849 -0.943630
v 1.082231 0.624849 -0.943630
v 1.082231 0.624849 -0.943630
v 1.082231 0.624849 -0.943630
v 1.082231 0.624849 -0.943630
v 1.082231 0.624849 -0.943630
v 0.991486 0.760859 -0.943630
v 0.991486 0.760859 -0.943630
v 0.991486 0.760859 -0.943630
v 0.991486 0.760859 -0.943630
v 0.991486 0.760859 -0.943630
v 0.991486 0.760859 -0.943630
v 0.492283 0.998594 -0.834961
v 0.492283 0.998594 -0.834961
v 0.492283 0.998594 -0.834961
v 0.492283 0.998594 -0.834961
v 0.492283 0.998594 -0.834961
v 0.492283 0.998594 -0.834961
v 0.556599 0.964058 -0.834961
v 0.556599 0.964058 -0.834961
v 0.556599 0.964058 -0.834961
v 0.425998 1.029076 -0.834961
v 0.425998 1.029076 -0.834961
v 0.425998 1.029076 -0.834961
v 0.425998 1.029076 -0.834961
v 0.618667 0.925627 -0.834961
v 0.618667 0.925627 -0.834961
v 0.618667 0.925627 -0.834961
v 0.618667 0.925627 -0.834961
v 0.618667 0.925627 -0.834961
v -0.556599 0.964058 -0.834961
v -0.556599 0.964058 -0.834961
v -0.556599 0.964058 -0.834961
v -0.618667 0.925627 -0.834961
v -0.618667 0.925627 -0.834961
v -0.618667 0.925627 -0.834961
v -0.618667 0.925627 -0.834961
v -0.618667 0.925627 -0.834961
v -0.492283 0.998594 -0.834961
v -0.492283 0.998594 -0.834961
v -0.492283 0.998594 -0.834961
v -0.492283 0.998594 -0.834961
v -0.492283 0.998594 -0.834961
v -0.492283 0.998594 -0.834961
v -0.678207 0.883463 -0.834961
v -0.678207 0.883463 -0.834961
v -0.678207 0.883463 -0.834961
v -0.678207 0.883463 -0.834961
v 0.678207 0.883463 -0.834961
v 0.678207 0.883463 -0.834961
v 0.678207 0.883463 -0.834961
v 0.678207 0.883463 -0.834961
v 0.734939 0.837729 -0.834961
v 0.734939 0.837729 -0.834961
v 0.734939 0.837729 -0.834961
v 0.734939 0.837729 -0.834961
v 0.734939 0.837729 -0.834961
v 0.734939 0.837729 -0.834961
v 0.288641 1.077225 -0.834961
v 0.288641 1.077225 -0.834961
v 0.288641 1.077225 -0.834961
v 0.288641 1.077225 -0.834961
v 0.358024 1.055340 -0.834961
v 0.358024 1.055340 -0.834961
v 0.358024 1.055340 -0.834961
v 0.358024 1.055340 -0.834961
v 0.217666 1.094667 -0.834960
v 0.217666 1.094667 -0.834960
v 0.217666 1.094667 -0.834960
v 0.217666 1.094667 -0.834960
v 0.217666 1.094667 -0.834960
v 0.217666 1.094667 -0.834960
v -0.425998 1.029076 -0.834961
v -0.425998 1.029076 -0.834961
v -0.425998 1.029076 -0.834961
v -0.425998 1.029076 -0.834961
v -0.288642 1.077225 -0.834961
v -0.288642 1.077225 -0.834961
v -0.288642 1.077225 -0.834961
v -0.288642 1.077225 -0.834961
v -0.217666 1.094667 -0.834960
v -0.217666 1.094667 -0.834960
v -0.217666 1.094667 -0.834960
v -0.217666 1.094667 -0.834960
v -0.217666 1.094667 -0.834960
v -0.217666 1.094667 -0.834960
v -0.358024 1.055340 -0.834961
v -0.358024 1.055340 -0.834961
v -0.358024 1.055340 -0.834961
v -0.358024 1.055340 -0.834961
v -0.734939 0.837728 -0.834961
v -0.734939 0.837728 -0.834961
v -0.734939 0.837728 -0.834961
v -0.734939 0.837728 -0.834961
v -0.734939 0.837728 -0.834961
v -0.734939 0.837728 -0.834961
v 0.788583 0.788584 -0.834961
v 0.788583 0.788584 -0.834961
v 0.788583 0.788584 -0.834961
v -1.113198 -0.000000 -0.834961
v -1.113198 -0.000000 -0.834961
v -1.113198 -0.000000 -0.834961
v -1.110950 0.072967 -0.834961
v -1.110950 0.072967 -0.834961
v -1.110950 0.072967 -0.834961
v -1.110950 0.072967 -0.834961
v -1.110950 0.072967 -0.834961
v -1.110950 0.072967 -0.834961
v -1.092963 0.217611 -0.834961
v -1.092963 0.217611 -0.834961
v -1.092963 0.217611 -0.834961
v -1.092963 0.217611 -0.834961
v -1.092963 0.217611 -0.834961
v -1.092963 0.217611 -0.834961
v -1.104205 0.145613 -0.834961
v -1.104205 0.145613 -0.834961
v -1.104205 0.145613 -0.834961
v -1.110950 -0.072968 -0.834961
v -1.110950 -0.072968 -0.834961
v -1.110950 -0.072968 -0.834961
v -1.110950 -0.072968 -0.834961
v -1.110950 -0.072968 -0.834961
v -1.110950 -0.072968 -0.834961
v -1.104205 -0.145613 -0.834961
v -1.104205 -0.145613 -0.834961
v -1.104205 -0.145613 -0.834961
v -1.092963 -0.217611 -0.834961
v -1.092963 -0.217611 -0.834961
v -1.092963 -0.217611 -0.834961
v -1.092963 -0.217611 -0.834961
v -1.092963 -0.217611 -0.834961
v -1.092963 -0.217611 -0.834961
v -0.788583 0.788584 -0.834961
v -0.788583 0.788584 -0.834961
v -0.788583 0.788584 -0.834961
v -1.077225 0.288641 -0.834961
v -1.077225 0.288641 -0.834961
v -1.077225 0.288641 -0.834961
v -1.056843 0.358829 -0.834960
v -1.056843 0.358829 -0.834960
v -1.056843 0.358829 -0.834960
v -1.056843 0.358829 -0.834960
v -1.056843 0.358829 -0.834960
v -1.056843 0.358829 -0.834960
v -0.839177 0.735838 -0.834960
v -0.839177 0.735838 -0.834960
v -0.839177 0.735838 -0.834960
v -0.839177 0.735838 -0.834960
v -0.839177 0.735838 -0.834960
v -0.839177 0.735838 -0.834960
v -1.077225 -0.288641 -0.834961
v -1.077225 -0.288641 -0.834961
v -1.077225 -0.288641 -0.834961
v -1.056843 -0.358830 -0.834960
v -1.056843 -0.358830 -0.834960
v -1.056843 -0.358830 -0.834960
v -1.056843 -0.358830 -0.834960
v -1.056843 -0.358830 -0.834960
v -1.056843 -0.358830 -0.834960
v -0.839177 -0.735838 -0.834960
v -0.839177 -0.735838 -0.834960
v -0.839177 -0.735838 -0.834960
v -0.839177 -0.735838 -0.834960
v -0.839177 -0.735838 -0.834960
v -0.839177 -0.735838 -0.834960
v -0.886151 -0.679867 -0.834960
v -0.886151 -0.679867 -0.834960
v -0.886151 -0.679867 -0.834960
v -0.886151 0.679869 -0.834960
v -0.886151 0.679869 -0.834960
v -0.886151 0.679869 -0.834960
v -0.788583 -0.788582 -0.834961
v -0.788583 -0.788582 -0.834961
v -0.788583 -0.788582 -0.834961
v -0.145707 1.107365 -0.834960
v -0.145707 1.107365 -0.834960
v -0.145707 1.107365 -0.834960
v 0.073056 1.115122 -0.834959
v 0.073056 1.115122 -0.834959
v 0.073056 1.115122 -0.834959
v 0.073056 1.115122 -0.834959
v 0.073056 1.115122 -0.834959
v 0.073056 1.115122 -0.834959
v -0.000000 1.117750 -0.834959
v -0.000000 1.117750 -0.834959
v -0.000000 1.117750 -0.834959
v -0.073056 1.115122 -0.834959
v -0.073056 1.115122 -0.834959
v -0.073056 1.115122 -0.834959
v -0.073056 1.115122 -0.834959
v -0.073056 1.115122 -0.834959
v -0.073056 1.115122 -0.834959
v 0.145707 1.107365 -0.834960
v 0.145707 1.107365 -0.834960
v 0.145707 1.107365 -0.834960
v -1.002251 0.494293 -0.834959
v -1.002251 0.494293 -0.834959
v -1.002251 0.494293 -0.834959
v -1.002251 0.494293 -0.834959
v -1.002251 0.494293 -0.834959
v -1.002251 0.494293 -0.834959
v -0.968000 0.558876 -0.834959
v -0.968000 0.558876 -0.834959
v -0.968000 0.558876 -0.834959
v -0.929196 0.620829 -0.834959
v -0.929196 0.620829 -0.834959
v -0.929196 0.620829 -0.834959
v -0.929196 0.620829 -0.834959
v -0.929196 0.620829 -0.834959
v -0.929196 0.620829 -0.834959
v -1.031859 0.427496 -0.834960
v -1.031859 0.427496 -0.834960
v -1.031859 0.427496 -0.834960
v -1.002251 -0.494291 -0.834959
v -1.002251 -0.494291 -0.834959
v -1.002251 -0.494291 -0.834959
v -1.002251 -0.494291 -0.834959
v -1.002251 -0.494291 -0.834959
v -1.002251 -0.494291 -0.834959
v -1.031859 -0.427496 -0.834960
v -1.031859 -0.427496 -0.834960
v -1.031859 -0.427496 -0.834960
v -0.968000 -0.558874 -0.834959
v -0.968000 -0.558874 -0.834959
v -0.968000 -0.558874 -0.834959
v -0.929196 -0.620829 -0.834959
v -0.929196 -0.620829 -0.834959
v -0.929196 -0.620829 -0.834959
v -0.929196 -0.620829 -0.834959
v -0.929196 -0.620829 -0.834959
v -0.929196 -0.620829 -0.834959
v -0.492283 -0.998594 -0.834961
v -0.492283 -0.998594 -0.834961
v -0.492283 -0.998594 -0.834961
v -0.492283 -0.998594 -0.834961
v -0.492283 -0.998594 -0.834961
v -0.492283 -0.998594 -0.834961
v -0.556599 -0.964058 -0.834961
v -0.556599 -0.964058 -0.834961
v -0.556599 -0.964058 -0.834961
v -0.618667 -0.925627 -0.834961
v -0.618667 -0.925627 -0.834961
v -0.618667 -0.925627 -0.834961
v -0.618667 -0.925627 -0.834961
v -0.618667 -0.925627 -0.834961
v 0.556599 -0.964058 -0.834961
v 0.556599 -0.964058 -0.834961
v 0.556599 -0.964058 -0.834961
v 0.618667 -0.925627 -0.834961
v 0.618667 -0.925627 -0.834961
v 0.618667 -0.925627 -0.834961
v 0.618667 -0.925627 -0.834961
v 0.618667 -0.925627 -0.834961
v 0.492283 -0.998594 -0.834961
v 0.492283 -0.998594 -0.834961
v 0.492283 -0.998594 -0.834961
v 0.492283 -0.998594 -0.834961
v 0.492283 -0.998594 -0.834961
v 0.492283 -0.998594 -0.834961
v 0.678207 -0.883463 -0.834961
v 0.678207 -0.883463 -0.834961
v 0.678207 -0.883463 -0.834961
v 0.678207 -0.883463 -0.834961
v 0.734939 -0.837727 -0.834961
v 0.734939 -0.837727 -0.834961
v 0.734939 -0.837727 -0.834961
v 0.734939 -0.837727 -0.834961
v 0.734939 -0.837727 -0.834961
v 0.734939 -0.837727 -0.834961
v -0.425998 -1.029076 -0.834961
v -0.425998 -1.029076 -0.834961
v -0.425998 -1.029076 -0.834961
v -0.425998 -1.029076 -0.834961
v -0.358024 -1.055340 -0.834961
v -0.358024 -1.055340 -0.834961
v -0.358024 -1.055340 -0.834961
v -0.358024 -1.055340 -0.834961
v -0.678207 -0.883463 -0.834961
v -0.678207 -0.883463 -0.834961
v -0.678207 -0.883463 -0.834961
v -0.678207 -0.883463 -0.834961
v -0.288641 -1.077225 -0.834961
v -0.288641 -1.077225 -0.834961
v -0.288641 -1.077225 -0.834961
v -0.288641 -1.077225 -0.834961
v -0.217666 -1.094667 -0.834960
v -0.217666 -1.094667 -0.834960
v -0.217666 -1.094667 -0.834960
v -0.217666 -1.094667 -0.834960
v -0.217666 -1.094667 -0.834960
v -0.217666 -1.094667 -0.834960
v 0.425998 -1.029076 -0.834961
v 0.425998 -1.029076 -0.834961
v 0.425998 -1.029076 -0.834961
v 0.425998 -1.029076 -0.834961
v 0.358024 -1.055340 -0.834961
v 0.358024 -1.055340 -0.834961
v 0.358024 -1.055340 -0.834961
v 0.358024 -1.055340 -0.834961
v 0.288642 -1.077225 -0.834961
v 0.288642 -1.077225 -0.834961
v 0.288642 -1.077225 -0.834961
v 0.288642 -1.077225 -0.834961
v -0.734939 -0.837727 -0.834961
v -0.734939 -0.837727 -0.834961
v -0.734939 -0.837727 -0.834961
v -0.734939 -0.837727 -0.834961
v -0.734939 -0.837727 -0.834961
v -0.734939 -0.837727 -0.834961
v 0.217666 -1.094667 -0.834960
v 0.217666 -1.094667 -0.834960
v 0.217666 -1.094667 -0.834960
v 0.217666 -1.094667 -0.834960
v 0.217666 -1.094667 -0.834960
v 0.217666 -1.094667 -0.834960
v 1.104205 -0.145613 -0.834961
v 1.104205 -0.145613 -0.834961
v 1.104205 -0.145613 -0.834961
v 1.092963 -0.217611 -0.834961
v 1.092963 -0.217611 -0.834961
v 1.092963 -0.217611 -0.834961
v 1.092963 -0.217611 -0.834961
v 1.092963 -0.217611 -0.834961
v 1.092963 -0.217611 -0.834961
v 0.788583 -0.788582 -0.834961
v 0.788583 -0.788582 -0.834961
v 0.788583 -0.788582 -0.834961
v 1.110950 -0.072967 -0.834961
v 1.110950 -0.072967 -0.834961
v 1.110950 -0.072967 -0.834961
v 1.110950 -0.072967 -0.834961
v 1.110950 -0.072967 -0.834961
v 1.110950 -0.072967 -0.834961
v 1.110950 0.072968 -0.834961
v 1.110950 0.072968 -0.834961
v 1.110950 0.072968 -0.834961
v 1.110950 0.072968 -0.834961
v 1.110950 0.072968 -0.834961
v 1.110950 0.072968 -0.834961
v 1.113198 0.000000 -0.834961
v 1.113198 0.000000 -0.834961
v 1.113198 0.000000 -0.834961
v 1.104205 0.145613 -0.834961
v 1.104205 0.145613 -0.834961
v 1.104205 0.145613 -0.834961
v 1.092963 0.217611 -0.834961
v 1.092963 0.217611 -0.834961
v 1.092963 0.217611 -0.834961
v 1.092963 0.217611 -0.834961
v 1.092963 0.217611 -0.834961
v 1.092963 0.217611 -0.834961
v 1.077224 -0.288641 -0.834961
v 1.077224 -0.288641 -0.834961
v 1.077224 -0.288641 -0.834961
v 1.056843 -0.358829 -0.834960
v 1.056843 -0.358829 -0.834960
v 1.056843 -0.358829 -0.834960
v 1.056843 -0.358829 -0.834960
v 1.056843 -0.358829 -0.834960
v 1.056843 -0.358829 -0.834960
v 0.839177 -0.735838 -0.834960
v 0.839177 -0.735838 -0.834960
v 0.839177 -0.735838 -0.834960
v 0.839177 -0.735838 -0.834960
v 0.839177 -0.735838 -0.834960
v 0.839177 -0.735838 -0.834960
v 0.839177 0.735838 -0.834960
v 0.839177 0.735838 -0.834960
v 0.839177 0.735838 -0.834960
v 0.839177 0.735838 -0.834960
v 0.839177 0.735838 -0.834960
v 0.839177 0.735838 -0.834960
v 0.886151 0.679869 -0.834960
v 0.886151 0.679869 -0.834960
v 0.886151 0.679869 -0.834960
v 1.056843 0.358830 -0.834960
v 1.056843 0.358830 -0.834960
v 1.056843 0.358830 -0.834960
v 1.056843 0.358830 -0.834960
v 1.056843 0.358830 -0.834960
v 1.056843 0.358830 -0.834960
v 1.077224 0.288641 -0.834961
v 1.077224 0.288641 -0.834961
v 1.077224 0.288641 -0.834961
v 0.886151 -0.679867 -0.834960
v 0.886151 -0.679867 -0.834960
v 0.886151 -0.679867 -0.834960
v 0.145707 -1.107363 -0.834960
v 0.145707 -1.107363 -0.834960
v 0.145707 -1.107363 -0.834960
v 0.073056 -1.115122 -0.834959
v 0.073056 -1.115122 -0.834959
v 0.073056 -1.115122 -0.834959
v 0.073056 -1.115122 -0.834959
v 0.073056 -1.115122 -0.834959
v 0.073056 -1.115122 -0.834959
v 0.000000 -1.117750 -0.834959
v 0.000000 -1.117750 -0.834959
v 0.000000 -1.117750 -0.834959
v -0.073056 -1.115122 -0.834959
v -0.073056 -1.115122 -0.834959
v -0.073056 -1.115122 -0.834959
v -0.073056 -1.115122 -0.834959
v -0.073056 -1.115122 -0.834959
v -0.073056 -1.115122 -0.834959
v -0.145707 -1.107363 -0.834960
v -0.145707 -1.107363 -0.834960
v -0.145707 -1.107363 -0.834960
v 0.929196 -0.620829 -0.834959
v 0.929196 -0.620829 -0.834959
v 0.929196 -0.620829 -0.834959
v 0.929196 -0.620829 -0.834959
v 0.929196 -0.620829 -0.834959
v 0.929196 -0.620829 -0.834959
v 1.002251 -0.494291 -0.834959
v 1.002251 -0.494291 -0.834959
v 1.002251 -0.494291 -0.834959
v 1.002251 -0.494291 -0.834959
v 1.002251 -0.494291 -0.834959
v 1.002251 -0.494291 -0.834959
v 0.968000 -0.558874 -0.834959
v 0.968000 -0.558874 -0.834959
v 0.968000 -0.558874 -0.834959
v 1.031859 -0.427496 -0.834960
v 1.031859 -0.427496 -0.834960
v 1.031859 -0.427496 -0.834960
v 1.002251 0.494293 -0.834959
v 1.002251 0.494293 -0.834959
v 1.002251 0.494293 -0.834959
v 1.002251 0.494293 -0.834959
v 1.002251 0.494293 -0.834959
v 1.002251 0.494293 -0.834959
v 1.031859 0.427496 -0.834960
v 1.031859 0.427496 -0.834960
v 1.031859 0.427496 -0.834960
v 0.968000 0.558876 -0.834959
v 0.968000 0.558876 -0.834959
v 0.968000 0.558876 -0.834959
v 0.929196 0.620829 -0.834959
v 0.929196 0.620829 -0.834959
v 0.929196 0.620829 -0.834959
v 0.929196 0.620829 -0.834959
v 0.929196 0.620829 -0.834959
v 0.929196 0.620829 -0.834959
v 0.824173 0.939743 -0.978931
v 0.824173 0.939743 -0.978931
v 0.824173 0.939743 -0.978931
v 0.824173 0.939743 -0.978931
v 0.824173 0.939743 -0.978931
v 0.824173 0.939743 -0.978931
v 0.760895 0.991551 -0.978931
v 0.760895 0.991551 -0.978931
v 0.760895 0.991551 -0.978931
v 0.760895 0.991551 -0.978931
v 0.883883 0.883884 -0.978931
v 0.883883 0.883884 -0.978931
v 0.883883 0.883884 -0.978931
v 0.883883 0.883884 -0.978931
v 0.694359 1.039131 -0.978931
v 0.694359 1.039131 -0.978931
v 0.694359 1.039131 -0.978931
v 0.694359 1.039131 -0.978931
v 0.694359 1.039131 -0.978931
v 0.694359 1.039131 -0.978931
v 0.624869 1.082306 -0.978931
v 0.624869 1.082306 -0.978931
v 0.624869 1.082306 -0.978931
v 0.624869 1.082306 -0.978931
v 0.552734 1.120897 -0.978931
v 0.552734 1.120897 -0.978931
v 0.552734 1.120897 -0.978931
v 0.552734 1.120897 -0.978931
v 0.552734 1.120897 -0.978931
v 0.552734 1.120897 -0.978931
v 0.478260 1.154730 -0.978931
v 0.478260 1.154730 -0.978931
v 0.478260 1.154730 -0.978931
v 0.478260 1.154730 -0.978931
v 0.243883 1.225927 -0.978931
v 0.243883 1.225927 -0.978931
v 0.243883 1.225927 -0.978931
v 0.243883 1.225927 -0.978931
v 0.243883 1.225927 -0.978931
v 0.243883 1.225927 -0.978931
v 0.163180 1.239157 -0.978931
v 0.163180 1.239157 -0.978931
v 0.163180 1.239157 -0.978931
v 0.163180 1.239157 -0.978931
v 0.081767 1.247093 -0.978931
v 0.081767 1.247093 -0.978931
v 0.081767 1.247093 -0.978931
v 0.081767 1.247093 -0.978931
v 0.081767 1.247093 -0.978931
v 0.081767 1.247093 -0.978931
v -0.000000 1.249739 -0.978931
v -0.000000 1.249739 -0.978931
v -0.000000 1.249739 -0.978931
v -0.000000 1.249739 -0.978931
v 0.401754 1.183626 -0.978931
v 0.401754 1.183626 -0.978931
v 0.401754 1.183626 -0.978931
v 0.401754 1.183626 -0.978931
v 0.401754 1.183626 -0.978931
v 0.401754 1.183626 -0.978931
v 0.323524 1.207407 -0.978931
v 0.323524 1.207407 -0.978931
v 0.323524 1.207407 -0.978931
v 0.323524 1.207407 -0.978931
v -0.081767 1.247093 -0.978931
v -0.081767 1.247093 -0.978931
v -0.081767 1.247093 -0.978931
v -0.081767 1.247093 -0.978931
v -0.081767 1.247093 -0.978931
v -0.081767 1.247093 -0.978931
v -0.163180 1.239157 -0.978931
v -0.163180 1.239157 -0.978931
v -0.163180 1.239157 -0.978931
v -0.163180 1.239157 -0.978931
v -0.243884 1.225927 -0.978931
v -0.243884 1.225927 -0.978931
v -0.243884 1.225927 -0.978931
v -0.243884 1.225927 -0.978931
v -0.243884 1.225927 -0.978931
v -0.243884 1.225927 -0.978931
v -0.323524 1.207407 -0.978931
v -0.323524 1.207407 -0.978931
v -0.323524 1.207407 -0.978931
v -0.323524 1.207407 -0.978931
v -0.552734 1.120897 -0.978931
v -0.552734 1.120897 -0.978931
v -0.552734 1.120897 -0.978931
v -0.552734 1.120897 -0.978931
v -0.552734 1.120897 -0.978931
v -0.552734 1.120897 -0.978931
v -0.624869 1.082306 -0.978931
v -0.624869 1.082306 -0.978931
v -0.624869 1.082306 -0.978931
v -0.624869 1.082306 -0.978931
v -0.401754 1.183626 -0.978931
v -0.401754 1.183626 -0.978931
v -0.401754 1.183626 -0.978931
v -0.401754 1.183626 -0.978931
v -0.401754 1.183626 -0.978931
v -0.401754 1.183626 -0.978931
v -0.478260 1.154730 -0.978931
v -0.478260 1.154730 -0.978931
v -0.478260 1.154730 -0.978931
v -0.478260 1.154730 -0.978931
v -0.824173 0.939743 -0.978931
v -0.824173 0.939743 -0.978931
v -0.824173 0.939743 -0.978931
v -0.824173 0.939743 -0.978931
v -0.824173 0.939743 -0.978931
v -0.824173 0.939743 -0.978931
v -0.883884 0.883884 -0.978931
v -0.883884 0.883884 -0.978931
v -0.883884 0.883884 -0.978931
v -0.883884 0.883884 -0.978931
v -1.039130 0.694359 -0.978931
v -1.039130 0.694359 -0.978931
v -1.039130 0.694359 -0.978931
v -1.039130 0.694359 -0.978931
v -1.039130 0.694359 -0.978931
v -1.039130 0.694359 -0.978931
v -1.082305 0.624870 -0.978931
v -1.082305 0.624870 -0.978931
v -1.082305 0.624870 -0.978931
v -1.082305 0.624870 -0.978931
v -1.120897 0.552734 -0.978931
v -1.120897 0.552734 -0.978931
v -1.120897 0.552734 -0.978931
v -1.120897 0.552734 -0.978931
v -1.120897 0.552734 -0.978931
v -1.154730 0.478260 -0.978931
v -1.154730 0.478260 -0.978931
v -1.154730 0.478260 -0.978931
v -1.154730 0.478260 -0.978931
v -1.154730 0.478260 -0.978931
v -0.939742 0.824173 -0.978931
v -0.939742 0.824173 -0.978931
v -0.939742 0.824173 -0.978931
v -0.939742 0.824173 -0.978931
v -0.939742 0.824173 -0.978931
v -0.939742 0.824173 -0.978931
v -0.991550 0.760897 -0.978931
v -0.991550 0.760897 -0.978931
v -0.991550 0.760897 -0.978931
v -0.991550 0.760897 -0.978931
v -0.694359 1.039131 -0.978931
v -0.694359 1.039131 -0.978931
v -0.694359 1.039131 -0.978931
v -0.694359 1.039131 -0.978931
v -0.694359 1.039131 -0.978931
v -0.694359 1.039131 -0.978931
v -0.760896 0.991550 -0.978931
v -0.760896 0.991550 -0.978931
v -0.760896 0.991550 -0.978931
v -0.760896 0.991550 -0.978931
v -1.225927 0.243883 -0.978931
v -1.225927 0.243883 -0.978931
v -1.225927 0.243883 -0.978931
v -1.225927 0.243883 -0.978931
v -1.225927 0.243883 -0.978931
v -1.225927 0.243883 -0.978931
v -1.239155 0.163179 -0.978931
v -1.239155 0.163179 -0.978931
v -1.239155 0.163179 -0.978931
v -1.239155 0.163179 -0.978931
v -1.247092 -0.081766 -0.978931
v -1.247092 -0.081766 -0.978931
v -1.247092 -0.081766 -0.978931
v -1.247092 -0.081766 -0.978931
v -1.247092 -0.081766 -0.978931
v -1.239155 -0.163179 -0.978931
v -1.239155 -0.163179 -0.978931
v -1.239155 -0.163179 -0.978931
v -1.239155 -0.163179 -0.978931
v -1.239155 -0.163179 -0.978931
v -1.247092 0.081768 -0.978931
v -1.247092 0.081768 -0.978931
v -1.247092 0.081768 -0.978931
v -1.247092 0.081768 -0.978931
v -1.247092 0.081768 -0.978931
v -1.247092 0.081768 -0.978931
v -1.249738 -0.000000 -0.978931
v -1.249738 -0.000000 -0.978931
v -1.249738 -0.000000 -0.978931
v -1.249738 -0.000000 -0.978931
v -1.183626 -0.401754 -0.978931
v -1.183626 -0.401754 -0.978931
v -1.183626 -0.401754 -0.978931
v -1.183626 -0.401754 -0.978931
v -1.183626 -0.401754 -0.978931
v -1.183626 -0.401754 -0.978931
v -1.154730 -0.478260 -0.978931
v -1.154730 -0.478260 -0.978931
v -1.154730 -0.478260 -0.978931
v -1.154730 -0.478260 -0.978931
v -1.039130 -0.694359 -0.978931
v -1.039130 -0.694359 -0.978931
v -1.039130 -0.694359 -0.978931
v -1.039130 -0.694359 -0.978931
v -1.039130 -0.694359 -0.978931
v -1.039130 -0.694359 -0.978931
v -0.991550 -0.760895 -0.978931
v -0.991550 -0.760895 -0.978931
v -0.991550 -0.760895 -0.978931
v -0.991550 -0.760895 -0.978931
v -0.939742 -0.824173 -0.978931
v -0.939742 -0.824173 -0.978931
v -0.939742 -0.824173 -0.978931
v -0.939742 -0.824173 -0.978931
v -0.939742 -0.824173 -0.978931
v -0.939742 -0.824173 -0.978931
v -0.883883 -0.883883 -0.978931
v -0.883883 -0.883883 -0.978931
v -0.883883 -0.883883 -0.978931
v -0.883883 -0.883883 -0.978931
v -1.120897 -0.552734 -0.978931
v -1.120897 -0.552734 -0.978931
v -1.120897 -0.552734 -0.978931
v -1.120897 -0.552734 -0.978931
v -1.120897 -0.552734 -0.978931
v -1.120897 -0.552734 -0.978931
v -1.082305 -0.624868 -0.978931
v -1.082305 -0.624868 -0.978931
v -1.082305 -0.624868 -0.978931
v -1.082305 -0.624868 -0.978931
v -1.225927 -0.243883 -0.978931
v -1.225927 -0.243883 -0.978931
v -1.225927 -0.243883 -0.978931
v -1.225927 -0.243883 -0.978931
v -1.225927 -0.243883 -0.978931
v -1.207407 -0.323523 -0.978931
v -1.207407 -0.323523 -0.978931
v -1.207407 -0.323523 -0.978931
v -1.207407 -0.323523 -0.978931
v -1.207407 -0.323523 -0.978931
v -1.183626 0.401754 -0.978931
v -1.183626 0.401754 -0.978931
v -1.183626 0.401754 -0.978931
v -1.183626 0.401754 -0.978931
v -1.183626 0.401754 -0.978931
v -1.183626 0.401754 -0.978931
v -1.207407 0.323524 -0.978931
v -1.207407 0.323524 -0.978931
v -1.207407 0.323524 -0.978931
v -1.207407 0.323524 -0.978931
v -0.824173 -0.939741 -0.978931
v -0.824173 -0.939741 -0.978931
v -0.824173 -0.939741 -0.978931
v -0.824173 -0.939741 -0.978931
v -0.824173 -0.939741 -0.978931
v -0.824173 -0.939741 -0.978931
v -0.760895 -0.991551 -0.978931
v -0.760895 -0.991551 -0.978931
v -0.760895 -0.991551 -0.978931
v -0.760895 -0.991551 -0.978931
v -0.694359 -1.039129 -0.978931
v -0.694359 -1.039129 -0.978931
v -0.694359 -1.039129 -0.978931
v -0.694359 -1.039129 -0.978931
v -0.694359 -1.039129 -0.978931
v -0.694359 -1.039129 -0.978931
v -0.624869 -1.082304 -0.978931
v -0.624869 -1.082304 -0.978931
v -0.624869 -1.082304 -0.978931
v -0.624869 -1.082304 -0.978931
v -0.552734 -1.120897 -0.978931
v -0.552734 -1.120897 -0.978931
v -0.552734 -1.120897 -0.978931
v -0.552734 -1.120897 -0.978931
v -0.552734 -1.120897 -0.978931
v -0.552734 -1.120897 -0.978931
v -0.478260 -1.154730 -0.978931
v -0.478260 -1.154730 -0.978931
v -0.478260 -1.154730 -0.978931
v -0.478260 -1.154730 -0.978931
v -0.243883 -1.225927 -0.978931
v -0.243883 -1.225927 -0.978931
v -0.243883 -1.225927 -0.978931
v -0.243883 -1.225927 -0.978931
v -0.243883 -1.225927 -0.978931
v -0.243883 -1.225927 -0.978931
v -0.163180 -1.239155 -0.978931
v -0.163180 -1.239155 -0.978931
v -0.163180 -1.239155 -0.978931
v -0.163180 -1.239155 -0.978931
v -0.081767 -1.247091 -0.978931
v -0.081767 -1.247091 -0.978931
v -0.081767 -1.247091 -0.978931
v -0.081767 -1.247091 -0.978931
v -0.081767 -1.247091 -0.978931
v -0.081767 -1.247091 -0.978931
v 0.000000 -1.249737 -0.978931
v 0.000000 -1.249737 -0.978931
v 0.000000 -1.249737 -0.978931
v 0.000000 -1.249737 -0.978931
v -0.401754 -1.183626 -0.978931
v -0.401754 -1.183626 -0.978931
v -0.401754 -1.183626 -0.978931
v -0.401754 -1.183626 -0.978931
v -0.401754 -1.183626 -0.978931
v -0.401754 -1.183626 -0.978931
v -0.323524 -1.207407 -0.978931
v -0.323524 -1.207407 -0.978931
v -0.323524 -1.207407 -0.978931
v -0.323524 -1.207407 -0.978931
v 0.081767 -1.247091 -0.978931
v 0.081767 -1.247091 -0.978931
v 0.081767 -1.247091 -0.978931
v 0.081767 -1.247091 -0.978931
v 0.081767 -1.247091 -0.978931
v 0.081767 -1.247091 -0.978931
v 0.163180 -1.239155 -0.978931
v 0.163180 -1.239155 -0.978931
v 0.163180 -1.239155 -0.978931
v 0.163180 -1.239155 -0.978931
v 0.243884 -1.225927 -0.978931
v 0.243884 -1.225927 -0.978931
v 0.243884 -1.225927 -0.978931
v 0.243884 -1.225927 -0.978931
v 0.243884 -1.225927 -0.978931
v 0.243884 -1.225927 -0.978931
v 0.323524 -1.207407 -0.978931
v 0.323524 -1.207407 -0.978931
v 0.323524 -1.207407 -0.978931
v 0.323524 -1.207407 -0.978931
v 0.552734 -1.120897 -0.978931
v 0.552734 -1.120897 -0.978931
v 0.552734 -1.120897 -0.978931
v 0.552734 -1.120897 -0.978931
v 0.552734 -1.120897 -0.978931
v 0.552734 -1.120897 -0.978931
v 0.624869 -1.082304 -0.978931
v 0.624869 -1.082304 -0.978931
v 0.624869 -1.082304 -0.978931
v 0.624869 -1.082304 -0.978931
v 0.401754 -1.183626 -0.978931
v 0.401754 -1.183626 -0.978931
v 0.401754 -1.183626 -0.978931
v 0.401754 -1.183626 -0.978931
v 0.401754 -1.183626 -0.978931
v 0.401754 -1.183626 -0.978931
v 0.478260 -1.154730 -0.978931
v 0.478260 -1.154730 -0.978931
v 0.478260 -1.154730 -0.978931
v 0.478260 -1.154730 -0.978931
v 0.824173 -0.939741 -0.978931
v 0.824173 -0.939741 -0.978931
v 0.824173 -0.939741 -0.978931
v 0.824173 -0.939741 -0.978931
v 0.824173 -0.939741 -0.978931
v 0.824173 -0.939741 -0.978931
v 0.883884 -0.883882 -0.978931
v 0.883884 -0.883882 -0.978931
v 0.883884 -0.883882 -0.978931
v 0.883884 -0.883882 -0.978931
v 1.039130 -0.694359 -0.978931
v 1.039130 -0.694359 -0.978931
v 1.039130 -0.694359 -0.978931
v 1.039130 -0.694359 -0.978931
v 1.039130 -0.694359 -0.978931
v 1.039130 -0.694359 -0.978931
v 1.082305 -0.624868 -0.978931
v 1.082305 -0.624868 -0.978931
v 1.082305 -0.624868 -0.978931
v 1.082305 -0.624868 -0.978931
v 1.120897 -0.552734 -0.978931
v 1.120897 -0.552734 -0.978931
v 1.120897 -0.552734 -0.978931
v 1.120897 -0.552734 -0.978931
v 1.120897 -0.552734 -0.978931
v 1.120897 -0.552734 -0.978931
v 1.154730 -0.478260 -0.978931
v 1.154730 -0.478260 -0.978931
v 1.154730 -0.478260 -0.978931
v 1.154730 -0.478260 -0.978931
v 0.939742 -0.824173 -0.978931
v 0.939742 -0.824173 -0.978931
v 0.939742 -0.824173 -0.978931
v 0.939742 -0.824173 -0.978931
v 0.939742 -0.824173 -0.978931
v 0.939742 -0.824173 -0.978931
v 0.991550 -0.760895 -0.978931
v 0.991550 -0.760895 -0.978931
v 0.991550 -0.760895 -0.978931
v 0.991550 -0.760895 -0.978931
v 0.694359 -1.039129 -0.978931
v 0.694359 -1.039129 -0.978931
v 0.694359 -1.039129 -0.978931
v 0.694359 -1.039129 -0.978931
v 0.694359 -1.039129 -0.978931
v 0.694359 -1.039129 -0.978931
v 0.760896 -0.991550 -0.978931
v 0.760896 -0.991550 -0.978931
v 0.760896 -0.991550 -0.978931
v 0.760896 -0.991550 -0.978931
v 1.225927 -0.243883 -0.978931
v 1.225927 -0.243883 -0.978931
v 1.225927 -0.243883 -0.978931
v 1.225927 -0.243883 -0.978931
v 1.225927 -0.243883 -0.978931
v 1.225927 -0.243883 -0.978931
v 1.239155 -0.163179 -0.978931
v 1.239155 -0.163179 -0.978931
v 1.239155 -0.163179 -0.978931
v 1.239155 -0.163179 -0.978931
v 1.247092 0.081768 -0.978931
v 1.247092 0.081768 -0.978931
v 1.247092 0.081768 -0.978931
v 1.247092 0.081768 -0.978931
v 1.247092 0.081768 -0.978931
v 1.247092 0.081768 -0.978931
v 1.239155 0.163179 -0.978931
v 1.239155 0.163179 -0.978931
v 1.239155 0.163179 -0.978931
v 1.239155 0.163179 -0.978931
v 1.247092 -0.081766 -0.978931
v 1.247092 -0.081766 -0.978931
v 1.247092 -0.081766 -0.978931
v 1.247092 -0.081766 -0.978931
v 1.247092 -0.081766 -0.978931
v 1.247092 -0.081766 -0.978931
v 1.249738 0.000000 -0.978931
v 1.249738 0.000000 -0.978931
v 1.249738 0.000000 -0.978931
v 1.249738 0.000000 -0.978931
v 1.183626 0.401754 -0.978931
v 1.183626 0.401754 -0.978931
v 1.183626 0.401754 -0.978931
v 1.183626 0.401754 -0.978931
v 1.183626 0.401754 -0.978931
v 1.183626 0.401754 -0.978931
v 1.154730 0.478260 -0.978931
v 1.154730 0.478260 -0.978931
v 1.154730 0.478260 -0.978931
v 1.154730 0.478260 -0.978931
v 1.039130 0.694359 -0.978931
v 1.039130 0.694359 -0.978931
v 1.039130 0.694359 -0.978931
v 1.039130 0.694359 -0.978931
v 1.039130 0.694359 -0.978931
v 1.039130 0.694359 -0.978931
v 0.991550 0.760897 -0.978931
v 0.991550 0.760897 -0.978931
v 0.991550 0.760897 -0.978931
v 0.991550 0.760897 -0.978931
v 0.939742 0.824173 -0.978931
v 0.939742 0.824173 -0.978931
v 0.939742 0.824173 -0.978931
v 0.939742 0.824173 -0.978931
v 0.939742 0.824173 -0.978931
v 0.939742 0.824173 -0.978931
v 1.120897 0.552734 -0.978931
v 1.120897 0.552734 -0.978931
v 1.120897 0.552734 -0.978931
v 1.120897 0.552734 -0.978931
v 1.120897 0.552734 -0.978931
v 1.120897 0.552734 -0.978931
v 1.082305 0.624870 -0.978931
v 1.082305 0.624870 -0.978931
v 1.082305 0.624870 -0.978931
v 1.082305 0.624870 -0.978931
v 1.225927 0.243883 -0.978931
v 1.225927 0.243883 -0.978931
v 1.225927 0.243883 -0.978931
v 1.225927 0.243883 -0.978931
v 1.225927 0.243883 -0.978931
v 1.225927 0.243883 -0.978931
v 1.207407 0.323525 -0.978931
v 1.207407 0.323525 -0.978931
v 1.207407 0.323525 -0.978931
v 1.207407 0.323525 -0.978931
v 1.183626 -0.401754 -0.978931
v 1.183626 -0.401754 -0.978931
v 1.183626 -0.401754 -0.978931
v 1.183626 -0.401754 -0.978931
v 1.183626 -0.401754 -0.978931
v 1.183626 -0.401754 -0.978931
v 1.207407 -0.323523 -0.978931
v 1.207407 -0.323523 -0.978931
v 1.207407 -0.323523 -0.978931
v 1.207407 -0.323523 -0.978931
v -0.887200 0.238214 -1.099815
v -0.887200 0.238214 -1.099815
v -0.887200 0.238214 -1.099815
v -0.887200 0.238214 -1.099815
v -0.887200 0.238214 -1.099815
v -0.887200 0.238214 -1.099815
v -0.849786 0.352531 -1.099815
v -0.849786 0.352531 -1.099815
v -0.849786 0.352531 -1.099815
v -0.849786 0.352531 -1.099815
v -0.849786 0.352531 -1.099815
v -0.849786 0.352531 -1.099815
v -0.947977 0.393267 -0.961944
v -0.947977 0.393267 -0.961944
v -0.947977 0.393267 -0.961944
v -0.947977 0.393267 -0.961944
v -0.947977 0.393267 -0.961944
v -0.947977 0.393267 -0.961944
v -0.989713 0.265739 -0.961944
v -0.989713 0.265739 -0.961944
v -0.989713 0.265739 -0.961944
v -0.989713 0.265739 -0.961944
v -0.989713 0.265739 -0.961944
v -0.989713 0.265739 -0.961944
v -0.797347 0.460348 -1.099815
v -0.797347 0.460348 -1.099815
v -0.797347 0.460348 -1.099815
v -0.797347 0.460348 -1.099815
v -0.797347 0.460348 -1.099815
v -0.797347 0.460348 -1.099815
v -0.889478 0.513540 -0.961944
v -0.889478 0.513540 -0.961944
v -0.889478 0.513540 -0.961944
v -0.889478 0.513540 -0.961944
v -0.889478 0.513540 -0.961944
v -0.889478 0.513540 -0.961944
v -0.916948 -0.000513 -1.099815
v -0.916948 -0.000513 -1.099815
v -0.916948 -0.000513 -1.099815
v -0.916948 -0.000513 -1.099815
v -0.916948 -0.000513 -1.099815
v -0.916948 -0.000513 -1.099815
v -0.909543 0.119925 -1.099815
v -0.909543 0.119925 -1.099815
v -0.909543 0.119925 -1.099815
v -0.909543 0.119925 -1.099815
v -0.909543 0.119925 -1.099815
v -0.909543 0.119925 -1.099815
v -1.014638 0.133781 -0.961944
v -1.014638 0.133781 -0.961944
v -1.014638 0.133781 -0.961944
v -1.014638 0.133781 -0.961944
v -1.014638 0.133781 -0.961944
v -1.014638 0.133781 -0.961944
v -1.022899 -0.000572 -0.961944
v -1.022899 -0.000572 -0.961944
v -1.022899 -0.000572 -0.961944
v -1.022899 -0.000572 -0.961944
v -1.022899 -0.000572 -0.961944
v -1.022899 -0.000572 -0.961944
v -0.886985 -0.239052 -1.099815
v -0.886985 -0.239052 -1.099815
v -0.886985 -0.239052 -1.099815
v -0.886985 -0.239052 -1.099815
v -0.886985 -0.239052 -1.099815
v -0.886985 -0.239052 -1.099815
v -0.886985 -0.239052 -1.099815
v -0.909426 -0.120863 -1.099815
v -0.909426 -0.120863 -1.099815
v -0.909426 -0.120863 -1.099815
v -0.909426 -0.120863 -1.099815
v -0.909426 -0.120863 -1.099815
v -0.909426 -0.120863 -1.099815
v -1.014507 -0.134829 -0.961944
v -1.014507 -0.134829 -0.961944
v -1.014507 -0.134829 -0.961944
v -1.014507 -0.134829 -0.961944
v -1.014507 -0.134829 -0.961944
v -1.014507 -0.134829 -0.961944
v -1.014507 -0.134829 -0.961944
v -0.989473 -0.266674 -0.961944
v -0.989473 -0.266674 -0.961944
v -0.989473 -0.266674 -0.961944
v -0.989473 -0.266674 -0.961944
v -0.989473 -0.266674 -0.961944
v -0.989473 -0.266674 -0.961944
v -0.797347 -0.460348 -1.099815
v -0.797347 -0.460348 -1.099815
v -0.797347 -0.460348 -1.099815
v -0.797347 -0.460348 -1.099815
v -0.797347 -0.460348 -1.099815
v -0.797347 -0.460348 -1.099815
v -0.849625 -0.352932 -1.099815
v -0.849625 -0.352932 -1.099815
v -0.849625 -0.352932 -1.099815
v -0.849625 -0.352932 -1.099815
v -0.849625 -0.352932 -1.099815
v -0.849625 -0.352932 -1.099815
v -0.947797 -0.393711 -0.961944
v -0.947797 -0.393711 -0.961944
v -0.947797 -0.393711 -0.961944
v -0.947797 -0.393711 -0.961944
v -0.947797 -0.393711 -0.961944
v -0.947797 -0.393711 -0.961944
v -0.889478 -0.513540 -0.961944
v -0.889478 -0.513540 -0.961944
v -0.889478 -0.513540 -0.961944
v -0.889478 -0.513540 -0.961944
v -0.889478 -0.513540 -0.961944
v -0.889478 -0.513540 -0.961944
v -0.649899 -0.649229 -1.099815
v -0.649899 -0.649229 -1.099815
v -0.649899 -0.649229 -1.099815
v -0.649899 -0.649229 -1.099815
v -0.649899 -0.649229 -1.099815
v -0.649899 -0.649229 -1.099815
v -0.730195 -0.559670 -1.099815
v -0.730195 -0.559670 -1.099815
v -0.730195 -0.559670 -1.099815
v -0.730195 -0.559670 -1.099815
v -0.730195 -0.559670 -1.099815
v -0.730195 -0.559670 -1.099815
v -0.814566 -0.624338 -0.961944
v -0.814566 -0.624338 -0.961944
v -0.814566 -0.624338 -0.961944
v -0.814566 -0.624338 -0.961944
v -0.814566 -0.624338 -0.961944
v -0.814566 -0.624338 -0.961944
v -0.724993 -0.724247 -0.961944
v -0.724993 -0.724247 -0.961944
v -0.724993 -0.724247 -0.961944
v -0.724993 -0.724247 -0.961944
v -0.724993 -0.724247 -0.961944
v -0.724993 -0.724247 -0.961944
v -0.458030 -0.794357 -1.099815
v -0.458030 -0.794357 -1.099815
v -0.458030 -0.794357 -1.099815
v -0.458030 -0.794357 -1.099815
v -0.458030 -0.794357 -1.099815
v -0.458030 -0.794357 -1.099815
v -0.558628 -0.727724 -1.099815
v -0.558628 -0.727724 -1.099815
v -0.558628 -0.727724 -1.099815
v -0.558628 -0.727724 -1.099815
v -0.558628 -0.727724 -1.099815
v -0.558628 -0.727724 -1.099815
v -0.623176 -0.811811 -0.961944
v -0.623176 -0.811811 -0.961944
v -0.623176 -0.811811 -0.961944
v -0.623176 -0.811811 -0.961944
v -0.623176 -0.811811 -0.961944
v -0.623176 -0.811811 -0.961944
v -0.510954 -0.886143 -0.961944
v -0.510954 -0.886143 -0.961944
v -0.510954 -0.886143 -0.961944
v -0.510954 -0.886143 -0.961944
v -0.510954 -0.886143 -0.961944
v -0.510954 -0.886143 -0.961944
v -0.236466 -0.887676 -1.099815
v -0.236466 -0.887676 -1.099815
v -0.236466 -0.887676 -1.099815
v -0.236466 -0.887676 -1.099815
v -0.236466 -0.887676 -1.099815
v -0.236466 -0.887676 -1.099815
v -0.350042 -0.848017 -1.099815
v -0.350042 -0.848017 -1.099815
v -0.350042 -0.848017 -1.099815
v -0.350042 -0.848017 -1.099815
v -0.350042 -0.848017 -1.099815
v -0.350042 -0.848017 -1.099815
v -0.390489 -0.946003 -0.961944
v -0.390489 -0.946003 -0.961944
v -0.390489 -0.946003 -0.961944
v -0.390489 -0.946003 -0.961944
v -0.390489 -0.946003 -0.961944
v -0.390489 -0.946003 -0.961944
v -0.263789 -0.990246 -0.961944
v -0.263789 -0.990246 -0.961944
v -0.263789 -0.990246 -0.961944
v -0.263789 -0.990246 -0.961944
v -0.263789 -0.990246 -0.961944
v -0.263789 -0.990246 -0.961944
v 0.000000 -0.920696 -1.099815
v 0.000000 -0.920696 -1.099815
v 0.000000 -0.920696 -1.099815
v 0.000000 -0.920696 -1.099815
v 0.000000 -0.920696 -1.099815
v 0.000000 -0.920696 -1.099815
v 0.000000 -0.920696 -1.099815
v -0.119165 -0.912262 -1.099815
v -0.119165 -0.912262 -1.099815
v -0.119165 -0.912262 -1.099815
v -0.119165 -0.912262 -1.099815
v -0.119165 -0.912262 -1.099815
v -0.119165 -0.912262 -1.099815
v -0.132934 -1.017672 -0.961944
v -0.132934 -1.017672 -0.961944
v -0.132934 -1.017672 -0.961944
v -0.132934 -1.017672 -0.961944
v -0.132934 -1.017672 -0.961944
v -0.132934 -1.017672 -0.961944
v -0.132934 -1.017672 -0.961944
v 0.000000 -1.027081 -0.961944
v 0.000000 -1.027081 -0.961944
v 0.000000 -1.027081 -0.961944
v 0.000000 -1.027081 -0.961944
v 0.000000 -1.027081 -0.961944
v 0.000000 -1.027081 -0.961944
v 0.000000 -1.027081 -0.961944
v 0.237300 -0.887444 -1.099815
v 0.237300 -0.887444 -1.099815
v 0.237300 -0.887444 -1.099815
v 0.237300 -0.887444 -1.099815
v 0.237300 -0.887444 -1.099815
v 0.237300 -0.887444 -1.099815
v 0.119592 -0.912201 -1.099815
v 0.119592 -0.912201 -1.099815
v 0.119592 -0.912201 -1.099815
v 0.119592 -0.912201 -1.099815
v 0.119592 -0.912201 -1.099815
v 0.119592 -0.912201 -1.099815
v 0.119592 -0.912201 -1.099815
v 0.133410 -1.017605 -0.961944
v 0.133410 -1.017605 -0.961944
v 0.133410 -1.017605 -0.961944
v 0.133410 -1.017605 -0.961944
v 0.133410 -1.017605 -0.961944
v 0.133410 -1.017605 -0.961944
v 0.264720 -0.989986 -0.961944
v 0.264720 -0.989986 -0.961944
v 0.264720 -0.989986 -0.961944
v 0.264720 -0.989986 -0.961944
v 0.264720 -0.989986 -0.961944
v 0.264720 -0.989986 -0.961944
v 0.458918 -0.793844 -1.099815
v 0.458918 -0.793844 -1.099815
v 0.458918 -0.793844 -1.099815
v 0.458918 -0.793844 -1.099815
v 0.458918 -0.793844 -1.099815
v 0.458918 -0.793844 -1.099815
v 0.350915 -0.847649 -1.099815
v 0.350915 -0.847649 -1.099815
v 0.350915 -0.847649 -1.099815
v 0.350915 -0.847649 -1.099815
v 0.350915 -0.847649 -1.099815
v 0.350915 -0.847649 -1.099815
v 0.391462 -0.945593 -0.961944
v 0.391462 -0.945593 -0.961944
v 0.391462 -0.945593 -0.961944
v 0.391462 -0.945593 -0.961944
v 0.391462 -0.945593 -0.961944
v 0.391462 -0.945593 -0.961944
v 0.511945 -0.885571 -0.961944
v 0.511945 -0.885571 -0.961944
v 0.511945 -0.885571 -0.961944
v 0.511945 -0.885571 -0.961944
v 0.511945 -0.885571 -0.961944
v 0.511945 -0.885571 -0.961944
v 0.650518 -0.648624 -1.099815
v 0.650518 -0.648624 -1.099815
v 0.650518 -0.648624 -1.099815
v 0.650518 -0.648624 -1.099815
v 0.650518 -0.648624 -1.099815
v 0.650518 -0.648624 -1.099815
v 0.650518 -0.648624 -1.099815
v 0.559383 -0.727154 -1.099815
v 0.559383 -0.727154 -1.099815
v 0.559383 -0.727154 -1.099815
v 0.559383 -0.727154 -1.099815
v 0.559383 -0.727154 -1.099815
v 0.559383 -0.727154 -1.099815
v 0.624018 -0.811174 -0.961944
v 0.624018 -0.811174 -0.961944
v 0.624018 -0.811174 -0.961944
v 0.624018 -0.811174 -0.961944
v 0.624018 -0.811174 -0.961944
v 0.624018 -0.811174 -0.961944
v 0.624018 -0.811174 -0.961944
v 0.725684 -0.723572 -0.961944
v 0.725684 -0.723572 -0.961944
v 0.725684 -0.723572 -0.961944
v 0.725684 -0.723572 -0.961944
v 0.725684 -0.723572 -0.961944
v 0.725684 -0.723572 -0.961944
v 0.797347 -0.460348 -1.099815
v 0.797347 -0.460348 -1.099815
v 0.797347 -0.460348 -1.099815
v 0.797347 -0.460348 -1.099815
v 0.797347 -0.460348 -1.099815
v 0.797347 -0.460348 -1.099815
v 0.730460 -0.559330 -1.099815
v 0.730460 -0.559330 -1.099815
v 0.730460 -0.559330 -1.099815
v 0.730460 -0.559330 -1.099815
v 0.730460 -0.559330 -1.099815
v 0.730460 -0.559330 -1.099815
v 0.814863 -0.623959 -0.961944
v 0.814863 -0.623959 -0.961944
v 0.814863 -0.623959 -0.961944
v 0.814863 -0.623959 -0.961944
v 0.814863 -0.623959 -0.961944
v 0.814863 -0.623959 -0.961944
v 0.889478 -0.513540 -0.961944
v 0.889478 -0.513540 -0.961944
v 0.889478 -0.513540 -0.961944
v 0.889478 -0.513540 -0.961944
v 0.889478 -0.513540 -0.961944
v 0.889478 -0.513540 -0.961944
v 0.887200 -0.238214 -1.099815
v 0.887200 -0.238214 -1.099815
v 0.887200 -0.238214 -1.099815
v 0.887200 -0.238214 -1.099815
v 0.887200 -0.238214 -1.099815
v 0.887200 -0.238214 -1.099815
v 0.849786 -0.352531 -1.099815
v 0.849786 -0.352531 -1.099815
v 0.849786 -0.352531 -1.099815
v 0.849786 -0.352531 -1.099815
v 0.849786 -0.352531 -1.099815
v 0.849786 -0.352531 -1.099815
v 0.947977 -0.393265 -0.961944
v 0.947977 -0.393265 -0.961944
v 0.947977 -0.393265 -0.961944
v 0.947977 -0.393265 -0.961944
v 0.947977 -0.393265 -0.961944
v 0.947977 -0.393265 -0.961944
v 0.989713 -0.265739 -0.961944
v 0.989713 -0.265739 -0.961944
v 0.989713 -0.265739 -0.961944
v 0.989713 -0.265739 -0.961944
v 0.989713 -0.265739 -0.961944
v 0.989713 -0.265739 -0.961944
v 0.916948 0.000513 -1.099815
v 0.916948 0.000513 -1.099815
v 0.916948 0.000513 -1.099815
v 0.916948 0.000513 -1.099815
v 0.916948 0.000513 -1.099815
v 0.916948 0.000513 -1.099815
v 0.909543 -0.119923 -1.099815
v 0.909543 -0.119923 -1.099815
v 0.909543 -0.119923 -1.099815
v 0.909543 -0.119923 -1.099815
v 0.909543 -0.119923 -1.099815
v 0.909543 -0.119923 -1.099815
v 1.014638 -0.133779 -0.961944
v 1.014638 -0.133779 -0.961944
v 1.014638 -0.133779 -0.961944
v 1.014638 -0.133779 -0.961944
v 1.014638 -0.133779 -0.961944
v 1.014638 -0.133779 -0.961944
v 1.022899 0.000572 -0.961944
v 1.022899 0.000572 -0.961944
v 1.022899 0.000572 -0.961944
v 1.022899 0.000572 -0.961944
v 1.022899 0.000572 -0.961944
v 1.022899 0.000572 -0.961944
v 0.886985 0.239054 -1.099815
v 0.886985 0.239054 -1.099815
v 0.886985 0.239054 -1.099815
v 0.886985 0.239054 -1.099815
v 0.886985 0.239054 -1.099815
v 0.886985 0.239054 -1.099815
v 0.909426 0.120863 -1.099815
v 0.909426 0.120863 -1.099815
v 0.909426 0.120863 -1.099815
v 0.909426 0.120863 -1.099815
v 0.909426 0.120863 -1.099815
v 0.909426 0.120863 -1.099815
v 1.014507 0.134829 -0.961944
v 1.014507 0.134829 -0.961944
v 1.014507 0.134829 -0.961944
v 1.014507 0.134829 -0.961944
v 1.014507 0.134829 -0.961944
v 1.014507 0.134829 -0.961944
v 0.989473 0.266676 -0.961944
v 0.989473 0.266676 -0.961944
v 0.989473 0.266676 -0.961944
v 0.989473 0.266676 -0.961944
v 0.989473 0.266676 -0.961944
v 0.989473 0.266676 -0.961944
v 0.797347 0.460348 -1.099815
v 0.797347 0.460348 -1.099815
v 0.797347 0.460348 -1.099815
v 0.797347 0.460348 -1.099815
v 0.797347 0.460348 -1.099815
v 0.797347 0.460348 -1.099815
v 0.849625 0.352932 -1.099815
v 0.849625 0.352932 -1.099815
v 0.849625 0.352932 -1.099815
v 0.849625 0.352932 -1.099815
v 0.849625 0.352932 -1.099815
v 0.849625 0.352932 -1.099815
v 0.947797 0.393713 -0.961944
v 0.947797 0.393713 -0.961944
v 0.947797 0.393713 -0.961944
v 0.947797 0.393713 -0.961944
v 0.947797 0.393713 -0.961944
v 0.947797 0.393713 -0.961944
v 0.889478 0.513540 -0.961944
v 0.889478 0.513540 -0.961944
v 0.889478 0.513540 -0.961944
v 0.889478 0.513540 -0.961944
v 0.889478 0.513540 -0.961944
v 0.889478 0.513540 -0.961944
v 0.889478 0.513540 -0.961944
v 0.649899 0.649231 -1.099815
v 0.649899 0.649231 -1.099815
v 0.649899 0.649231 -1.099815
v 0.649899 0.649231 -1.099815
v 0.649899 0.649231 -1.099815
v 0.649899 0.649231 -1.099815
v 0.730195 0.559671 -1.099815
v 0.730195 0.559671 -1.099815
v 0.730195 0.559671 -1.099815
v 0.730195 0.559671 -1.099815
v 0.730195 0.559671 -1.099815
v 0.730195 0.559671 -1.099815
v 0.730195 0.559671 -1.099815
v 0.814566 0.624340 -0.961944
v 0.814566 0.624340 -0.961944
v 0.814566 0.624340 -0.961944
v 0.814566 0.624340 -0.961944
v 0.814566 0.624340 -0.961944
v 0.814566 0.624340 -0.961944
v 0.724993 0.724247 -0.961944
v 0.724993 0.724247 -0.961944
v 0.724993 0.724247 -0.961944
v 0.724993 0.724247 -0.961944
v 0.724993 0.724247 -0.961944
v 0.724993 0.724247 -0.961944
v 0.458030 0.794357 -1.099815
v 0.458030 0.794357 -1.099815
v 0.458030 0.794357 -1.099815
v 0.458030 0.794357 -1.099815
v 0.458030 0.794357 -1.099815
v 0.458030 0.794357 -1.099815
v 0.558628 0.727726 -1.099815
v 0.558628 0.727726 -1.099815
v 0.558628 0.727726 -1.099815
v 0.558628 0.727726 -1.099815
v 0.558628 0.727726 -1.099815
v 0.558628 0.727726 -1.099815
v 0.623176 0.811813 -0.961944
v 0.623176 0.811813 -0.961944
v 0.623176 0.811813 -0.961944
v 0.623176 0.811813 -0.961944
v 0.623176 0.811813 -0.961944
v 0.623176 0.811813 -0.961944
v 0.510954 0.886143 -0.961944
v 0.510954 0.886143 -0.961944
v 0.510954 0.886143 -0.961944
v 0.510954 0.886143 -0.961944
v 0.510954 0.886143 -0.961944
v 0.510954 0.886143 -0.961944
v 0.236466 0.887678 -1.099815
v 0.236466 0.887678 -1.099815
v 0.236466 0.887678 -1.099815
v 0.236466 0.887678 -1.099815
v 0.236466 0.887678 -1.099815
v 0.236466 0.887678 -1.099815
v 0.350042 0.848017 -1.099815
v 0.350042 0.848017 -1.099815
v 0.350042 0.848017 -1.099815
v 0.350042 0.848017 -1.099815
v 0.350042 0.848017 -1.099815
v 0.350042 0.848017 -1.099815
v 0.390489 0.946003 -0.961944
v 0.390489 0.946003 -0.961944
v 0.390489 0.946003 -0.961944
v 0.390489 0.946003 -0.961944
v 0.390489 0.946003 -0.961944
v 0.390489 0.946003 -0.961944
v 0.263789 0.990246 -0.961944
v 0.263789 0.990246 -0.961944
v 0.263789 0.990246 -0.961944
v 0.263789 0.990246 -0.961944
v 0.263789 0.990246 -0.961944
v 0.263789 0.990246 -0.961944
v 0.263789 0.990246 -0.961944
v -0.000000 0.920696 -1.099815
v -0.000000 0.920696 -1.099815
v -0.000000 0.920696 -1.099815
v -0.000000 0.920696 -1.099815
v -0.000000 0.920696 -1.099815
v -0.000000 0.920696 -1.099815
v -0.000000 0.920696 -1.099815
v 0.119165 0.912262 -1.099815
v 0.119165 0.912262 -1.099815
v 0.119165 0.912262 -1.099815
v 0.119165 0.912262 -1.099815
v 0.119165 0.912262 -1.099815
v 0.119165 0.912262 -1.099815
v 0.119165 0.912262 -1.099815
v 0.132934 1.017672 -0.961944
v 0.132934 1.017672 -0.961944
v 0.132934 1.017672 -0.961944
v 0.132934 1.017672 -0.961944
v 0.132934 1.017672 -0.961944
v 0.132934 1.017672 -0.961944
v 0.132934 1.017672 -0.961944
v -0.000000 1.027081 -0.961944
v -0.000000 1.027081 -0.961944
v -0.000000 1.027081 -0.961944
v -0.000000 1.027081 -0.961944
v -0.000000 1.027081 -0.961944
v -0.000000 1.027081 -0.961944
v -0.237300 0.887445 -1.099815
v -0.237300 0.887445 -1.099815
v -0.237300 0.887445 -1.099815
v -0.237300 0.887445 -1.099815
v -0.237300 0.887445 -1.099815
v -0.237300 0.887445 -1.099815
v -0.119592 0.912203 -1.099815
v -0.119592 0.912203 -1.099815
v -0.119592 0.912203 -1.099815
v -0.119592 0.912203 -1.099815
v -0.119592 0.912203 -1.099815
v -0.119592 0.912203 -1.099815
v -0.133410 1.017605 -0.961944
v -0.133410 1.017605 -0.961944
v -0.133410 1.017605 -0.961944
v -0.133410 1.017605 -0.961944
v -0.133410 1.017605 -0.961944
v -0.133410 1.017605 -0.961944
v -0.264720 0.989986 -0.961944
v -0.264720 0.989986 -0.961944
v -0.264720 0.989986 -0.961944
v -0.264720 0.989986 -0.961944
v -0.264720 0.989986 -0.961944
v -0.264720 0.989986 -0.961944
v -0.458918 0.793844 -1.099815
v -0.458918 0.793844 -1.099815
v -0.458918 0.793844 -1.099815
v -0.458918 0.793844 -1.099815
v -0.458918 0.793844 -1.099815
v -0.458918 0.793844 -1.099815
v -0.350915 0.847649 -1.099815
v -0.350915 0.847649 -1.099815
v -0.350915 0.847649 -1.099815
v -0.350915 0.847649 -1.099815
v -0.350915 0.847649 -1.099815
v -0.350915 0.847649 -1.099815
v -0.391462 0.945593 -0.961944
v -0.391462 0.945593 -0.961944
v -0.391462 0.945593 -0.961944
v -0.391462 0.945593 -0.961944
v -0.391462 0.945593 -0.961944
v -0.391462 0.945593 -0.961944
v -0.511945 0.885571 -0.961944
v -0.511945 0.885571 -0.961944
v -0.511945 0.885571 -0.961944
v -0.511945 0.885571 -0.961944
v -0.511945 0.885571 -0.961944
v -0.511945 0.885571 -0.961944
v -0.511945 0.885571 -0.961944
v -0.650518 0.648624 -1.099815
v -0.650518 0.648624 -1.099815
v -0.650518 0.648624 -1.099815
v -0.650518 0.648624 -1.099815
v -0.650518 0.648624 -1.099815
v -0.650518 0.648624 -1.099815
v -0.650518 0.648624 -1.099815
v -0.559383 0.727154 -1.099815
v -0.559383 0.727154 -1.099815
v -0.559383 0.727154 -1.099815
v -0.559383 0.727154 -1.099815
v -0.559383 0.727154 -1.099815
v -0.559383 0.727154 -1.099815
v -0.559383 0.727154 -1.099815
v -0.624018 0.811176 -0.961944
v -0.624018 0.811176 -0.961944
v -0.624018 0.811176 -0.961944
v -0.624018 0.811176 -0.961944
v -0.624018 0.811176 -0.961944
v -0.624018 0.811176 -0.961944
v -0.624018 0.811176 -0.961944
v -0.725684 0.723572 -0.961944
v -0.725684 0.723572 -0.961944
v -0.725684 0.723572 -0.961944
v -0.725684 0.723572 -0.961944
v -0.725684 0.723572 -0.961944
v -0.725684 0.723572 -0.961944
v -0.730460 0.559332 -1.099815
v -0.730460 0.559332 -1.099815
v -0.730460 0.559332 -1.099815
v -0.730460 0.559332 -1.099815
v -0.730460 0.559332 -1.099815
v -0.730460 0.559332 -1.099815
v -0.814863 0.623960 -0.961944
v -0.814863 0.623960 -0.961944
v -0.814863 0.623960 -0.961944
v -0.814863 0.623960 -0.961944
v -0.814863 0.623960 -0.961944
v -0.814863 0.623960 -0.961944
v -0.713751 0.191643 -1.362222
v -0.713751 0.191643 -1.362222
v -0.713751 0.191643 -1.362222
v -0.713751 0.191643 -1.362222
v -0.713751 0.191643 -1.362222
v -0.700213 0.238173 -1.362222
v -0.700213 0.238173 -1.362222
v -0.700213 0.238173 -1.362222
v -0.700213 0.238173 -1.362222
v -0.700213 0.238173 -1.362222
v -0.726488 0.247110 -1.289843
v -0.726488 0.247110 -1.289843
v -0.726488 0.247110 -1.289843
v -0.726488 0.247110 -1.289843
v -0.726488 0.247110 -1.289843
v -0.740535 0.198835 -1.289843
v -0.740535 0.198835 -1.289843
v -0.740535 0.198835 -1.289843
v -0.740535 0.198835 -1.289843
v -0.765042 0.260223 -1.238813
v -0.765042 0.260223 -1.238813
v -0.765042 0.260223 -1.238813
v -0.765042 0.260223 -1.238813
v -0.765042 0.260223 -1.238813
v -0.779834 0.209387 -1.238813
v -0.779834 0.209387 -1.238813
v -0.779834 0.209387 -1.238813
v -0.779834 0.209387 -1.238813
v -0.779834 0.209387 -1.238813
v -0.709306 0.294254 -1.289843
v -0.709306 0.294254 -1.289843
v -0.709306 0.294254 -1.289843
v -0.709306 0.294254 -1.289843
v -0.709306 0.294254 -1.289843
v -0.746948 0.309870 -1.238813
v -0.746948 0.309870 -1.238813
v -0.746948 0.309870 -1.238813
v -0.746948 0.309870 -1.238813
v -0.683652 0.283611 -1.362222
v -0.683652 0.283611 -1.362222
v -0.683652 0.283611 -1.362222
v -0.683652 0.283611 -1.362222
v -0.725552 0.358088 -1.238813
v -0.725552 0.358088 -1.238813
v -0.725552 0.358088 -1.238813
v -0.725552 0.358088 -1.238813
v -0.725552 0.358088 -1.238813
v -0.725552 0.358088 -1.238813
v -0.700854 0.404638 -1.238813
v -0.700854 0.404638 -1.238813
v -0.700854 0.404638 -1.238813
v -0.700854 0.404638 -1.238813
v -0.700854 0.404638 -1.238813
v -0.664070 0.327744 -1.362222
v -0.664070 0.327744 -1.362222
v -0.664070 0.327744 -1.362222
v -0.664070 0.327744 -1.362222
v -0.664070 0.327744 -1.362222
v -0.664070 0.327744 -1.362222
v -0.688989 0.340042 -1.289843
v -0.688989 0.340042 -1.289843
v -0.688989 0.340042 -1.289843
v -0.688989 0.340042 -1.289843
v -0.688989 0.340042 -1.289843
v -0.665536 0.384247 -1.289843
v -0.665536 0.384247 -1.289843
v -0.665536 0.384247 -1.289843
v -0.665536 0.384247 -1.289843
v -0.665536 0.384247 -1.289843
v -0.665536 0.384247 -1.289843
v -0.641465 0.370350 -1.362222
v -0.641465 0.370350 -1.362222
v -0.641465 0.370350 -1.362222
v -0.641465 0.370350 -1.362222
v -0.641465 0.370350 -1.362222
v -0.737684 -0.000412 -1.362222
v -0.737684 -0.000412 -1.362222
v -0.737684 -0.000412 -1.362222
v -0.737684 -0.000412 -1.362222
v -0.736208 0.048141 -1.362222
v -0.736208 0.048141 -1.362222
v -0.736208 0.048141 -1.362222
v -0.736208 0.048141 -1.362222
v -0.736208 0.048141 -1.362222
v -0.736208 0.048141 -1.362222
v -0.763834 0.049948 -1.289843
v -0.763834 0.049948 -1.289843
v -0.763834 0.049948 -1.289843
v -0.763834 0.049948 -1.289843
v -0.763834 0.049948 -1.289843
v -0.765366 -0.000427 -1.289843
v -0.765366 -0.000427 -1.289843
v -0.765366 -0.000427 -1.289843
v -0.765366 -0.000427 -1.289843
v -0.804369 0.052597 -1.238813
v -0.804369 0.052597 -1.238813
v -0.804369 0.052597 -1.238813
v -0.804369 0.052597 -1.238813
v -0.804369 0.052597 -1.238813
v -0.805982 -0.000450 -1.238813
v -0.805982 -0.000450 -1.238813
v -0.805982 -0.000450 -1.238813
v -0.805982 -0.000450 -1.238813
v -0.805982 -0.000450 -1.238813
v -0.759185 0.100100 -1.289843
v -0.759185 0.100100 -1.289843
v -0.759185 0.100100 -1.289843
v -0.759185 0.100100 -1.289843
v -0.759185 0.100100 -1.289843
v -0.799473 0.105411 -1.238813
v -0.799473 0.105411 -1.238813
v -0.799473 0.105411 -1.238813
v -0.799473 0.105411 -1.238813
v -0.799473 0.105411 -1.238813
v -0.731727 0.096479 -1.362222
v -0.731727 0.096479 -1.362222
v -0.731727 0.096479 -1.362222
v -0.731727 0.096479 -1.362222
v -0.791295 0.157753 -1.238813
v -0.791295 0.157753 -1.238813
v -0.791295 0.157753 -1.238813
v -0.791295 0.157753 -1.238813
v -0.791295 0.157753 -1.238813
v -0.724241 0.144384 -1.362222
v -0.724241 0.144384 -1.362222
v -0.724241 0.144384 -1.362222
v -0.724241 0.144384 -1.362222
v -0.724241 0.144384 -1.362222
v -0.751418 0.149803 -1.289843
v -0.751418 0.149803 -1.289843
v -0.751418 0.149803 -1.289843
v -0.751418 0.149803 -1.289843
v -0.751418 0.149803 -1.289843
v -0.713578 -0.192318 -1.362222
v -0.713578 -0.192318 -1.362222
v -0.713578 -0.192318 -1.362222
v -0.713578 -0.192318 -1.362222
v -0.724106 -0.145102 -1.362222
v -0.724106 -0.145102 -1.362222
v -0.724106 -0.145102 -1.362222
v -0.724106 -0.145102 -1.362222
v -0.724106 -0.145102 -1.362222
v -0.751278 -0.150545 -1.289843
v -0.751278 -0.150545 -1.289843
v -0.751278 -0.150545 -1.289843
v -0.751278 -0.150545 -1.289843
v -0.751278 -0.150545 -1.289843
v -0.740355 -0.199533 -1.289843
v -0.740355 -0.199533 -1.289843
v -0.740355 -0.199533 -1.289843
v -0.740355 -0.199533 -1.289843
v -0.791147 -0.158535 -1.238813
v -0.791147 -0.158535 -1.238813
v -0.791147 -0.158535 -1.238813
v -0.791147 -0.158535 -1.238813
v -0.791147 -0.158535 -1.238813
v -0.779645 -0.210123 -1.238813
v -0.779645 -0.210123 -1.238813
v -0.779645 -0.210123 -1.238813
v -0.779645 -0.210123 -1.238813
v -0.779645 -0.210123 -1.238813
v -0.759087 -0.100882 -1.289843
v -0.759087 -0.100882 -1.289843
v -0.759087 -0.100882 -1.289843
v -0.759087 -0.100882 -1.289843
v -0.759087 -0.100882 -1.289843
v -0.799370 -0.106236 -1.238813
v -0.799370 -0.106236 -1.238813
v -0.799370 -0.106236 -1.238813
v -0.799370 -0.106236 -1.238813
v -0.799370 -0.106236 -1.238813
v -0.731632 -0.097233 -1.362222
v -0.731632 -0.097233 -1.362222
v -0.731632 -0.097233 -1.362222
v -0.731632 -0.097233 -1.362222
v -0.731632 -0.097233 -1.362222
v -0.804315 -0.053463 -1.238813
v -0.804315 -0.053463 -1.238813
v -0.804315 -0.053463 -1.238813
v -0.804315 -0.053463 -1.238813
v -0.804315 -0.053463 -1.238813
v -0.804315 -0.053463 -1.238813
v -0.736158 -0.048931 -1.362222
v -0.736158 -0.048931 -1.362222
v -0.736158 -0.048931 -1.362222
v -0.736158 -0.048931 -1.362222
v -0.736158 -0.048931 -1.362222
v -0.763783 -0.050768 -1.289843
v -0.763783 -0.050768 -1.289843
v -0.763783 -0.050768 -1.289843
v -0.763783 -0.050768 -1.289843
v -0.763783 -0.050768 -1.289843
v -0.763783 -0.050768 -1.289843
v -0.641465 -0.370350 -1.362222
v -0.641465 -0.370350 -1.362222
v -0.641465 -0.370350 -1.362222
v -0.641465 -0.370350 -1.362222
v -0.663994 -0.327900 -1.362222
v -0.663994 -0.327900 -1.362222
v -0.663994 -0.327900 -1.362222
v -0.663994 -0.327900 -1.362222
v -0.663994 -0.327900 -1.362222
v -0.688910 -0.340204 -1.289843
v -0.688910 -0.340204 -1.289843
v -0.688910 -0.340204 -1.289843
v -0.688910 -0.340204 -1.289843
v -0.665536 -0.384247 -1.289843
v -0.665536 -0.384247 -1.289843
v -0.665536 -0.384247 -1.289843
v -0.665536 -0.384247 -1.289843
v -0.725469 -0.358257 -1.238813
v -0.725469 -0.358257 -1.238813
v -0.725469 -0.358257 -1.238813
v -0.725469 -0.358257 -1.238813
v -0.725469 -0.358257 -1.238813
v -0.700854 -0.404638 -1.238813
v -0.700854 -0.404638 -1.238813
v -0.700854 -0.404638 -1.238813
v -0.700854 -0.404638 -1.238813
v -0.709172 -0.294588 -1.289843
v -0.709172 -0.294588 -1.289843
v -0.709172 -0.294588 -1.289843
v -0.709172 -0.294588 -1.289843
v -0.746806 -0.310221 -1.238813
v -0.746806 -0.310221 -1.238813
v -0.746806 -0.310221 -1.238813
v -0.746806 -0.310221 -1.238813
v -0.683522 -0.283934 -1.362222
v -0.683522 -0.283934 -1.362222
v -0.683522 -0.283934 -1.362222
v -0.683522 -0.283934 -1.362222
v -0.683522 -0.283934 -1.362222
v -0.764865 -0.260763 -1.238813
v -0.764865 -0.260763 -1.238813
v -0.764865 -0.260763 -1.238813
v -0.764865 -0.260763 -1.238813
v -0.764865 -0.260763 -1.238813
v -0.700051 -0.238667 -1.362222
v -0.700051 -0.238667 -1.362222
v -0.700051 -0.238667 -1.362222
v -0.700051 -0.238667 -1.362222
v -0.700051 -0.238667 -1.362222
v -0.726320 -0.247623 -1.289843
v -0.726320 -0.247623 -1.289843
v -0.726320 -0.247623 -1.289843
v -0.726320 -0.247623 -1.289843
v -0.726320 -0.247623 -1.289843
v -0.726320 -0.247623 -1.289843
v -0.522843 -0.522305 -1.362222
v -0.522843 -0.522305 -1.362222
v -0.522843 -0.522305 -1.362222
v -0.522843 -0.522305 -1.362222
v -0.522843 -0.522305 -1.362222
v -0.556369 -0.487316 -1.362222
v -0.556369 -0.487316 -1.362222
v -0.556369 -0.487316 -1.362222
v -0.556369 -0.487316 -1.362222
v -0.556369 -0.487316 -1.362222
v -0.556369 -0.487316 -1.362222
v -0.577247 -0.505602 -1.289843
v -0.577247 -0.505602 -1.289843
v -0.577247 -0.505602 -1.289843
v -0.577247 -0.505602 -1.289843
v -0.577247 -0.505602 -1.289843
v -0.577247 -0.505602 -1.289843
v -0.542463 -0.541904 -1.289843
v -0.542463 -0.541904 -1.289843
v -0.542463 -0.541904 -1.289843
v -0.542463 -0.541904 -1.289843
v -0.542463 -0.541904 -1.289843
v -0.607880 -0.532434 -1.238813
v -0.607880 -0.532434 -1.238813
v -0.607880 -0.532434 -1.238813
v -0.607880 -0.532434 -1.238813
v -0.607880 -0.532434 -1.238813
v -0.607880 -0.532434 -1.238813
v -0.571251 -0.570662 -1.238813
v -0.571251 -0.570662 -1.238813
v -0.571251 -0.570662 -1.238813
v -0.571251 -0.570662 -1.238813
v -0.571251 -0.570662 -1.238813
v -0.609485 -0.467150 -1.289843
v -0.609485 -0.467150 -1.289843
v -0.609485 -0.467150 -1.289843
v -0.609485 -0.467150 -1.289843
v -0.609485 -0.467150 -1.289843
v -0.609485 -0.467150 -1.289843
v -0.641829 -0.491941 -1.238813
v -0.641829 -0.491941 -1.238813
v -0.641829 -0.491941 -1.238813
v -0.641829 -0.491941 -1.238813
v -0.641829 -0.491941 -1.238813
v -0.587441 -0.450254 -1.362222
v -0.587441 -0.450254 -1.362222
v -0.587441 -0.450254 -1.362222
v -0.587441 -0.450254 -1.362222
v -0.672889 -0.449303 -1.238813
v -0.672889 -0.449303 -1.238813
v -0.672889 -0.449303 -1.238813
v -0.672889 -0.449303 -1.238813
v -0.672889 -0.449303 -1.238813
v -0.672889 -0.449303 -1.238813
v -0.615869 -0.411228 -1.362222
v -0.615869 -0.411228 -1.362222
v -0.615869 -0.411228 -1.362222
v -0.615869 -0.411228 -1.362222
v -0.615869 -0.411228 -1.362222
v -0.638980 -0.426661 -1.289843
v -0.638980 -0.426661 -1.289843
v -0.638980 -0.426661 -1.289843
v -0.638980 -0.426661 -1.289843
v -0.368485 -0.639059 -1.362222
v -0.368485 -0.639059 -1.362222
v -0.368485 -0.639059 -1.362222
v -0.368485 -0.639059 -1.362222
v -0.409795 -0.613504 -1.362222
v -0.409795 -0.613504 -1.362222
v -0.409795 -0.613504 -1.362222
v -0.409795 -0.613504 -1.362222
v -0.409795 -0.613504 -1.362222
v -0.409795 -0.613504 -1.362222
v -0.425172 -0.636526 -1.289843
v -0.425172 -0.636526 -1.289843
v -0.425172 -0.636526 -1.289843
v -0.425172 -0.636526 -1.289843
v -0.382312 -0.663040 -1.289843
v -0.382312 -0.663040 -1.289843
v -0.382312 -0.663040 -1.289843
v -0.382312 -0.663040 -1.289843
v -0.382312 -0.663040 -1.289843
v -0.382312 -0.663040 -1.289843
v -0.447735 -0.670305 -1.238813
v -0.447735 -0.670305 -1.238813
v -0.447735 -0.670305 -1.238813
v -0.447735 -0.670305 -1.238813
v -0.447735 -0.670305 -1.238813
v -0.447735 -0.670305 -1.238813
v -0.402601 -0.698227 -1.238813
v -0.402601 -0.698227 -1.238813
v -0.402601 -0.698227 -1.238813
v -0.402601 -0.698227 -1.238813
v -0.402601 -0.698227 -1.238813
v -0.466280 -0.607424 -1.289843
v -0.466280 -0.607424 -1.289843
v -0.466280 -0.607424 -1.289843
v -0.466280 -0.607424 -1.289843
v -0.466280 -0.607424 -1.289843
v -0.466280 -0.607424 -1.289843
v -0.491025 -0.639658 -1.238813
v -0.491025 -0.639658 -1.238813
v -0.491025 -0.639658 -1.238813
v -0.491025 -0.639658 -1.238813
v -0.449416 -0.585455 -1.362222
v -0.449416 -0.585455 -1.362222
v -0.449416 -0.585455 -1.362222
v -0.449416 -0.585455 -1.362222
v -0.449416 -0.585455 -1.362222
v -0.532265 -0.606405 -1.238813
v -0.532265 -0.606405 -1.238813
v -0.532265 -0.606405 -1.238813
v -0.532265 -0.606405 -1.238813
v -0.532265 -0.606405 -1.238813
v -0.532265 -0.606405 -1.238813
v -0.487162 -0.555017 -1.362222
v -0.487162 -0.555017 -1.362222
v -0.487162 -0.555017 -1.362222
v -0.487162 -0.555017 -1.362222
v -0.487162 -0.555017 -1.362222
v -0.505442 -0.575846 -1.289843
v -0.505442 -0.575846 -1.289843
v -0.505442 -0.575846 -1.289843
v -0.505442 -0.575846 -1.289843
v -0.505442 -0.575846 -1.289843
v -0.505442 -0.575846 -1.289843
v -0.190237 -0.714136 -1.362222
v -0.190237 -0.714136 -1.362222
v -0.190237 -0.714136 -1.362222
v -0.190237 -0.714136 -1.362222
v -0.190237 -0.714136 -1.362222
v -0.236391 -0.699644 -1.362222
v -0.236391 -0.699644 -1.362222
v -0.236391 -0.699644 -1.362222
v -0.236391 -0.699644 -1.362222
v -0.236391 -0.699644 -1.362222
v -0.236391 -0.699644 -1.362222
v -0.245262 -0.725899 -1.289843
v -0.245262 -0.725899 -1.289843
v -0.245262 -0.725899 -1.289843
v -0.245262 -0.725899 -1.289843
v -0.245262 -0.725899 -1.289843
v -0.245262 -0.725899 -1.289843
v -0.197376 -0.740934 -1.289843
v -0.197376 -0.740934 -1.289843
v -0.197376 -0.740934 -1.289843
v -0.197376 -0.740934 -1.289843
v -0.197376 -0.740934 -1.289843
v -0.258277 -0.764420 -1.238813
v -0.258277 -0.764420 -1.238813
v -0.258277 -0.764420 -1.238813
v -0.258277 -0.764420 -1.238813
v -0.258277 -0.764420 -1.238813
v -0.207850 -0.780252 -1.238813
v -0.207850 -0.780252 -1.238813
v -0.207850 -0.780252 -1.238813
v -0.207850 -0.780252 -1.238813
v -0.292176 -0.707829 -1.289843
v -0.292176 -0.707829 -1.289843
v -0.292176 -0.707829 -1.289843
v -0.292176 -0.707829 -1.289843
v -0.292176 -0.707829 -1.289843
v -0.307682 -0.745392 -1.238813
v -0.307682 -0.745392 -1.238813
v -0.307682 -0.745392 -1.238813
v -0.307682 -0.745392 -1.238813
v -0.307682 -0.745392 -1.238813
v -0.281609 -0.682228 -1.362222
v -0.281609 -0.682228 -1.362222
v -0.281609 -0.682228 -1.362222
v -0.281609 -0.682228 -1.362222
v -0.281609 -0.682228 -1.362222
v -0.355858 -0.723288 -1.238813
v -0.355858 -0.723288 -1.238813
v -0.355858 -0.723288 -1.238813
v -0.355858 -0.723288 -1.238813
v -0.355858 -0.723288 -1.238813
v -0.325703 -0.661997 -1.362222
v -0.325703 -0.661997 -1.362222
v -0.325703 -0.661997 -1.362222
v -0.325703 -0.661997 -1.362222
v -0.325703 -0.661997 -1.362222
v -0.325703 -0.661997 -1.362222
v -0.337925 -0.686840 -1.289843
v -0.337925 -0.686840 -1.289843
v -0.337925 -0.686840 -1.289843
v -0.337925 -0.686840 -1.289843
v -0.337925 -0.686840 -1.289843
v -0.337925 -0.686840 -1.289843
v 0.000000 -0.740700 -1.362222
v 0.000000 -0.740700 -1.362222
v 0.000000 -0.740700 -1.362222
v 0.000000 -0.740700 -1.362222
v 0.000000 -0.740700 -1.362222
v -0.048028 -0.738985 -1.362222
v -0.048028 -0.738985 -1.362222
v -0.048028 -0.738985 -1.362222
v -0.048028 -0.738985 -1.362222
v -0.048028 -0.738985 -1.362222
v -0.049830 -0.766716 -1.289843
v -0.049830 -0.766716 -1.289843
v -0.049830 -0.766716 -1.289843
v -0.049830 -0.766716 -1.289843
v -0.049830 -0.766716 -1.289843
v 0.000000 -0.768494 -1.289843
v 0.000000 -0.768494 -1.289843
v 0.000000 -0.768494 -1.289843
v 0.000000 -0.768494 -1.289843
v 0.000000 -0.768494 -1.289843
v -0.052474 -0.807404 -1.238813
v -0.052474 -0.807404 -1.238813
v -0.052474 -0.807404 -1.238813
v -0.052474 -0.807404 -1.238813
v -0.052474 -0.807404 -1.238813
v 0.000000 -0.809277 -1.238813
v 0.000000 -0.809277 -1.238813
v 0.000000 -0.809277 -1.238813
v 0.000000 -0.809277 -1.238813
v 0.000000 -0.809277 -1.238813
v -0.099465 -0.761454 -1.289843
v -0.099465 -0.761454 -1.289843
v -0.099465 -0.761454 -1.289843
v -0.099465 -0.761454 -1.289843
v -0.104744 -0.801863 -1.238813
v -0.104744 -0.801863 -1.238813
v -0.104744 -0.801863 -1.238813
v -0.104744 -0.801863 -1.238813
v -0.095868 -0.733913 -1.362222
v -0.095868 -0.733913 -1.362222
v -0.095868 -0.733913 -1.362222
v -0.095868 -0.733913 -1.362222
v -0.095868 -0.733913 -1.362222
v -0.156604 -0.792774 -1.238813
v -0.156604 -0.792774 -1.238813
v -0.156604 -0.792774 -1.238813
v -0.156604 -0.792774 -1.238813
v -0.156604 -0.792774 -1.238813
v -0.143333 -0.725595 -1.362222
v -0.143333 -0.725595 -1.362222
v -0.143333 -0.725595 -1.362222
v -0.143333 -0.725595 -1.362222
v -0.143333 -0.725595 -1.362222
v -0.143333 -0.725595 -1.362222
v -0.148712 -0.752823 -1.289843
v -0.148712 -0.752823 -1.289843
v -0.148712 -0.752823 -1.289843
v -0.148712 -0.752823 -1.289843
v -0.148712 -0.752823 -1.289843
v 0.190908 -0.713947 -1.362222
v 0.190908 -0.713947 -1.362222
v 0.190908 -0.713947 -1.362222
v 0.190908 -0.713947 -1.362222
v 0.143844 -0.725487 -1.362222
v 0.143844 -0.725487 -1.362222
v 0.143844 -0.725487 -1.362222
v 0.143844 -0.725487 -1.362222
v 0.143844 -0.725487 -1.362222
v 0.143844 -0.725487 -1.362222
v 0.149242 -0.752712 -1.289843
v 0.149242 -0.752712 -1.289843
v 0.149242 -0.752712 -1.289843
v 0.149242 -0.752712 -1.289843
v 0.198072 -0.740738 -1.289843
v 0.198072 -0.740738 -1.289843
v 0.198072 -0.740738 -1.289843
v 0.198072 -0.740738 -1.289843
v 0.157161 -0.792656 -1.238813
v 0.157161 -0.792656 -1.238813
v 0.157161 -0.792656 -1.238813
v 0.157161 -0.792656 -1.238813
v 0.157161 -0.792656 -1.238813
v 0.208583 -0.780048 -1.238813
v 0.208583 -0.780048 -1.238813
v 0.208583 -0.780048 -1.238813
v 0.208583 -0.780048 -1.238813
v 0.099822 -0.761404 -1.289843
v 0.099822 -0.761404 -1.289843
v 0.099822 -0.761404 -1.289843
v 0.099822 -0.761404 -1.289843
v 0.099822 -0.761404 -1.289843
v 0.105119 -0.801809 -1.238813
v 0.105119 -0.801809 -1.238813
v 0.105119 -0.801809 -1.238813
v 0.105119 -0.801809 -1.238813
v 0.096211 -0.733866 -1.362222
v 0.096211 -0.733866 -1.362222
v 0.096211 -0.733866 -1.362222
v 0.096211 -0.733866 -1.362222
v 0.096211 -0.733866 -1.362222
v 0.052663 -0.807390 -1.238813
v 0.052663 -0.807390 -1.238813
v 0.052663 -0.807390 -1.238813
v 0.052663 -0.807390 -1.238813
v 0.052663 -0.807390 -1.238813
v 0.048200 -0.738972 -1.362222
v 0.048200 -0.738972 -1.362222
v 0.048200 -0.738972 -1.362222
v 0.048200 -0.738972 -1.362222
v 0.048200 -0.738972 -1.362222
v 0.048200 -0.738972 -1.362222
v 0.050009 -0.766703 -1.289843
v 0.050009 -0.766703 -1.289843
v 0.050009 -0.766703 -1.289843
v 0.050009 -0.766703 -1.289843
v 0.050009 -0.766703 -1.289843
v 0.050009 -0.766703 -1.289843
v 0.369199 -0.638647 -1.362222
v 0.369199 -0.638647 -1.362222
v 0.369199 -0.638647 -1.362222
v 0.369199 -0.638647 -1.362222
v 0.369199 -0.638647 -1.362222
v 0.326413 -0.661644 -1.362222
v 0.326413 -0.661644 -1.362222
v 0.326413 -0.661644 -1.362222
v 0.326413 -0.661644 -1.362222
v 0.326413 -0.661644 -1.362222
v 0.338662 -0.686472 -1.289843
v 0.338662 -0.686472 -1.289843
v 0.338662 -0.686472 -1.289843
v 0.338662 -0.686472 -1.289843
v 0.338662 -0.686472 -1.289843
v 0.338662 -0.686472 -1.289843
v 0.383054 -0.662611 -1.289843
v 0.383054 -0.662611 -1.289843
v 0.383054 -0.662611 -1.289843
v 0.383054 -0.662611 -1.289843
v 0.383054 -0.662611 -1.289843
v 0.356634 -0.722902 -1.238813
v 0.356634 -0.722902 -1.238813
v 0.356634 -0.722902 -1.238813
v 0.356634 -0.722902 -1.238813
v 0.356634 -0.722902 -1.238813
v 0.403382 -0.697775 -1.238813
v 0.403382 -0.697775 -1.238813
v 0.403382 -0.697775 -1.238813
v 0.403382 -0.697775 -1.238813
v 0.292904 -0.707521 -1.289843
v 0.292904 -0.707521 -1.289843
v 0.292904 -0.707521 -1.289843
v 0.292904 -0.707521 -1.289843
v 0.292904 -0.707521 -1.289843
v 0.308448 -0.745070 -1.238813
v 0.308448 -0.745070 -1.238813
v 0.308448 -0.745070 -1.238813
v 0.308448 -0.745070 -1.238813
v 0.308448 -0.745070 -1.238813
v 0.282310 -0.681932 -1.362222
v 0.282310 -0.681932 -1.362222
v 0.282310 -0.681932 -1.362222
v 0.282310 -0.681932 -1.362222
v 0.259029 -0.764156 -1.238813
v 0.259029 -0.764156 -1.238813
v 0.259029 -0.764156 -1.238813
v 0.259029 -0.764156 -1.238813
v 0.259029 -0.764156 -1.238813
v 0.259029 -0.764156 -1.238813
v 0.237080 -0.699404 -1.362222
v 0.237080 -0.699404 -1.362222
v 0.237080 -0.699404 -1.362222
v 0.237080 -0.699404 -1.362222
v 0.237080 -0.699404 -1.362222
v 0.245976 -0.725649 -1.289843
v 0.245976 -0.725649 -1.289843
v 0.245976 -0.725649 -1.289843
v 0.245976 -0.725649 -1.289843
v 0.523341 -0.521818 -1.362222
v 0.523341 -0.521818 -1.362222
v 0.523341 -0.521818 -1.362222
v 0.523341 -0.521818 -1.362222
v 0.523341 -0.521818 -1.362222
v 0.487714 -0.554543 -1.362222
v 0.487714 -0.554543 -1.362222
v 0.487714 -0.554543 -1.362222
v 0.487714 -0.554543 -1.362222
v 0.487714 -0.554543 -1.362222
v 0.506016 -0.575352 -1.289843
v 0.506016 -0.575352 -1.289843
v 0.506016 -0.575352 -1.289843
v 0.506016 -0.575352 -1.289843
v 0.506016 -0.575352 -1.289843
v 0.542980 -0.541399 -1.289843
v 0.542980 -0.541399 -1.289843
v 0.542980 -0.541399 -1.289843
v 0.542980 -0.541399 -1.289843
v 0.532869 -0.605885 -1.238813
v 0.532869 -0.605885 -1.238813
v 0.532869 -0.605885 -1.238813
v 0.532869 -0.605885 -1.238813
v 0.532869 -0.605885 -1.238813
v 0.571795 -0.570129 -1.238813
v 0.571795 -0.570129 -1.238813
v 0.571795 -0.570129 -1.238813
v 0.571795 -0.570129 -1.238813
v 0.571795 -0.570129 -1.238813
v 0.466911 -0.606947 -1.289843
v 0.466911 -0.606947 -1.289843
v 0.466911 -0.606947 -1.289843
v 0.466911 -0.606947 -1.289843
v 0.491689 -0.639156 -1.238813
v 0.491689 -0.639156 -1.238813
v 0.491689 -0.639156 -1.238813
v 0.491689 -0.639156 -1.238813
v 0.450023 -0.584995 -1.362222
v 0.450023 -0.584995 -1.362222
v 0.450023 -0.584995 -1.362222
v 0.450023 -0.584995 -1.362222
v 0.448458 -0.669827 -1.238813
v 0.448458 -0.669827 -1.238813
v 0.448458 -0.669827 -1.238813
v 0.448458 -0.669827 -1.238813
v 0.448458 -0.669827 -1.238813
v 0.410456 -0.613066 -1.362222
v 0.410456 -0.613066 -1.362222
v 0.410456 -0.613066 -1.362222
v 0.410456 -0.613066 -1.362222
v 0.410456 -0.613066 -1.362222
v 0.410456 -0.613066 -1.362222
v 0.425858 -0.636070 -1.289843
v 0.425858 -0.636070 -1.289843
v 0.425858 -0.636070 -1.289843
v 0.425858 -0.636070 -1.289843
v 0.641465 -0.370350 -1.362222
v 0.641465 -0.370350 -1.362222
v 0.641465 -0.370350 -1.362222
v 0.641465 -0.370350 -1.362222
v 0.641465 -0.370350 -1.362222
v 0.615966 -0.411085 -1.362222
v 0.615966 -0.411085 -1.362222
v 0.615966 -0.411085 -1.362222
v 0.615966 -0.411085 -1.362222
v 0.615966 -0.411085 -1.362222
v 0.615966 -0.411085 -1.362222
v 0.639080 -0.426512 -1.289843
v 0.639080 -0.426512 -1.289843
v 0.639080 -0.426512 -1.289843
v 0.639080 -0.426512 -1.289843
v 0.639080 -0.426512 -1.289843
v 0.665536 -0.384247 -1.289843
v 0.665536 -0.384247 -1.289843
v 0.665536 -0.384247 -1.289843
v 0.665536 -0.384247 -1.289843
v 0.665536 -0.384247 -1.289843
v 0.672995 -0.449146 -1.238813
v 0.672995 -0.449146 -1.238813
v 0.672995 -0.449146 -1.238813
v 0.672995 -0.449146 -1.238813
v 0.672995 -0.449146 -1.238813
v 0.672995 -0.449146 -1.238813
v 0.700854 -0.404638 -1.238813
v 0.700854 -0.404638 -1.238813
v 0.700854 -0.404638 -1.238813
v 0.700854 -0.404638 -1.238813
v 0.700854 -0.404638 -1.238813
v 0.609706 -0.466866 -1.289843
v 0.609706 -0.466866 -1.289843
v 0.609706 -0.466866 -1.289843
v 0.609706 -0.466866 -1.289843
v 0.609706 -0.466866 -1.289843
v 0.642062 -0.491642 -1.238813
v 0.642062 -0.491642 -1.238813
v 0.642062 -0.491642 -1.238813
v 0.642062 -0.491642 -1.238813
v 0.587655 -0.449982 -1.362222
v 0.587655 -0.449982 -1.362222
v 0.587655 -0.449982 -1.362222
v 0.587655 -0.449982 -1.362222
v 0.608261 -0.532009 -1.238813
v 0.608261 -0.532009 -1.238813
v 0.608261 -0.532009 -1.238813
v 0.608261 -0.532009 -1.238813
v 0.608261 -0.532009 -1.238813
v 0.556717 -0.486927 -1.362222
v 0.556717 -0.486927 -1.362222
v 0.556717 -0.486927 -1.362222
v 0.556717 -0.486927 -1.362222
v 0.556717 -0.486927 -1.362222
v 0.577608 -0.505199 -1.289843
v 0.577608 -0.505199 -1.289843
v 0.577608 -0.505199 -1.289843
v 0.577608 -0.505199 -1.289843
v 0.577608 -0.505199 -1.289843
v 0.713751 -0.191643 -1.362222
v 0.713751 -0.191643 -1.362222
v 0.713751 -0.191643 -1.362222
v 0.713751 -0.191643 -1.362222
v 0.700213 -0.238171 -1.362222
v 0.700213 -0.238171 -1.362222
v 0.700213 -0.238171 -1.362222
v 0.700213 -0.238171 -1.362222
v 0.700213 -0.238171 -1.362222
v 0.726488 -0.247108 -1.289843
v 0.726488 -0.247108 -1.289843
v 0.726488 -0.247108 -1.289843
v 0.726488 -0.247108 -1.289843
v 0.726488 -0.247108 -1.289843
v 0.740535 -0.198833 -1.289843
v 0.740535 -0.198833 -1.289843
v 0.740535 -0.198833 -1.289843
v 0.740535 -0.198833 -1.289843
v 0.765042 -0.260221 -1.238813
v 0.765042 -0.260221 -1.238813
v 0.765042 -0.260221 -1.238813
v 0.765042 -0.260221 -1.238813
v 0.765042 -0.260221 -1.238813
v 0.779834 -0.209385 -1.238813
v 0.779834 -0.209385 -1.238813
v 0.779834 -0.209385 -1.238813
v 0.779834 -0.209385 -1.238813
v 0.709306 -0.294254 -1.289843
v 0.709306 -0.294254 -1.289843
v 0.709306 -0.294254 -1.289843
v 0.709306 -0.294254 -1.289843
v 0.746948 -0.309870 -1.238813
v 0.746948 -0.309870 -1.238813
v 0.746948 -0.309870 -1.238813
v 0.746948 -0.309870 -1.238813
v 0.746948 -0.309870 -1.238813
v 0.683652 -0.283611 -1.362222
v 0.683652 -0.283611 -1.362222
v 0.683652 -0.283611 -1.362222
v 0.683652 -0.283611 -1.362222
v 0.725552 -0.358088 -1.238813
v 0.725552 -0.358088 -1.238813
v 0.725552 -0.358088 -1.238813
v 0.725552 -0.358088 -1.238813
v 0.725552 -0.358088 -1.238813
v 0.664070 -0.327744 -1.362222
v 0.664070 -0.327744 -1.362222
v 0.664070 -0.327744 -1.362222
v 0.664070 -0.327744 -1.362222
v 0.664070 -0.327744 -1.362222
v 0.688989 -0.340042 -1.289843
v 0.688989 -0.340042 -1.289843
v 0.688989 -0.340042 -1.289843
v 0.688989 -0.340042 -1.289843
v 0.688989 -0.340042 -1.289843
v 0.737684 0.000412 -1.362222
v 0.737684 0.000412 -1.362222
v 0.737684 0.000412 -1.362222
v 0.737684 0.000412 -1.362222
v 0.737684 0.000412 -1.362222
v 0.736208 -0.048140 -1.362222
v 0.736208 -0.048140 -1.362222
v 0.736208 -0.048140 -1.362222
v 0.736208 -0.048140 -1.362222
v 0.736208 -0.048140 -1.362222
v 0.736208 -0.048140 -1.362222
v 0.763834 -0.049946 -1.289843
v 0.763834 -0.049946 -1.289843
v 0.763834 -0.049946 -1.289843
v 0.763834 -0.049946 -1.289843
v 0.763834 -0.049946 -1.289843
v 0.763834 -0.049946 -1.289843
v 0.765366 0.000429 -1.289843
v 0.765366 0.000429 -1.289843
v 0.765366 0.000429 -1.289843
v 0.765366 0.000429 -1.289843
v 0.804369 -0.052597 -1.238813
v 0.804369 -0.052597 -1.238813
v 0.804369 -0.052597 -1.238813
v 0.804369 -0.052597 -1.238813
v 0.804369 -0.052597 -1.238813
v 0.805982 0.000452 -1.238813
v 0.805982 0.000452 -1.238813
v 0.805982 0.000452 -1.238813
v 0.805982 0.000452 -1.238813
v 0.805982 0.000452 -1.238813
v 0.759185 -0.100098 -1.289843
v 0.759185 -0.100098 -1.289843
v 0.759185 -0.100098 -1.289843
v 0.759185 -0.100098 -1.289843
v 0.759185 -0.100098 -1.289843
v 0.759185 -0.100098 -1.289843
v 0.799473 -0.105410 -1.238813
v 0.799473 -0.105410 -1.238813
v 0.799473 -0.105410 -1.238813
v 0.799473 -0.105410 -1.238813
v 0.799473 -0.105410 -1.238813
v 0.731727 -0.096477 -1.362222
v 0.731727 -0.096477 -1.362222
v 0.731727 -0.096477 -1.362222
v 0.731727 -0.096477 -1.362222
v 0.791295 -0.157753 -1.238813
v 0.791295 -0.157753 -1.238813
v 0.791295 -0.157753 -1.238813
v 0.791295 -0.157753 -1.238813
v 0.791295 -0.157753 -1.238813
v 0.791295 -0.157753 -1.238813
v 0.724241 -0.144384 -1.362222
v 0.724241 -0.144384 -1.362222
v 0.724241 -0.144384 -1.362222
v 0.724241 -0.144384 -1.362222
v 0.724241 -0.144384 -1.362222
v 0.751418 -0.149803 -1.289843
v 0.751418 -0.149803 -1.289843
v 0.751418 -0.149803 -1.289843
v 0.751418 -0.149803 -1.289843
v 0.713578 0.192318 -1.362222
v 0.713578 0.192318 -1.362222
v 0.713578 0.192318 -1.362222
v 0.713578 0.192318 -1.362222
v 0.724106 0.145102 -1.362222
v 0.724106 0.145102 -1.362222
v 0.724106 0.145102 -1.362222
v 0.724106 0.145102 -1.362222
v 0.724106 0.145102 -1.362222
v 0.751278 0.150547 -1.289843
v 0.751278 0.150547 -1.289843
v 0.751278 0.150547 -1.289843
v 0.751278 0.150547 -1.289843
v 0.751278 0.150547 -1.289843
v 0.740355 0.199535 -1.289843
v 0.740355 0.199535 -1.289843
v 0.740355 0.199535 -1.289843
v 0.740355 0.199535 -1.289843
v 0.791147 0.158535 -1.238813
v 0.791147 0.158535 -1.238813
v 0.791147 0.158535 -1.238813
v 0.791147 0.158535 -1.238813
v 0.791147 0.158535 -1.238813
v 0.779645 0.210123 -1.238813
v 0.779645 0.210123 -1.238813
v 0.779645 0.210123 -1.238813
v 0.779645 0.210123 -1.238813
v 0.779645 0.210123 -1.238813
v 0.759087 0.100884 -1.289843
v 0.759087 0.100884 -1.289843
v 0.759087 0.100884 -1.289843
v 0.759087 0.100884 -1.289843
v 0.799370 0.106237 -1.238813
v 0.799370 0.106237 -1.238813
v 0.799370 0.106237 -1.238813
v 0.799370 0.106237 -1.238813
v 0.799370 0.106237 -1.238813
v 0.731632 0.097235 -1.362222
v 0.731632 0.097235 -1.362222
v 0.731632 0.097235 -1.362222
v 0.731632 0.097235 -1.362222
v 0.731632 0.097235 -1.362222
v 0.804315 0.053463 -1.238813
v 0.804315 0.053463 -1.238813
v 0.804315 0.053463 -1.238813
v 0.804315 0.053463 -1.238813
v 0.804315 0.053463 -1.238813
v 0.736158 0.048933 -1.362222
v 0.736158 0.048933 -1.362222
v 0.736158 0.048933 -1.362222
v 0.736158 0.048933 -1.362222
v 0.736158 0.048933 -1.362222
v 0.763783 0.050770 -1.289843
v 0.763783 0.050770 -1.289843
v 0.763783 0.050770 -1.289843
v 0.763783 0.050770 -1.289843
v 0.763783 0.050770 -1.289843
v 0.763783 0.050770 -1.289843
v 0.641465 0.370350 -1.362222
v 0.641465 0.370350 -1.362222
v 0.641465 0.370350 -1.362222
v 0.641465 0.370350 -1.362222
v 0.663994 0.327900 -1.362222
v 0.663994 0.327900 -1.362222
v 0.663994 0.327900 -1.362222
v 0.663994 0.327900 -1.362222
v 0.663994 0.327900 -1.362222
v 0.688910 0.340204 -1.289843
v 0.688910 0.340204 -1.289843
v 0.688910 0.340204 -1.289843
v 0.688910 0.340204 -1.289843
v 0.665536 0.384247 -1.289843
v 0.665536 0.384247 -1.289843
v 0.665536 0.384247 -1.289843
v 0.665536 0.384247 -1.289843
v 0.665536 0.384247 -1.289843
v 0.725469 0.358259 -1.238813
v 0.725469 0.358259 -1.238813
v 0.725469 0.358259 -1.238813
v 0.725469 0.358259 -1.238813
v 0.725469 0.358259 -1.238813
v 0.700854 0.404638 -1.238813
v 0.700854 0.404638 -1.238813
v 0.700854 0.404638 -1.238813
v 0.700854 0.404638 -1.238813
v 0.709172 0.294588 -1.289843
v 0.709172 0.294588 -1.289843
v 0.709172 0.294588 -1.289843
v 0.709172 0.294588 -1.289843
v 0.746806 0.310221 -1.238813
v 0.746806 0.310221 -1.238813
v 0.746806 0.310221 -1.238813
v 0.746806 0.310221 -1.238813
v 0.683522 0.283934 -1.362222
v 0.683522 0.283934 -1.362222
v 0.683522 0.283934 -1.362222
v 0.683522 0.283934 -1.362222
v 0.764865 0.260765 -1.238813
v 0.764865 0.260765 -1.238813
v 0.764865 0.260765 -1.238813
v 0.764865 0.260765 -1.238813
v 0.764865 0.260765 -1.238813
v 0.700051 0.238668 -1.362222
v 0.700051 0.238668 -1.362222
v 0.700051 0.238668 -1.362222
v 0.700051 0.238668 -1.362222
v 0.700051 0.238668 -1.362222
v 0.726320 0.247623 -1.289843
v 0.726320 0.247623 -1.289843
v 0.726320 0.247623 -1.289843
v 0.726320 0.247623 -1.289843
v 0.726320 0.247623 -1.289843
v 0.522843 0.522306 -1.362222
v 0.522843 0.522306 -1.362222
v 0.522843 0.522306 -1.362222
v 0.522843 0.522306 -1.362222
v 0.556369 0.487316 -1.362222
v 0.556369 0.487316 -1.362222
v 0.556369 0.487316 -1.362222
v 0.556369 0.487316 -1.362222
v 0.556369 0.487316 -1.362222
v 0.556369 0.487316 -1.362222
v 0.577247 0.505604 -1.289843
v 0.577247 0.505604 -1.289843
v 0.577247 0.505604 -1.289843
v 0.577247 0.505604 -1.289843
v 0.542463 0.541904 -1.289843
v 0.542463 0.541904 -1.289843
v 0.542463 0.541904 -1.289843
v 0.542463 0.541904 -1.289843
v 0.607880 0.532434 -1.238813
v 0.607880 0.532434 -1.238813
v 0.607880 0.532434 -1.238813
v 0.607880 0.532434 -1.238813
v 0.607880 0.532434 -1.238813
v 0.571251 0.570663 -1.238813
v 0.571251 0.570663 -1.238813
v 0.571251 0.570663 -1.238813
v 0.571251 0.570663 -1.238813
v 0.571251 0.570663 -1.238813
v 0.609485 0.467152 -1.289843
v 0.609485 0.467152 -1.289843
v 0.609485 0.467152 -1.289843
v 0.609485 0.467152 -1.289843
v 0.609485 0.467152 -1.289843
v 0.641829 0.491941 -1.238813
v 0.641829 0.491941 -1.238813
v 0.641829 0.491941 -1.238813
v 0.641829 0.491941 -1.238813
v 0.587441 0.450254 -1.362222
v 0.587441 0.450254 -1.362222
v 0.587441 0.450254 -1.362222
v 0.587441 0.450254 -1.362222
v 0.672889 0.449303 -1.238813
v 0.672889 0.449303 -1.238813
v 0.672889 0.449303 -1.238813
v 0.672889 0.449303 -1.238813
v 0.672889 0.449303 -1.238813
v 0.615869 0.411230 -1.362222
v 0.615869 0.411230 -1.362222
v 0.615869 0.411230 -1.362222
v 0.615869 0.411230 -1.362222
v 0.615869 0.411230 -1.362222
v 0.615869 0.411230 -1.362222
v 0.638980 0.426661 -1.289843
v 0.638980 0.426661 -1.289843
v 0.638980 0.426661 -1.289843
v 0.638980 0.426661 -1.289843
v 0.368485 0.639059 -1.362222
v 0.368485 0.639059 -1.362222
v 0.368485 0.639059 -1.362222
v 0.368485 0.639059 -1.362222
v 0.409795 0.613504 -1.362222
v 0.409795 0.613504 -1.362222
v 0.409795 0.613504 -1.362222
v 0.409795 0.613504 -1.362222
v 0.409795 0.613504 -1.362222
v 0.409795 0.613504 -1.362222
v 0.425172 0.636526 -1.289843
v 0.425172 0.636526 -1.289843
v 0.425172 0.636526 -1.289843
v 0.425172 0.636526 -1.289843
v 0.425172 0.636526 -1.289843
v 0.382312 0.663040 -1.289843
v 0.382312 0.663040 -1.289843
v 0.382312 0.663040 -1.289843
v 0.382312 0.663040 -1.289843
v 0.447735 0.670305 -1.238813
v 0.447735 0.670305 -1.238813
v 0.447735 0.670305 -1.238813
v 0.447735 0.670305 -1.238813
v 0.447735 0.670305 -1.238813
v 0.402601 0.698227 -1.238813
v 0.402601 0.698227 -1.238813
v 0.402601 0.698227 -1.238813
v 0.402601 0.698227 -1.238813
v 0.466280 0.607424 -1.289843
v 0.466280 0.607424 -1.289843
v 0.466280 0.607424 -1.289843
v 0.466280 0.607424 -1.289843
v 0.466280 0.607424 -1.289843
v 0.491025 0.639658 -1.238813
v 0.491025 0.639658 -1.238813
v 0.491025 0.639658 -1.238813
v 0.491025 0.639658 -1.238813
v 0.491025 0.639658 -1.238813
v 0.449416 0.585455 -1.362222
v 0.449416 0.585455 -1.362222
v 0.449416 0.585455 -1.362222
v 0.449416 0.585455 -1.362222
v 0.532265 0.606405 -1.238813
v 0.532265 0.606405 -1.238813
v 0.532265 0.606405 -1.238813
v 0.532265 0.606405 -1.238813
v 0.532265 0.606405 -1.238813
v 0.487162 0.555019 -1.362222
v 0.487162 0.555019 -1.362222
v 0.487162 0.555019 -1.362222
v 0.487162 0.555019 -1.362222
v 0.487162 0.555019 -1.362222
v 0.505442 0.575846 -1.289843
v 0.505442 0.575846 -1.289843
v 0.505442 0.575846 -1.289843
v 0.505442 0.575846 -1.289843
v 0.505442 0.575846 -1.289843
v 0.190237 0.714136 -1.362222
v 0.190237 0.714136 -1.362222
v 0.190237 0.714136 -1.362222
v 0.190237 0.714136 -1.362222
v 0.190237 0.714136 -1.362222
v 0.236391 0.699644 -1.362222
v 0.236391 0.699644 -1.362222
v 0.236391 0.699644 -1.362222
v 0.236391 0.699644 -1.362222
v 0.236391 0.699644 -1.362222
v 0.236391 0.699644 -1.362222
v 0.245262 0.725899 -1.289843
v 0.245262 0.725899 -1.289843
v 0.245262 0.725899 -1.289843
v 0.245262 0.725899 -1.289843
v 0.245262 0.725899 -1.289843
v 0.197376 0.740934 -1.289843
v 0.197376 0.740934 -1.289843
v 0.197376 0.740934 -1.289843
v 0.197376 0.740934 -1.289843
v 0.197376 0.740934 -1.289843
v 0.197376 0.740934 -1.289843
v 0.258277 0.764421 -1.238813
v 0.258277 0.764421 -1.238813
v 0.258277 0.764421 -1.238813
v 0.258277 0.764421 -1.238813
v 0.258277 0.764421 -1.238813
v 0.258277 0.764421 -1.238813
v 0.207850 0.780254 -1.238813
v 0.207850 0.780254 -1.238813
v 0.207850 0.780254 -1.238813
v 0.207850 0.780254 -1.238813
v 0.292176 0.707830 -1.289843
v 0.292176 0.707830 -1.289843
v 0.292176 0.707830 -1.289843
v 0.292176 0.707830 -1.289843
v 0.292176 0.707830 -1.289843
v 0.307682 0.745394 -1.238813
v 0.307682 0.745394 -1.238813
v 0.307682 0.745394 -1.238813
v 0.307682 0.745394 -1.238813
v 0.281609 0.682230 -1.362222
v 0.281609 0.682230 -1.362222
v 0.281609 0.682230 -1.362222
v 0.281609 0.682230 -1.362222
v 0.281609 0.682230 -1.362222
v 0.355858 0.723289 -1.238813
v 0.355858 0.723289 -1.238813
v 0.355858 0.723289 -1.238813
v 0.355858 0.723289 -1.238813
v 0.355858 0.723289 -1.238813
v 0.325703 0.661999 -1.362222
v 0.325703 0.661999 -1.362222
v 0.325703 0.661999 -1.362222
v 0.325703 0.661999 -1.362222
v 0.325703 0.661999 -1.362222
v 0.337925 0.686840 -1.289843
v 0.337925 0.686840 -1.289843
v 0.337925 0.686840 -1.289843
v 0.337925 0.686840 -1.289843
v 0.337925 0.686840 -1.289843
v -0.000000 0.740700 -1.362222
v -0.000000 0.740700 -1.362222
v -0.000000 0.740700 -1.362222
v -0.000000 0.740700 -1.362222
v -0.000000 0.740700 -1.362222
v 0.048028 0.738985 -1.362222
v 0.048028 0.738985 -1.362222
v 0.048028 0.738985 -1.362222
v 0.048028 0.738985 -1.362222
v 0.048028 0.738985 -1.362222
v 0.048028 0.738985 -1.362222
v 0.049830 0.766716 -1.289843
v 0.049830 0.766716 -1.289843
v 0.049830 0.766716 -1.289843
v 0.049830 0.766716 -1.289843
v 0.049830 0.766716 -1.289843
v 0.049830 0.766716 -1.289843
v -0.000000 0.768496 -1.289843
v -0.000000 0.768496 -1.289843
v -0.000000 0.768496 -1.289843
v -0.000000 0.768496 -1.289843
v -0.000000 0.768496 -1.289843
v -0.000000 0.768496 -1.289843
v 0.052474 0.807404 -1.238813
v 0.052474 0.807404 -1.238813
v 0.052474 0.807404 -1.238813
v 0.052474 0.807404 -1.238813
v 0.052474 0.807404 -1.238813
v 0.052474 0.807404 -1.238813
v -0.000000 0.809277 -1.238813
v -0.000000 0.809277 -1.238813
v -0.000000 0.809277 -1.238813
v -0.000000 0.809277 -1.238813
v -0.000000 0.809277 -1.238813
v 0.099465 0.761456 -1.289843
v 0.099465 0.761456 -1.289843
v 0.099465 0.761456 -1.289843
v 0.099465 0.761456 -1.289843
v 0.099465 0.761456 -1.289843
v 0.099465 0.761456 -1.289843
v 0.104744 0.801865 -1.238813
v 0.104744 0.801865 -1.238813
v 0.104744 0.801865 -1.238813
v 0.104744 0.801865 -1.238813
v 0.104744 0.801865 -1.238813
v 0.095868 0.733915 -1.362222
v 0.095868 0.733915 -1.362222
v 0.095868 0.733915 -1.362222
v 0.095868 0.733915 -1.362222
v 0.156604 0.792774 -1.238813
v 0.156604 0.792774 -1.238813
v 0.156604 0.792774 -1.238813
v 0.156604 0.792774 -1.238813
v 0.156604 0.792774 -1.238813
v 0.156604 0.792774 -1.238813
v 0.143333 0.725595 -1.362222
v 0.143333 0.725595 -1.362222
v 0.143333 0.725595 -1.362222
v 0.143333 0.725595 -1.362222
v 0.143333 0.725595 -1.362222
v 0.143333 0.725595 -1.362222
v 0.148712 0.752823 -1.289843
v 0.148712 0.752823 -1.289843
v 0.148712 0.752823 -1.289843
v 0.148712 0.752823 -1.289843
v -0.190908 0.713949 -1.362222
v -0.190908 0.713949 -1.362222
v -0.190908 0.713949 -1.362222
v -0.190908 0.713949 -1.362222
v -0.190908 0.713949 -1.362222
v -0.143844 0.725489 -1.362222
v -0.143844 0.725489 -1.362222
v -0.143844 0.725489 -1.362222
v -0.143844 0.725489 -1.362222
v -0.143844 0.725489 -1.362222
v -0.143844 0.725489 -1.362222
v -0.149242 0.752712 -1.289843
v -0.149242 0.752712 -1.289843
v -0.149242 0.752712 -1.289843
v -0.149242 0.752712 -1.289843
v -0.149242 0.752712 -1.289843
v -0.149242 0.752712 -1.289843
v -0.198072 0.740740 -1.289843
v -0.198072 0.740740 -1.289843
v -0.198072 0.740740 -1.289843
v -0.198072 0.740740 -1.289843
v -0.157161 0.792658 -1.238813
v -0.157161 0.792658 -1.238813
v -0.157161 0.792658 -1.238813
v -0.157161 0.792658 -1.238813
v -0.157161 0.792658 -1.238813
v -0.208583 0.780048 -1.238813
v -0.208583 0.780048 -1.238813
v -0.208583 0.780048 -1.238813
v -0.208583 0.780048 -1.238813
v -0.099822 0.761404 -1.289843
v -0.099822 0.761404 -1.289843
v -0.099822 0.761404 -1.289843
v -0.099822 0.761404 -1.289843
v -0.099822 0.761404 -1.289843
v -0.099822 0.761404 -1.289843
v -0.105119 0.801811 -1.238813
v -0.105119 0.801811 -1.238813
v -0.105119 0.801811 -1.238813
v -0.105119 0.801811 -1.238813
v -0.105119 0.801811 -1.238813
v -0.096211 0.733866 -1.362222
v -0.096211 0.733866 -1.362222
v -0.096211 0.733866 -1.362222
v -0.096211 0.733866 -1.362222
v -0.096211 0.733866 -1.362222
v -0.052663 0.807390 -1.238813
v -0.052663 0.807390 -1.238813
v -0.052663 0.807390 -1.238813
v -0.052663 0.807390 -1.238813
v -0.052663 0.807390 -1.238813
v -0.052663 0.807390 -1.238813
v -0.048200 0.738974 -1.362222
v -0.048200 0.738974 -1.362222
v -0.048200 0.738974 -1.362222
v -0.048200 0.738974 -1.362222
v -0.048200 0.738974 -1.362222
v -0.048200 0.738974 -1.362222
v -0.050009 0.766703 -1.289843
v -0.050009 0.766703 -1.289843
v -0.050009 0.766703 -1.289843
v -0.050009 0.766703 -1.289843
v -0.050009 0.766703 -1.289843
v -0.050009 0.766703 -1.289843
v -0.369199 0.638647 -1.362222
v -0.369199 0.638647 -1.362222
v -0.369199 0.638647 -1.362222
v -0.369199 0.638647 -1.362222
v -0.369199 0.638647 -1.362222
v -0.326413 0.661646 -1.362222
v -0.326413 0.661646 -1.362222
v -0.326413 0.661646 -1.362222
v -0.326413 0.661646 -1.362222
v -0.326413 0.661646 -1.362222
v -0.326413 0.661646 -1.362222
v -0.338662 0.686474 -1.289843
v -0.338662 0.686474 -1.289843
v -0.338662 0.686474 -1.289843
v -0.338662 0.686474 -1.289843
v -0.338662 0.686474 -1.289843
v -0.383054 0.662613 -1.289843
v -0.383054 0.662613 -1.289843
v -0.383054 0.662613 -1.289843
v -0.383054 0.662613 -1.289843
v -0.383054 0.662613 -1.289843
v -0.356634 0.722902 -1.238813
v -0.356634 0.722902 -1.238813
v -0.356634 0.722902 -1.238813
v -0.356634 0.722902 -1.238813
v -0.356634 0.722902 -1.238813
v -0.356634 0.722902 -1.238813
v -0.403382 0.697777 -1.238813
v -0.403382 0.697777 -1.238813
v -0.403382 0.697777 -1.238813
v -0.403382 0.697777 -1.238813
v -0.403382 0.697777 -1.238813
v -0.292904 0.707523 -1.289843
v -0.292904 0.707523 -1.289843
v -0.292904 0.707523 -1.289843
v -0.292904 0.707523 -1.289843
v -0.292904 0.707523 -1.289843
v -0.292904 0.707523 -1.289843
v -0.308448 0.745070 -1.238813
v -0.308448 0.745070 -1.238813
v -0.308448 0.745070 -1.238813
v -0.308448 0.745070 -1.238813
v -0.282310 0.681932 -1.362222
v -0.282310 0.681932 -1.362222
v -0.282310 0.681932 -1.362222
v -0.282310 0.681932 -1.362222
v -0.259029 0.764158 -1.238813
v -0.259029 0.764158 -1.238813
v -0.259029 0.764158 -1.238813
v -0.259029 0.764158 -1.238813
v -0.259029 0.764158 -1.238813
v -0.259029 0.764158 -1.238813
v -0.237080 0.699404 -1.362222
v -0.237080 0.699404 -1.362222
v -0.237080 0.699404 -1.362222
v -0.237080 0.699404 -1.362222
v -0.237080 0.699404 -1.362222
v -0.245976 0.725649 -1.289843
v -0.245976 0.725649 -1.289843
v -0.245976 0.725649 -1.289843
v -0.245976 0.725649 -1.289843
v -0.523341 0.521818 -1.362222
v -0.523341 0.521818 -1.362222
v -0.523341 0.521818 -1.362222
v -0.523341 0.521818 -1.362222
v -0.523341 0.521818 -1.362222
v -0.487714 0.554543 -1.362222
v -0.487714 0.554543 -1.362222
v -0.487714 0.554543 -1.362222
v -0.487714 0.554543 -1.362222
v -0.487714 0.554543 -1.362222
v -0.487714 0.554543 -1.362222
v -0.506016 0.575354 -1.289843
v -0.506016 0.575354 -1.289843
v -0.506016 0.575354 -1.289843
v -0.506016 0.575354 -1.289843
v -0.506016 0.575354 -1.289843
v -0.542980 0.541399 -1.289843
v -0.542980 0.541399 -1.289843
v -0.542980 0.541399 -1.289843
v -0.542980 0.541399 -1.289843
v -0.532869 0.605886 -1.238813
v -0.532869 0.605886 -1.238813
v -0.532869 0.605886 -1.238813
v -0.532869 0.605886 -1.238813
v -0.532869 0.605886 -1.238813
v -0.571795 0.570131 -1.238813
v -0.571795 0.570131 -1.238813
v -0.571795 0.570131 -1.238813
v -0.571795 0.570131 -1.238813
v -0.571795 0.570131 -1.238813
v -0.466911 0.606947 -1.289843
v -0.466911 0.606947 -1.289843
v -0.466911 0.606947 -1.289843
v -0.466911 0.606947 -1.289843
v -0.466911 0.606947 -1.289843
v -0.466911 0.606947 -1.289843
v -0.491689 0.639156 -1.238813
v -0.491689 0.639156 -1.238813
v -0.491689 0.639156 -1.238813
v -0.491689 0.639156 -1.238813
v -0.450023 0.584995 -1.362222
v -0.450023 0.584995 -1.362222
v -0.450023 0.584995 -1.362222
v -0.450023 0.584995 -1.362222
v -0.450023 0.584995 -1.362222
v -0.448458 0.669827 -1.238813
v -0.448458 0.669827 -1.238813
v -0.448458 0.669827 -1.238813
v -0.448458 0.669827 -1.238813
v -0.448458 0.669827 -1.238813
v -0.448458 0.669827 -1.238813
v -0.410456 0.613066 -1.362222
v -0.410456 0.613066 -1.362222
v -0.410456 0.613066 -1.362222
v -0.410456 0.613066 -1.362222
v -0.410456 0.613066 -1.362222
v -0.425858 0.636072 -1.289843
v -0.425858 0.636072 -1.289843
v -0.425858 0.636072 -1.289843
v -0.425858 0.636072 -1.289843
v -0.425858 0.636072 -1.289843
v -0.425858 0.636072 -1.289843
v -0.615966 0.411087 -1.362222
v -0.615966 0.411087 -1.362222
v -0.615966 0.411087 -1.362222
v -0.615966 0.411087 -1.362222
v -0.615966 0.411087 -1.362222
v -0.615966 0.411087 -1.362222
v -0.639080 0.426512 -1.289843
v -0.639080 0.426512 -1.289843
v -0.639080 0.426512 -1.289843
v -0.639080 0.426512 -1.289843
v -0.639080 0.426512 -1.289843
v -0.672995 0.449146 -1.238813
v -0.672995 0.449146 -1.238813
v -0.672995 0.449146 -1.238813
v -0.672995 0.449146 -1.238813
v -0.672995 0.449146 -1.238813
v -0.672995 0.449146 -1.238813
v -0.609706 0.466867 -1.289843
v -0.609706 0.466867 -1.289843
v -0.609706 0.466867 -1.289843
v -0.609706 0.466867 -1.289843
v -0.609706 0.466867 -1.289843
v -0.609706 0.466867 -1.289843
v -0.642062 0.491642 -1.238813
v -0.642062 0.491642 -1.238813
v -0.642062 0.491642 -1.238813
v -0.642062 0.491642 -1.238813
v -0.587655 0.449982 -1.362222
v -0.587655 0.449982 -1.362222
v -0.587655 0.449982 -1.362222
v -0.587655 0.449982 -1.362222
v -0.587655 0.449982 -1.362222
v -0.608261 0.532011 -1.238813
v -0.608261 0.532011 -1.238813
v -0.608261 0.532011 -1.238813
v -0.608261 0.532011 -1.238813
v -0.608261 0.532011 -1.238813
v -0.608261 0.532011 -1.238813
v -0.556717 0.486929 -1.362222
v -0.556717 0.486929 -1.362222
v -0.556717 0.486929 -1.362222
v -0.556717 0.486929 -1.362222
v -0.556717 0.486929 -1.362222
v -0.577608 0.505199 -1.289843
v -0.577608 0.505199 -1.289843
v -0.577608 0.505199 -1.289843
v -0.577608 0.505199 -1.289843
v -0.577608 0.505199 -1.289843
v -0.577608 0.505199 -1.289843
v -0.671103 0.278406 -1.481734
v -0.671103 0.278406 -1.481734
v -0.671103 0.278406 -1.481734
v -0.671103 0.278406 -1.481734
v -0.671103 0.278406 -1.481734
v -0.671103 0.278406 -1.481734
v -0.671103 0.278406 -1.481734
v -0.700650 0.188126 -1.481734
v -0.700650 0.188126 -1.481734
v -0.700650 0.188126 -1.481734
v -0.700650 0.188126 -1.481734
v -0.700650 0.188126 -1.481734
v -0.700650 0.188126 -1.481734
v -0.700650 0.188126 -1.481734
v -0.629690 0.363552 -1.481734
v -0.629690 0.363552 -1.481734
v -0.629690 0.363552 -1.481734
v -0.629690 0.363552 -1.481734
v -0.629690 0.363552 -1.481734
v -0.629690 0.363552 -1.481734
v -0.718295 0.094707 -1.481734
v -0.718295 0.094707 -1.481734
v -0.718295 0.094707 -1.481734
v -0.718295 0.094707 -1.481734
v -0.718295 0.094707 -1.481734
v -0.718295 0.094707 -1.481734
v -0.718295 0.094707 -1.481734
v -0.718295 0.094707 -1.481734
v -0.724144 -0.000404 -1.481734
v -0.724144 -0.000404 -1.481734
v -0.724144 -0.000404 -1.481734
v -0.724144 -0.000404 -1.481734
v -0.724144 -0.000404 -1.481734
v -0.724144 -0.000404 -1.481734
v -0.724144 -0.000404 -1.481734
v -0.718203 -0.095449 -1.481734
v -0.718203 -0.095449 -1.481734
v -0.718203 -0.095449 -1.481734
v -0.718203 -0.095449 -1.481734
v -0.718203 -0.095449 -1.481734
v -0.718203 -0.095449 -1.481734
v -0.718203 -0.095449 -1.481734
v -0.700480 -0.188787 -1.481734
v -0.700480 -0.188787 -1.481734
v -0.700480 -0.188787 -1.481734
v -0.700480 -0.188787 -1.481734
v -0.700480 -0.188787 -1.481734
v -0.700480 -0.188787 -1.481734
v -0.700480 -0.188787 -1.481734
v -0.670976 -0.278721 -1.481734
v -0.670976 -0.278721 -1.481734
v -0.670976 -0.278721 -1.481734
v -0.670976 -0.278721 -1.481734
v -0.670976 -0.278721 -1.481734
v -0.670976 -0.278721 -1.481734
v -0.670976 -0.278721 -1.481734
v -0.629690 -0.363552 -1.481734
v -0.629690 -0.363552 -1.481734
v -0.629690 -0.363552 -1.481734
v -0.629690 -0.363552 -1.481734
v -0.629690 -0.363552 -1.481734
v -0.629690 -0.363552 -1.481734
v -0.576658 -0.441990 -1.481734
v -0.576658 -0.441990 -1.481734
v -0.576658 -0.441990 -1.481734
v -0.576658 -0.441990 -1.481734
v -0.576658 -0.441990 -1.481734
v -0.576658 -0.441990 -1.481734
v -0.576658 -0.441990 -1.481734
v -0.513246 -0.512718 -1.481734
v -0.513246 -0.512718 -1.481734
v -0.513246 -0.512718 -1.481734
v -0.513246 -0.512718 -1.481734
v -0.513246 -0.512718 -1.481734
v -0.513246 -0.512718 -1.481734
v -0.513246 -0.512718 -1.481734
v -0.441167 -0.574707 -1.481734
v -0.441167 -0.574707 -1.481734
v -0.441167 -0.574707 -1.481734
v -0.441167 -0.574707 -1.481734
v -0.441167 -0.574707 -1.481734
v -0.441167 -0.574707 -1.481734
v -0.441167 -0.574707 -1.481734
v -0.441167 -0.574707 -1.481734
v -0.361721 -0.627329 -1.481734
v -0.361721 -0.627329 -1.481734
v -0.361721 -0.627329 -1.481734
v -0.361721 -0.627329 -1.481734
v -0.361721 -0.627329 -1.481734
v -0.361721 -0.627329 -1.481734
v -0.361721 -0.627329 -1.481734
v -0.276440 -0.669706 -1.481734
v -0.276440 -0.669706 -1.481734
v -0.276440 -0.669706 -1.481734
v -0.276440 -0.669706 -1.481734
v -0.276440 -0.669706 -1.481734
v -0.276440 -0.669706 -1.481734
v -0.276440 -0.669706 -1.481734
v -0.186745 -0.701027 -1.481734
v -0.186745 -0.701027 -1.481734
v -0.186745 -0.701027 -1.481734
v -0.186745 -0.701027 -1.481734
v -0.186745 -0.701027 -1.481734
v -0.186745 -0.701027 -1.481734
v -0.186745 -0.701027 -1.481734
v -0.094108 -0.720442 -1.481734
v -0.094108 -0.720442 -1.481734
v -0.094108 -0.720442 -1.481734
v -0.094108 -0.720442 -1.481734
v -0.094108 -0.720442 -1.481734
v -0.094108 -0.720442 -1.481734
v -0.094108 -0.720442 -1.481734
v 0.000000 -0.727102 -1.481734
v 0.000000 -0.727102 -1.481734
v 0.000000 -0.727102 -1.481734
v 0.000000 -0.727102 -1.481734
v 0.000000 -0.727102 -1.481734
v 0.000000 -0.727102 -1.481734
v 0.094445 -0.720394 -1.481734
v 0.094445 -0.720394 -1.481734
v 0.094445 -0.720394 -1.481734
v 0.094445 -0.720394 -1.481734
v 0.094445 -0.720394 -1.481734
v 0.094445 -0.720394 -1.481734
v 0.094445 -0.720394 -1.481734
v 0.187404 -0.700844 -1.481734
v 0.187404 -0.700844 -1.481734
v 0.187404 -0.700844 -1.481734
v 0.187404 -0.700844 -1.481734
v 0.187404 -0.700844 -1.481734
v 0.187404 -0.700844 -1.481734
v 0.187404 -0.700844 -1.481734
v 0.277128 -0.669415 -1.481734
v 0.277128 -0.669415 -1.481734
v 0.277128 -0.669415 -1.481734
v 0.277128 -0.669415 -1.481734
v 0.277128 -0.669415 -1.481734
v 0.277128 -0.669415 -1.481734
v 0.277128 -0.669415 -1.481734
v 0.277128 -0.669415 -1.481734
v 0.362422 -0.626925 -1.481734
v 0.362422 -0.626925 -1.481734
v 0.362422 -0.626925 -1.481734
v 0.362422 -0.626925 -1.481734
v 0.362422 -0.626925 -1.481734
v 0.362422 -0.626925 -1.481734
v 0.362422 -0.626925 -1.481734
v 0.441763 -0.574257 -1.481734
v 0.441763 -0.574257 -1.481734
v 0.441763 -0.574257 -1.481734
v 0.441763 -0.574257 -1.481734
v 0.441763 -0.574257 -1.481734
v 0.441763 -0.574257 -1.481734
v 0.441763 -0.574257 -1.481734
v 0.513735 -0.512239 -1.481734
v 0.513735 -0.512239 -1.481734
v 0.513735 -0.512239 -1.481734
v 0.513735 -0.512239 -1.481734
v 0.513735 -0.512239 -1.481734
v 0.513735 -0.512239 -1.481734
v 0.513735 -0.512239 -1.481734
v 0.576868 -0.441721 -1.481734
v 0.576868 -0.441721 -1.481734
v 0.576868 -0.441721 -1.481734
v 0.576868 -0.441721 -1.481734
v 0.576868 -0.441721 -1.481734
v 0.576868 -0.441721 -1.481734
v 0.576868 -0.441721 -1.481734
v 0.629690 -0.363552 -1.481734
v 0.629690 -0.363552 -1.481734
v 0.629690 -0.363552 -1.481734
v 0.629690 -0.363552 -1.481734
v 0.629690 -0.363552 -1.481734
v 0.629690 -0.363552 -1.481734
v 0.671103 -0.278404 -1.481734
v 0.671103 -0.278404 -1.481734
v 0.671103 -0.278404 -1.481734
v 0.671103 -0.278404 -1.481734
v 0.671103 -0.278404 -1.481734
v 0.671103 -0.278404 -1.481734
v 0.671103 -0.278404 -1.481734
v 0.700650 -0.188126 -1.481734
v 0.700650 -0.188126 -1.481734
v 0.700650 -0.188126 -1.481734
v 0.700650 -0.188126 -1.481734
v 0.700650 -0.188126 -1.481734
v 0.700650 -0.188126 -1.481734
v 0.700650 -0.188126 -1.481734
v 0.718295 -0.094707 -1.481734
v 0.718295 -0.094707 -1.481734
v 0.718295 -0.094707 -1.481734
v 0.718295 -0.094707 -1.481734
v 0.718295 -0.094707 -1.481734
v 0.718295 -0.094707 -1.481734
v 0.718295 -0.094707 -1.481734
v 0.718295 -0.094707 -1.481734
v 0.724144 0.000406 -1.481734
v 0.724144 0.000406 -1.481734
v 0.724144 0.000406 -1.481734
v 0.724144 0.000406 -1.481734
v 0.724144 0.000406 -1.481734
v 0.724144 0.000406 -1.481734
v 0.724144 0.000406 -1.481734
v 0.718203 0.095449 -1.481734
v 0.718203 0.095449 -1.481734
v 0.718203 0.095449 -1.481734
v 0.718203 0.095449 -1.481734
v 0.718203 0.095449 -1.481734
v 0.718203 0.095449 -1.481734
v 0.718203 0.095449 -1.481734
v 0.700480 0.188787 -1.481734
v 0.700480 0.188787 -1.481734
v 0.700480 0.188787 -1.481734
v 0.700480 0.188787 -1.481734
v 0.700480 0.188787 -1.481734
v 0.700480 0.188787 -1.481734
v 0.700480 0.188787 -1.481734
v 0.670976 0.278723 -1.481734
v 0.670976 0.278723 -1.481734
v 0.670976 0.278723 -1.481734
v 0.670976 0.278723 -1.481734
v 0.670976 0.278723 -1.481734
v 0.670976 0.278723 -1.481734
v 0.670976 0.278723 -1.481734
v 0.629690 0.363552 -1.481734
v 0.629690 0.363552 -1.481734
v 0.629690 0.363552 -1.481734
v 0.629690 0.363552 -1.481734
v 0.629690 0.363552 -1.481734
v 0.629690 0.363552 -1.481734
v 0.576658 0.441990 -1.481734
v 0.576658 0.441990 -1.481734
v 0.576658 0.441990 -1.481734
v 0.576658 0.441990 -1.481734
v 0.576658 0.441990 -1.481734
v 0.576658 0.441990 -1.481734
v 0.576658 0.441990 -1.481734
v 0.513246 0.512718 -1.481734
v 0.513246 0.512718 -1.481734
v 0.513246 0.512718 -1.481734
v 0.513246 0.512718 -1.481734
v 0.513246 0.512718 -1.481734
v 0.513246 0.512718 -1.481734
v 0.513246 0.512718 -1.481734
v 0.441167 0.574709 -1.481734
v 0.441167 0.574709 -1.481734
v 0.441167 0.574709 -1.481734
v 0.441167 0.574709 -1.481734
v 0.441167 0.574709 -1.481734
v 0.441167 0.574709 -1.481734
v 0.441167 0.574709 -1.481734
v 0.441167 0.574709 -1.481734
v 0.361721 0.627329 -1.481734
v 0.361721 0.627329 -1.481734
v 0.361721 0.627329 -1.481734
v 0.361721 0.627329 -1.481734
v 0.361721 0.627329 -1.481734
v 0.361721 0.627329 -1.481734
v 0.361721 0.627329 -1.481734
v 0.276440 0.669706 -1.481734
v 0.276440 0.669706 -1.481734
v 0.276440 0.669706 -1.481734
v 0.276440 0.669706 -1.481734
v 0.276440 0.669706 -1.481734
v 0.276440 0.669706 -1.481734
v 0.276440 0.669706 -1.481734
v 0.186745 0.701027 -1.481734
v 0.186745 0.701027 -1.481734
v 0.186745 0.701027 -1.481734
v 0.186745 0.701027 -1.481734
v 0.186745 0.701027 -1.481734
v 0.186745 0.701027 -1.481734
v 0.186745 0.701027 -1.481734
v 0.094108 0.720444 -1.481734
v 0.094108 0.720444 -1.481734
v 0.094108 0.720444 -1.481734
v 0.094108 0.720444 -1.481734
v 0.094108 0.720444 -1.481734
v 0.094108 0.720444 -1.481734
v 0.094108 0.720444 -1.481734
v -0.000000 0.727104 -1.481734
v -0.000000 0.727104 -1.481734
v -0.000000 0.727104 -1.481734
v -0.000000 0.727104 -1.481734
v -0.000000 0.727104 -1.481734
v -0.000000 0.727104 -1.481734
v -0.094445 0.720396 -1.481734
v -0.094445 0.720396 -1.481734
v -0.094445 0.720396 -1.481734
v -0.094445 0.720396 -1.481734
v -0.094445 0.720396 -1.481734
v -0.094445 0.720396 -1.481734
v -0.094445 0.720396 -1.481734
v -0.187404 0.700844 -1.481734
v -0.187404 0.700844 -1.481734
v -0.187404 0.700844 -1.481734
v -0.187404 0.700844 -1.481734
v -0.187404 0.700844 -1.481734
v -0.187404 0.700844 -1.481734
v -0.187404 0.700844 -1.481734
v -0.277128 0.669416 -1.481734
v -0.277128 0.669416 -1.481734
v -0.277128 0.669416 -1.481734
v -0.277128 0.669416 -1.481734
v -0.277128 0.669416 -1.481734
v -0.277128 0.669416 -1.481734
v -0.277128 0.669416 -1.481734
v -0.277128 0.669416 -1.481734
v -0.362422 0.626925 -1.481734
v -0.362422 0.626925 -1.481734
v -0.362422 0.626925 -1.481734
v -0.362422 0.626925 -1.481734
v -0.362422 0.626925 -1.481734
v -0.362422 0.626925 -1.481734
v -0.362422 0.626925 -1.481734
v -0.441763 0.574257 -1.481734
v -0.441763 0.574257 -1.481734
v -0.441763 0.574257 -1.481734
v -0.441763 0.574257 -1.481734
v -0.441763 0.574257 -1.481734
v -0.441763 0.574257 -1.481734
v -0.441763 0.574257 -1.481734
v -0.513735 0.512239 -1.481734
v -0.513735 0.512239 -1.481734
v -0.513735 0.512239 -1.481734
v -0.513735 0.512239 -1.481734
v -0.513735 0.512239 -1.481734
v -0.513735 0.512239 -1.481734
v -0.513735 0.512239 -1.481734
v -0.576868 0.441721 -1.481734
v -0.576868 0.441721 -1.481734
v -0.576868 0.441721 -1.481734
v -0.576868 0.441721 -1.481734
v -0.576868 0.441721 -1.481734
v -0.576868 0.441721 -1.481734
v -0.576868 0.441721 -1.481734
v -0.622103 0.359171 -1.699293
v -0.622103 0.359171 -1.699293
v -0.622103 0.359171 -1.699293
v -0.622103 0.359171 -1.699293
v -0.622103 0.359171 -1.699293
v -0.622103 0.359171 -1.699293
v -0.622103 0.359171 -1.699293
v -0.663143 0.274738 -1.699289
v -0.663143 0.274738 -1.699289
v -0.663143 0.274738 -1.699289
v -0.663143 0.274738 -1.699289
v -0.663143 0.274738 -1.699289
v -0.715418 -0.000000 -1.699283
v -0.715418 -0.000000 -1.699283
v -0.715418 -0.000000 -1.699283
v -0.715418 -0.000000 -1.699283
v -0.692299 -0.185501 -1.699283
v -0.692299 -0.185501 -1.699283
v -0.692299 -0.185501 -1.699283
v -0.692299 -0.185501 -1.699283
v -0.692299 -0.185501 -1.699283
v -0.709639 -0.093580 -1.699283
v -0.709639 -0.093580 -1.699283
v -0.709639 -0.093580 -1.699283
v -0.709639 -0.093580 -1.699283
v -0.709639 -0.093580 -1.699283
v -0.692299 0.185501 -1.699283
v -0.692299 0.185501 -1.699283
v -0.692299 0.185501 -1.699283
v -0.692299 0.185501 -1.699283
v -0.692299 0.185501 -1.699283
v -0.622103 -0.359171 -1.699293
v -0.622103 -0.359171 -1.699293
v -0.622103 -0.359171 -1.699293
v -0.622103 -0.359171 -1.699293
v -0.622103 -0.359171 -1.699293
v -0.622103 -0.359171 -1.699293
v -0.622103 -0.359171 -1.699293
v -0.569502 -0.436930 -1.699289
v -0.569502 -0.436930 -1.699289
v -0.569502 -0.436930 -1.699289
v -0.569502 -0.436930 -1.699289
v -0.569502 -0.436930 -1.699289
v -0.569502 -0.436930 -1.699289
v -0.357709 -0.619570 -1.699283
v -0.357709 -0.619570 -1.699283
v -0.357709 -0.619570 -1.699283
v -0.357709 -0.619570 -1.699283
v -0.185501 -0.692299 -1.699283
v -0.185501 -0.692299 -1.699283
v -0.185501 -0.692299 -1.699283
v -0.185501 -0.692299 -1.699283
v -0.185501 -0.692299 -1.699283
v -0.273776 -0.661356 -1.699283
v -0.273776 -0.661356 -1.699283
v -0.273776 -0.661356 -1.699283
v -0.273776 -0.661356 -1.699283
v -0.273776 -0.661356 -1.699283
v -0.506798 -0.506798 -1.699283
v -0.506798 -0.506798 -1.699283
v -0.506798 -0.506798 -1.699283
v -0.506798 -0.506798 -1.699283
v -0.506798 -0.506798 -1.699283
v -0.663143 -0.274738 -1.699289
v -0.663143 -0.274738 -1.699289
v -0.663143 -0.274738 -1.699289
v -0.663143 -0.274738 -1.699289
v -0.663143 -0.274738 -1.699289
v 0.000000 -0.718342 -1.699293
v 0.000000 -0.718342 -1.699293
v 0.000000 -0.718342 -1.699293
v 0.000000 -0.718342 -1.699293
v 0.000000 -0.718342 -1.699293
v 0.185501 -0.692299 -1.699283
v 0.185501 -0.692299 -1.699283
v 0.185501 -0.692299 -1.699283
v 0.185501 -0.692299 -1.699283
v 0.185501 -0.692299 -1.699283
v 0.435863 -0.567774 -1.699283
v 0.435863 -0.567774 -1.699283
v 0.435863 -0.567774 -1.699283
v 0.435863 -0.567774 -1.699283
v 0.357709 -0.619570 -1.699283
v 0.357709 -0.619570 -1.699283
v 0.357709 -0.619570 -1.699283
v 0.357709 -0.619570 -1.699283
v 0.569502 -0.436930 -1.699289
v 0.569502 -0.436930 -1.699289
v 0.569502 -0.436930 -1.699289
v 0.569502 -0.436930 -1.699289
v 0.569502 -0.436930 -1.699289
v 0.569502 -0.436930 -1.699289
v 0.622103 -0.359171 -1.699293
v 0.622103 -0.359171 -1.699293
v 0.622103 -0.359171 -1.699293
v 0.622103 -0.359171 -1.699293
v 0.622103 -0.359171 -1.699293
v 0.622103 -0.359171 -1.699293
v 0.622103 -0.359171 -1.699293
v 0.506798 -0.506798 -1.699283
v 0.506798 -0.506798 -1.699283
v 0.506798 -0.506798 -1.699283
v 0.506798 -0.506798 -1.699283
v 0.506798 -0.506798 -1.699283
v 0.093642 -0.711668 -1.699289
v 0.093642 -0.711668 -1.699289
v 0.093642 -0.711668 -1.699289
v 0.093642 -0.711668 -1.699289
v 0.093642 -0.711668 -1.699289
v 0.093642 -0.711668 -1.699289
v -0.093642 -0.711668 -1.699289
v -0.093642 -0.711668 -1.699289
v -0.093642 -0.711668 -1.699289
v -0.093642 -0.711668 -1.699289
v -0.093642 -0.711668 -1.699289
v -0.093642 -0.711668 -1.699289
v -0.709639 0.093582 -1.699283
v -0.709639 0.093582 -1.699283
v -0.709639 0.093582 -1.699283
v -0.709639 0.093582 -1.699283
v -0.435863 -0.567774 -1.699283
v -0.435863 -0.567774 -1.699283
v -0.435863 -0.567774 -1.699283
v 0.273776 -0.661356 -1.699283
v 0.273776 -0.661356 -1.699283
v 0.273776 -0.661356 -1.699283
v 0.273776 -0.661356 -1.699283
v 0.709639 -0.093580 -1.699283
v 0.709639 -0.093580 -1.699283
v 0.709639 -0.093580 -1.699283
v 0.709639 -0.093580 -1.699283
v 0.715418 0.000000 -1.699283
v 0.715418 0.000000 -1.699283
v 0.715418 0.000000 -1.699283
v 0.715418 0.000000 -1.699283
v 0.692299 -0.185501 -1.699283
v 0.692299 -0.185501 -1.699283
v 0.692299 -0.185501 -1.699283
v 0.692299 -0.185501 -1.699283
v 0.692299 -0.185501 -1.699283
v 0.663143 -0.274738 -1.699289
v 0.663143 -0.274738 -1.699289
v 0.663143 -0.274738 -1.699289
v 0.663143 -0.274738 -1.699289
v 0.663143 -0.274738 -1.699289
v 0.709639 0.093582 -1.699283
v 0.709639 0.093582 -1.699283
v 0.709639 0.093582 -1.699283
v 0.709639 0.093582 -1.699283
v 0.709639 0.093582 -1.699283
v 0.663143 0.274738 -1.699289
v 0.663143 0.274738 -1.699289
v 0.663143 0.274738 -1.699289
v 0.663143 0.274738 -1.699289
v 0.663143 0.274738 -1.699289
v 0.692299 0.185501 -1.699283
v 0.692299 0.185501 -1.699283
v 0.692299 0.185501 -1.699283
v 0.692299 0.185501 -1.699283
v 0.692299 0.185501 -1.699283
v 0.622103 0.359171 -1.699293
v 0.622103 0.359171 -1.699293
v 0.622103 0.359171 -1.699293
v 0.622103 0.359171 -1.699293
v 0.622103 0.359171 -1.699293
v 0.622103 0.359171 -1.699293
v 0.622103 0.359171 -1.699293
v 0.506798 0.506798 -1.699283
v 0.506798 0.506798 -1.699283
v 0.506798 0.506798 -1.699283
v 0.506798 0.506798 -1.699283
v 0.506798 0.506798 -1.699283
v 0.569502 0.436930 -1.699289
v 0.569502 0.436930 -1.699289
v 0.569502 0.436930 -1.699289
v 0.569502 0.436930 -1.699289
v 0.569502 0.436930 -1.699289
v 0.569502 0.436930 -1.699289
v 0.273776 0.661356 -1.699283
v 0.273776 0.661356 -1.699283
v 0.273776 0.661356 -1.699283
v 0.273776 0.661356 -1.699283
v 0.273776 0.661356 -1.699283
v 0.357709 0.619572 -1.699283
v 0.357709 0.619572 -1.699283
v 0.357709 0.619572 -1.699283
v 0.357709 0.619572 -1.699283
v 0.435863 0.567776 -1.699283
v 0.435863 0.567776 -1.699283
v 0.435863 0.567776 -1.699283
v 0.093642 0.711668 -1.699289
v 0.093642 0.711668 -1.699289
v 0.093642 0.711668 -1.699289
v 0.093642 0.711668 -1.699289
v 0.093642 0.711668 -1.699289
v 0.093642 0.711668 -1.699289
v 0.185501 0.692299 -1.699283
v 0.185501 0.692299 -1.699283
v 0.185501 0.692299 -1.699283
v 0.185501 0.692299 -1.699283
v 0.185501 0.692299 -1.699283
v -0.000000 0.718342 -1.699293
v -0.000000 0.718342 -1.699293
v -0.000000 0.718342 -1.699293
v -0.000000 0.718342 -1.699293
v -0.000000 0.718342 -1.699293
v -0.093642 0.711668 -1.699289
v -0.093642 0.711668 -1.699289
v -0.093642 0.711668 -1.699289
v -0.093642 0.711668 -1.699289
v -0.093642 0.711668 -1.699289
v -0.093642 0.711668 -1.699289
v -0.357709 0.619572 -1.699283
v -0.357709 0.619572 -1.699283
v -0.357709 0.619572 -1.699283
v -0.357709 0.619572 -1.699283
v -0.185501 0.692299 -1.699283
v -0.185501 0.692299 -1.699283
v -0.185501 0.692299 -1.699283
v -0.185501 0.692299 -1.699283
v -0.185501 0.692299 -1.699283
v -0.506798 0.506798 -1.699283
v -0.506798 0.506798 -1.699283
v -0.506798 0.506798 -1.699283
v -0.506798 0.506798 -1.699283
v -0.506798 0.506798 -1.699283
v -0.569502 0.436930 -1.699289
v -0.569502 0.436930 -1.699289
v -0.569502 0.436930 -1.699289
v -0.569502 0.436930 -1.699289
v -0.569502 0.436930 -1.699289
v -0.569502 0.436930 -1.699289
v -0.435863 0.567776 -1.699283
v -0.435863 0.567776 -1.699283
v -0.435863 0.567776 -1.699283
v -0.435863 0.567776 -1.699283
v -0.273776 0.661356 -1.699283
v -0.273776 0.661356 -1.699283
v -0.273776 0.661356 -1.699283
v -0.273776 0.661356 -1.699283
v 0.760876 0.991566 -1.230418
v 0.760876 0.991566 -1.230418
v 0.760876 0.991566 -1.098474
v 0.760876 0.991566 -1.098474
v 0.760876 0.991566 -1.098474
v 0.760876 0.991566 -1.098474
v 0.760876 0.991566 -1.098474
v 0.760876 0.991566 -1.098474
v 0.883883 0.883884 -1.098474
v 0.883883 0.883884 -1.098474
v 0.883883 0.883884 -1.098474
v 0.883883 0.883884 -1.098474
v 0.883883 0.883884 -1.098474
v 0.883883 0.883884 -1.098474
v 0.883883 0.883884 -1.230418
v 0.883883 0.883884 -1.230418
v 0.624851 1.082315 -1.230418
v 0.624851 1.082315 -1.230418
v 0.624851 1.082315 -1.098474
v 0.624851 1.082315 -1.098474
v 0.624851 1.082315 -1.098474
v 0.624851 1.082315 -1.098474
v 0.624851 1.082315 -1.098474
v 0.624851 1.082315 -1.098474
v 0.478251 1.154734 -1.230418
v 0.478251 1.154734 -1.230418
v 0.478251 1.154734 -1.098474
v 0.478251 1.154734 -1.098474
v 0.478251 1.154734 -1.098474
v 0.478251 1.154734 -1.098474
v 0.478251 1.154734 -1.098474
v 0.478251 1.154734 -1.098474
v 0.323524 1.207407 -1.230418
v 0.323524 1.207407 -1.230418
v 0.323524 1.207407 -1.098474
v 0.323524 1.207407 -1.098474
v 0.323524 1.207407 -1.098474
v 0.323524 1.207407 -1.098474
v 0.323524 1.207407 -1.098474
v 0.323524 1.207407 -1.098474
v 0.163156 1.239159 -1.230418
v 0.163156 1.239159 -1.230418
v 0.163156 1.239159 -1.098474
v 0.163156 1.239159 -1.098474
v 0.163156 1.239159 -1.098474
v 0.163156 1.239159 -1.098474
v 0.163156 1.239159 -1.098474
v 0.163156 1.239159 -1.098474
v -0.000020 1.249739 -1.230418
v -0.000020 1.249739 -1.230418
v -0.000020 1.249739 -1.098474
v -0.000020 1.249739 -1.098474
v -0.000020 1.249739 -1.098474
v -0.000020 1.249739 -1.098474
v -0.000020 1.249739 -1.098474
v -0.000020 1.249739 -1.098474
v -0.163190 1.239155 -1.230418
v -0.163190 1.239155 -1.230418
v -0.163190 1.239155 -1.098474
v -0.163190 1.239155 -1.098474
v -0.163190 1.239155 -1.098474
v -0.163190 1.239155 -1.098474
v -0.163190 1.239155 -1.098474
v -0.163190 1.239155 -1.098474
v -0.323524 1.207407 -1.230418
v -0.323524 1.207407 -1.230418
v -0.323524 1.207407 -1.098474
v -0.323524 1.207407 -1.098474
v -0.323524 1.207407 -1.098474
v -0.323524 1.207407 -1.098474
v -0.323524 1.207407 -1.098474
v -0.323524 1.207407 -1.098474
v -0.478282 1.154720 -1.230418
v -0.478282 1.154720 -1.230418
v -0.478282 1.154720 -1.098474
v -0.478282 1.154720 -1.098474
v -0.478282 1.154720 -1.098474
v -0.478282 1.154720 -1.098474
v -0.478282 1.154720 -1.098474
v -0.478282 1.154720 -1.098474
v -0.624887 1.082294 -1.230418
v -0.624887 1.082294 -1.230418
v -0.624887 1.082294 -1.230418
v -0.624887 1.082294 -1.098474
v -0.624887 1.082294 -1.098474
v -0.624887 1.082294 -1.098474
v -0.624887 1.082294 -1.098474
v -0.624887 1.082294 -1.098474
v -0.624887 1.082294 -1.098474
v -0.760904 0.991545 -1.230418
v -0.760904 0.991545 -1.230418
v -0.760904 0.991545 -1.098474
v -0.760904 0.991545 -1.098474
v -0.760904 0.991545 -1.098474
v -0.760904 0.991545 -1.098474
v -0.760904 0.991545 -1.098474
v -0.760904 0.991545 -1.098474
v -0.883884 0.883884 -1.230418
v -0.883884 0.883884 -1.230418
v -0.883884 0.883884 -1.098474
v -0.883884 0.883884 -1.098474
v -0.883884 0.883884 -1.098474
v -0.883884 0.883884 -1.098474
v -0.883884 0.883884 -1.098474
v -0.883884 0.883884 -1.098474
v -0.991565 0.760878 -1.230418
v -0.991565 0.760878 -1.230418
v -0.991565 0.760878 -1.098474
v -0.991565 0.760878 -1.098474
v -0.991565 0.760878 -1.098474
v -0.991565 0.760878 -1.098474
v -0.991565 0.760878 -1.098474
v -0.991565 0.760878 -1.098474
v -1.082315 0.624851 -1.230418
v -1.082315 0.624851 -1.230418
v -1.082315 0.624851 -1.098474
v -1.082315 0.624851 -1.098474
v -1.082315 0.624851 -1.098474
v -1.082315 0.624851 -1.098474
v -1.082315 0.624851 -1.098474
v -1.082315 0.624851 -1.098474
v -1.154734 0.478250 -1.230418
v -1.154734 0.478250 -1.230418
v -1.154734 0.478250 -1.098474
v -1.154734 0.478250 -1.098474
v -1.154734 0.478250 -1.098474
v -1.154734 0.478250 -1.098474
v -1.207407 0.323524 -1.230418
v -1.207407 0.323524 -1.230418
v -1.207407 0.323524 -1.098474
v -1.207407 0.323524 -1.098474
v -1.207407 0.323524 -1.098474
v -1.207407 0.323524 -1.098474
v -1.207407 0.323524 -1.098474
v -1.207407 0.323524 -1.098474
v -1.239159 0.163156 -1.230418
v -1.239159 0.163156 -1.230418
v -1.239159 0.163156 -1.098474
v -1.239159 0.163156 -1.098474
v -1.239159 0.163156 -1.098474
v -1.239159 0.163156 -1.098474
v -1.239159 0.163156 -1.098474
v -1.239159 0.163156 -1.098474
v -1.249738 -0.000019 -1.230418
v -1.249738 -0.000019 -1.230418
v -1.249738 -0.000019 -1.098474
v -1.249738 -0.000019 -1.098474
v -1.249738 -0.000019 -1.098474
v -1.249738 -0.000019 -1.098474
v -1.249738 -0.000019 -1.098474
v -1.249738 -0.000019 -1.098474
v -1.239154 -0.163189 -1.230418
v -1.239154 -0.163189 -1.230418
v -1.239154 -0.163189 -1.098474
v -1.239154 -0.163189 -1.098474
v -1.239154 -0.163189 -1.098474
v -1.239154 -0.163189 -1.098474
v -1.207407 -0.323523 -1.230418
v -1.207407 -0.323523 -1.230418
v -1.207407 -0.323523 -1.098474
v -1.207407 -0.323523 -1.098474
v -1.207407 -0.323523 -1.098474
v -1.207407 -0.323523 -1.098474
v -1.154721 -0.478281 -1.230418
v -1.154721 -0.478281 -1.230418
v -1.154721 -0.478281 -1.098474
v -1.154721 -0.478281 -1.098474
v -1.154721 -0.478281 -1.098474
v -1.154721 -0.478281 -1.098474
v -1.154721 -0.478281 -1.098474
v -1.154721 -0.478281 -1.098474
v -1.082295 -0.624886 -1.230418
v -1.082295 -0.624886 -1.230418
v -1.082295 -0.624886 -1.098474
v -1.082295 -0.624886 -1.098474
v -1.082295 -0.624886 -1.098474
v -1.082295 -0.624886 -1.098474
v -1.082295 -0.624886 -1.098474
v -1.082295 -0.624886 -1.098474
v -0.991544 -0.760902 -1.230418
v -0.991544 -0.760902 -1.230418
v -0.991544 -0.760902 -1.098474
v -0.991544 -0.760902 -1.098474
v -0.991544 -0.760902 -1.098474
v -0.991544 -0.760902 -1.098474
v -0.991544 -0.760902 -1.098474
v -0.991544 -0.760902 -1.098474
v -0.883883 -0.883883 -1.230418
v -0.883883 -0.883883 -1.230418
v -0.883883 -0.883883 -1.098474
v -0.883883 -0.883883 -1.098474
v -0.883883 -0.883883 -1.098474
v -0.883883 -0.883883 -1.098474
v -0.883883 -0.883883 -1.098474
v -0.883883 -0.883883 -1.098474
v -0.760876 -0.991564 -1.230418
v -0.760876 -0.991564 -1.230418
v -0.760876 -0.991564 -1.098474
v -0.760876 -0.991564 -1.098474
v -0.760876 -0.991564 -1.098474
v -0.760876 -0.991564 -1.098474
v -0.760876 -0.991564 -1.098474
v -0.760876 -0.991564 -1.098474
v -0.624851 -1.082315 -1.230418
v -0.624851 -1.082315 -1.230418
v -0.624851 -1.082315 -1.098474
v -0.624851 -1.082315 -1.098474
v -0.624851 -1.082315 -1.098474
v -0.624851 -1.082315 -1.098474
v -0.624851 -1.082315 -1.098474
v -0.624851 -1.082315 -1.098474
v -0.478251 -1.154734 -1.230418
v -0.478251 -1.154734 -1.230418
v -0.478251 -1.154734 -1.230418
v -0.478251 -1.154734 -1.098474
v -0.478251 -1.154734 -1.098474
v -0.478251 -1.154734 -1.098474
v -0.478251 -1.154734 -1.098474
v -0.478251 -1.154734 -1.098474
v -0.478251 -1.154734 -1.098474
v -0.323524 -1.207407 -1.230418
v -0.323524 -1.207407 -1.230418
v -0.323524 -1.207407 -1.098474
v -0.323524 -1.207407 -1.098474
v -0.323524 -1.207407 -1.098474
v -0.323524 -1.207407 -1.098474
v -0.323524 -1.207407 -1.098474
v -0.323524 -1.207407 -1.098474
v -0.163156 -1.239159 -1.230418
v -0.163156 -1.239159 -1.230418
v -0.163156 -1.239159 -1.098474
v -0.163156 -1.239159 -1.098474
v -0.163156 -1.239159 -1.098474
v -0.163156 -1.239159 -1.098474
v -0.163156 -1.239159 -1.098474
v -0.163156 -1.239159 -1.098474
v 0.000020 -1.249737 -1.230418
v 0.000020 -1.249737 -1.230418
v 0.000020 -1.249737 -1.098474
v 0.000020 -1.249737 -1.098474
v 0.000020 -1.249737 -1.098474
v 0.000020 -1.249737 -1.098474
v 0.000020 -1.249737 -1.098474
v 0.000020 -1.249737 -1.098474
v 0.163190 -1.239153 -1.230418
v 0.163190 -1.239153 -1.230418
v 0.163190 -1.239153 -1.098474
v 0.163190 -1.239153 -1.098474
v 0.163190 -1.239153 -1.098474
v 0.163190 -1.239153 -1.098474
v 0.163190 -1.239153 -1.098474
v 0.163190 -1.239153 -1.098474
v 0.323524 -1.207407 -1.230418
v 0.323524 -1.207407 -1.230418
v 0.323524 -1.207407 -1.098474
v 0.323524 -1.207407 -1.098474
v 0.323524 -1.207407 -1.098474
v 0.323524 -1.207407 -1.098474
v 0.323524 -1.207407 -1.098474
v 0.323524 -1.207407 -1.098474
v 0.478282 -1.154720 -1.230418
v 0.478282 -1.154720 -1.230418
v 0.478282 -1.154720 -1.098474
v 0.478282 -1.154720 -1.098474
v 0.478282 -1.154720 -1.098474
v 0.478282 -1.154720 -1.098474
v 0.478282 -1.154720 -1.098474
v 0.478282 -1.154720 -1.098474
v 0.624887 -1.082294 -1.230418
v 0.624887 -1.082294 -1.230418
v 0.624887 -1.082294 -1.230418
v 0.624887 -1.082294 -1.098474
v 0.624887 -1.082294 -1.098474
v 0.624887 -1.082294 -1.098474
v 0.624887 -1.082294 -1.098474
v 0.624887 -1.082294 -1.098474
v 0.624887 -1.082294 -1.098474
v 0.760904 -0.991543 -1.230418
v 0.760904 -0.991543 -1.230418
v 0.760904 -0.991543 -1.098474
v 0.760904 -0.991543 -1.098474
v 0.760904 -0.991543 -1.098474
v 0.760904 -0.991543 -1.098474
v 0.760904 -0.991543 -1.098474
v 0.760904 -0.991543 -1.098474
v 0.883884 -0.883882 -1.230418
v 0.883884 -0.883882 -1.230418
v 0.883884 -0.883882 -1.098474
v 0.883884 -0.883882 -1.098474
v 0.883884 -0.883882 -1.098474
v 0.883884 -0.883882 -1.098474
v 0.883884 -0.883882 -1.098474
v 0.883884 -0.883882 -1.098474
v 0.991565 -0.760876 -1.230418
v 0.991565 -0.760876 -1.230418
v 0.991565 -0.760876 -1.098474
v 0.991565 -0.760876 -1.098474
v 0.991565 -0.760876 -1.098474
v 0.991565 -0.760876 -1.098474
v 0.991565 -0.760876 -1.098474
v 0.991565 -0.760876 -1.098474
v 1.082315 -0.624851 -1.230418
v 1.082315 -0.624851 -1.230418
v 1.082315 -0.624851 -1.098474
v 1.082315 -0.624851 -1.098474
v 1.082315 -0.624851 -1.098474
v 1.082315 -0.624851 -1.098474
v 1.082315 -0.624851 -1.098474
v 1.082315 -0.624851 -1.098474
v 1.154734 -0.478250 -1.230418
v 1.154734 -0.478250 -1.230418
v 1.154734 -0.478250 -1.098474
v 1.154734 -0.478250 -1.098474
v 1.154734 -0.478250 -1.098474
v 1.154734 -0.478250 -1.098474
v 1.154734 -0.478250 -1.098474
v 1.154734 -0.478250 -1.098474
v 1.207407 -0.323523 -1.230418
v 1.207407 -0.323523 -1.230418
v 1.207407 -0.323523 -1.098474
v 1.207407 -0.323523 -1.098474
v 1.207407 -0.323523 -1.098474
v 1.207407 -0.323523 -1.098474
v 1.207407 -0.323523 -1.098474
v 1.207407 -0.323523 -1.098474
v 1.239159 -0.163155 -1.230418
v 1.239159 -0.163155 -1.230418
v 1.239159 -0.163155 -1.098474
v 1.239159 -0.163155 -1.098474
v 1.239159 -0.163155 -1.098474
v 1.239159 -0.163155 -1.098474
v 1.239159 -0.163155 -1.098474
v 1.239159 -0.163155 -1.098474
v 1.249738 0.000021 -1.230418
v 1.249738 0.000021 -1.230418
v 1.249738 0.000021 -1.098474
v 1.249738 0.000021 -1.098474
v 1.249738 0.000021 -1.098474
v 1.249738 0.000021 -1.098474
v 1.249738 0.000021 -1.098474
v 1.249738 0.000021 -1.098474
v 1.239154 0.163191 -1.230418
v 1.239154 0.163191 -1.230418
v 1.239154 0.163191 -1.098474
v 1.239154 0.163191 -1.098474
v 1.239154 0.163191 -1.098474
v 1.239154 0.163191 -1.098474
v 1.239154 0.163191 -1.098474
v 1.239154 0.163191 -1.098474
v 1.207407 0.323525 -1.230418
v 1.207407 0.323525 -1.230418
v 1.207407 0.323525 -1.098474
v 1.207407 0.323525 -1.098474
v 1.207407 0.323525 -1.098474
v 1.207407 0.323525 -1.098474
v 1.207407 0.323525 -1.098474
v 1.207407 0.323525 -1.098474
v 1.154721 0.478283 -1.230418
v 1.154721 0.478283 -1.230418
v 1.154721 0.478283 -1.098474
v 1.154721 0.478283 -1.098474
v 1.154721 0.478283 -1.098474
v 1.154721 0.478283 -1.098474
v 1.154721 0.478283 -1.098474
v 1.154721 0.478283 -1.098474
v 1.082295 0.624888 -1.230418
v 1.082295 0.624888 -1.230418
v 1.082295 0.624888 -1.098474
v 1.082295 0.624888 -1.098474
v 1.082295 0.624888 -1.098474
v 1.082295 0.624888 -1.098474
v 1.082295 0.624888 -1.098474
v 1.082295 0.624888 -1.098474
v 0.991544 0.760904 -1.230418
v 0.991544 0.760904 -1.230418
v 0.991544 0.760904 -1.098474
v 0.991544 0.760904 -1.098474
v 0.991544 0.760904 -1.098474
v 0.991544 0.760904 -1.098474
v 0.991544 0.760904 -1.098474
v 0.991544 0.760904 -1.098474
v 0.760876 0.991566 -1.353625
v 0.760876 0.991566 -1.353625
v 0.883883 0.883884 -1.353625
v 0.883883 0.883884 -1.353625
v 0.624851 1.082315 -1.353625
v 0.624851 1.082315 -1.353625
v 0.478251 1.154734 -1.353625
v 0.478251 1.154734 -1.353625
v 0.323524 1.207407 -1.353625
v 0.323524 1.207407 -1.353625
v 0.163156 1.239159 -1.353625
v 0.163156 1.239159 -1.353625
v -0.000020 1.249739 -1.353625
v -0.000020 1.249739 -1.353625
v -0.000020 1.249739 -1.353625
v -0.163190 1.239155 -1.353625
v -0.163190 1.239155 -1.353625
v -0.163190 1.239155 -1.353625
v -0.323524 1.207407 -1.353625
v -0.323524 1.207407 -1.353625
v -0.478282 1.154720 -1.353625
v -0.478282 1.154720 -1.353625
v -0.624887 1.082294 -1.353625
v -0.624887 1.082294 -1.353625
v -0.624887 1.082294 -1.353625
v -0.760904 0.991545 -1.353625
v -0.760904 0.991545 -1.353625
v -0.760904 0.991545 -1.353625
v -0.883884 0.883884 -1.353625
v -0.883884 0.883884 -1.353625
v -0.991565 0.760878 -1.353625
v -0.991565 0.760878 -1.353625
v -1.082315 0.624851 -1.353625
v -1.082315 0.624851 -1.353625
v -1.154734 0.478250 -1.353625
v -1.154734 0.478250 -1.353625
v -1.207407 0.323524 -1.353625
v -1.207407 0.323524 -1.353625
v -1.239159 0.163156 -1.353625
v -1.239159 0.163156 -1.353625
v -1.249738 -0.000019 -1.353625
v -1.249738 -0.000019 -1.353625
v -1.239154 -0.163189 -1.353625
v -1.239154 -0.163189 -1.353625
v -1.207407 -0.323523 -1.353625
v -1.207407 -0.323523 -1.353625
v -1.154721 -0.478281 -1.353625
v -1.154721 -0.478281 -1.353625
v -1.082295 -0.624886 -1.353625
v -1.082295 -0.624886 -1.353625
v -0.991544 -0.760902 -1.353625
v -0.991544 -0.760902 -1.353625
v -0.883883 -0.883883 -1.353625
v -0.883883 -0.883883 -1.353625
v -0.760876 -0.991564 -1.353625
v -0.760876 -0.991564 -1.353625
v -0.624851 -1.082315 -1.353625
v -0.624851 -1.082315 -1.353625
v -0.478251 -1.154734 -1.353625
v -0.478251 -1.154734 -1.353625
v -0.478251 -1.154734 -1.353625
v -0.323524 -1.207407 -1.353625
v -0.323524 -1.207407 -1.353625
v -0.323524 -1.207407 -1.353625
v -0.163156 -1.239159 -1.353625
v -0.163156 -1.239159 -1.353625
v 0.000020 -1.249737 -1.353625
v 0.000020 -1.249737 -1.353625
v 0.000020 -1.249737 -1.353625
v 0.163190 -1.239153 -1.353625
v 0.163190 -1.239153 -1.353625
v 0.323524 -1.207407 -1.353625
v 0.323524 -1.207407 -1.353625
v 0.478282 -1.154720 -1.353625
v 0.478282 -1.154720 -1.353625
v 0.624887 -1.082294 -1.353625
v 0.624887 -1.082294 -1.353625
v 0.624887 -1.082294 -1.353625
v 0.760904 -0.991543 -1.353625
v 0.760904 -0.991543 -1.353625
v 0.760904 -0.991543 -1.353625
v 0.883884 -0.883882 -1.353625
v 0.883884 -0.883882 -1.353625
v 0.991565 -0.760876 -1.353625
v 0.991565 -0.760876 -1.353625
v 1.082315 -0.624851 -1.353625
v 1.082315 -0.624851 -1.353625
v 1.154734 -0.478250 -1.353625
v 1.154734 -0.478250 -1.353625
v 1.207407 -0.323523 -1.353625
v 1.207407 -0.323523 -1.353625
v 1.239159 -0.163155 -1.353625
v 1.239159 -0.163155 -1.353625
v 1.249738 0.000021 -1.353625
v 1.249738 0.000021 -1.353625
v 1.239154 0.163191 -1.353625
v 1.239154 0.163191 -1.353625
v 1.207407 0.323525 -1.353625
v 1.207407 0.323525 -1.353625
v 1.154721 0.478283 -1.353625
v 1.154721 0.478283 -1.353625
v 1.082295 0.624888 -1.353625
v 1.082295 0.624888 -1.353625
v 0.991544 0.760904 -1.353625
v 0.991544 0.760904 -1.353625
v 0.760876 0.991566 -1.477020
v 0.760876 0.991566 -1.477020
v 0.760876 0.991566 -1.477020
v 0.760876 0.991566 -1.477020
v 0.760876 0.991566 -1.477020
v 0.760876 0.991566 -1.477020
v 0.883883 0.883884 -1.477020
v 0.883883 0.883884 -1.477020
v 0.883883 0.883884 -1.477020
v 0.883883 0.883884 -1.477020
v 0.883883 0.883884 -1.477020
v 0.883883 0.883884 -1.477020
v 0.624851 1.082315 -1.477020
v 0.624851 1.082315 -1.477020
v 0.624851 1.082315 -1.477020
v 0.624851 1.082315 -1.477020
v 0.624851 1.082315 -1.477020
v 0.624851 1.082315 -1.477020
v 0.478251 1.154734 -1.477020
v 0.478251 1.154734 -1.477020
v 0.478251 1.154734 -1.477020
v 0.478251 1.154734 -1.477020
v 0.478251 1.154734 -1.477020
v 0.478251 1.154734 -1.477020
v 0.323524 1.207407 -1.477020
v 0.323524 1.207407 -1.477020
v 0.323524 1.207407 -1.477020
v 0.323524 1.207407 -1.477020
v 0.323524 1.207407 -1.477020
v 0.323524 1.207407 -1.477020
v 0.163156 1.239159 -1.477020
v 0.163156 1.239159 -1.477020
v 0.163156 1.239159 -1.477020
v 0.163156 1.239159 -1.477020
v 0.163156 1.239159 -1.477020
v 0.163156 1.239159 -1.477020
v -0.000020 1.249739 -1.477020
v -0.000020 1.249739 -1.477020
v -0.000020 1.249739 -1.477020
v -0.000020 1.249739 -1.477020
v -0.000020 1.249739 -1.477020
v -0.000020 1.249739 -1.477020
v -0.163190 1.239155 -1.477020
v -0.163190 1.239155 -1.477020
v -0.163190 1.239155 -1.477020
v -0.163190 1.239155 -1.477020
v -0.163190 1.239155 -1.477020
v -0.163190 1.239155 -1.477020
v -0.163190 1.239155 -1.477020
v -0.323524 1.207407 -1.477020
v -0.323524 1.207407 -1.477020
v -0.323524 1.207407 -1.477020
v -0.323524 1.207407 -1.477020
v -0.323524 1.207407 -1.477020
v -0.323524 1.207407 -1.477020
v -0.478282 1.154720 -1.477020
v -0.478282 1.154720 -1.477020
v -0.478282 1.154720 -1.477020
v -0.478282 1.154720 -1.477020
v -0.478282 1.154720 -1.477020
v -0.478282 1.154720 -1.477020
v -0.624887 1.082294 -1.477020
v -0.624887 1.082294 -1.477020
v -0.624887 1.082294 -1.477020
v -0.624887 1.082294 -1.477020
v -0.624887 1.082294 -1.477020
v -0.624887 1.082294 -1.477020
v -0.760904 0.991545 -1.477020
v -0.760904 0.991545 -1.477020
v -0.760904 0.991545 -1.477020
v -0.760904 0.991545 -1.477020
v -0.760904 0.991545 -1.477020
v -0.760904 0.991545 -1.477020
v -0.883884 0.883884 -1.477020
v -0.883884 0.883884 -1.477020
v -0.883884 0.883884 -1.477020
v -0.883884 0.883884 -1.477020
v -0.883884 0.883884 -1.477020
v -0.883884 0.883884 -1.477020
v -0.991565 0.760878 -1.477020
v -0.991565 0.760878 -1.477020
v -0.991565 0.760878 -1.477020
v -0.991565 0.760878 -1.477020
v -0.991565 0.760878 -1.477020
v -0.991565 0.760878 -1.477020
v -1.082315 0.624851 -1.477020
v -1.082315 0.624851 -1.477020
v -1.082315 0.624851 -1.477020
v -1.082315 0.624851 -1.477020
v -1.082315 0.624851 -1.477020
v -1.082315 0.624851 -1.477020
v -1.154734 0.478250 -1.477020
v -1.154734 0.478250 -1.477020
v -1.154734 0.478250 -1.477020
v -1.154734 0.478250 -1.477020
v -1.154734 0.478250 -1.477020
v -1.154734 0.478250 -1.477020
v -1.207407 0.323524 -1.477020
v -1.207407 0.323524 -1.477020
v -1.207407 0.323524 -1.477020
v -1.207407 0.323524 -1.477020
v -1.207407 0.323524 -1.477020
v -1.207407 0.323524 -1.477020
v -1.239159 0.163156 -1.477020
v -1.239159 0.163156 -1.477020
v -1.239159 0.163156 -1.477020
v -1.239159 0.163156 -1.477020
v -1.239159 0.163156 -1.477020
v -1.239159 0.163156 -1.477020
v -1.249738 -0.000019 -1.477020
v -1.249738 -0.000019 -1.477020
v -1.249738 -0.000019 -1.477020
v -1.249738 -0.000019 -1.477020
v -1.249738 -0.000019 -1.477020
v -1.249738 -0.000019 -1.477020
v -1.239154 -0.163189 -1.477020
v -1.239154 -0.163189 -1.477020
v -1.239154 -0.163189 -1.477020
v -1.239154 -0.163189 -1.477020
v -1.239154 -0.163189 -1.477020
v -1.239154 -0.163189 -1.477020
v -1.207407 -0.323523 -1.477020
v -1.207407 -0.323523 -1.477020
v -1.207407 -0.323523 -1.477020
v -1.207407 -0.323523 -1.477020
v -1.207407 -0.323523 -1.477020
v -1.207407 -0.323523 -1.477020
v -1.154721 -0.478281 -1.477020
v -1.154721 -0.478281 -1.477020
v -1.154721 -0.478281 -1.477020
v -1.154721 -0.478281 -1.477020
v -1.154721 -0.478281 -1.477020
v -1.154721 -0.478281 -1.477020
v -1.082295 -0.624886 -1.477020
v -1.082295 -0.624886 -1.477020
v -1.082295 -0.624886 -1.477020
v -1.082295 -0.624886 -1.477020
v -1.082295 -0.624886 -1.477020
v -1.082295 -0.624886 -1.477020
v -0.991544 -0.760902 -1.477020
v -0.991544 -0.760902 -1.477020
v -0.991544 -0.760902 -1.477020
v -0.991544 -0.760902 -1.477020
v -0.991544 -0.760902 -1.477020
v -0.991544 -0.760902 -1.477020
v -0.883883 -0.883883 -1.477020
v -0.883883 -0.883883 -1.477020
v -0.883883 -0.883883 -1.477020
v -0.883883 -0.883883 -1.477020
v -0.883883 -0.883883 -1.477020
v -0.883883 -0.883883 -1.477020
v -0.760876 -0.991564 -1.477020
v -0.760876 -0.991564 -1.477020
v -0.760876 -0.991564 -1.477020
v -0.760876 -0.991564 -1.477020
v -0.760876 -0.991564 -1.477020
v -0.760876 -0.991564 -1.477020
v -0.624851 -1.082315 -1.477020
v -0.624851 -1.082315 -1.477020
v -0.624851 -1.082315 -1.477020
v -0.624851 -1.082315 -1.477020
v -0.624851 -1.082315 -1.477020
v -0.624851 -1.082315 -1.477020
v -0.478251 -1.154734 -1.477020
v -0.478251 -1.154734 -1.477020
v -0.478251 -1.154734 -1.477020
v -0.478251 -1.154734 -1.477020
v -0.478251 -1.154734 -1.477020
v -0.478251 -1.154734 -1.477020
v -0.323524 -1.207407 -1.477020
v -0.323524 -1.207407 -1.477020
v -0.323524 -1.207407 -1.477020
v -0.323524 -1.207407 -1.477020
v -0.323524 -1.207407 -1.477020
v -0.323524 -1.207407 -1.477020
v -0.163156 -1.239159 -1.477020
v -0.163156 -1.239159 -1.477020
v -0.163156 -1.239159 -1.477020
v -0.163156 -1.239159 -1.477020
v -0.163156 -1.239159 -1.477020
v -0.163156 -1.239159 -1.477020
v 0.000020 -1.249737 -1.477020
v 0.000020 -1.249737 -1.477020
v 0.000020 -1.249737 -1.477020
v 0.000020 -1.249737 -1.477020
v 0.000020 -1.249737 -1.477020
v 0.000020 -1.249737 -1.477020
v 0.163190 -1.239153 -1.477020
v 0.163190 -1.239153 -1.477020
v 0.163190 -1.239153 -1.477020
v 0.163190 -1.239153 -1.477020
v 0.163190 -1.239153 -1.477020
v 0.163190 -1.239153 -1.477020
v 0.163190 -1.239153 -1.477020
v 0.323524 -1.207407 -1.477020
v 0.323524 -1.207407 -1.477020
v 0.323524 -1.207407 -1.477020
v 0.323524 -1.207407 -1.477020
v 0.323524 -1.207407 -1.477020
v 0.323524 -1.207407 -1.477020
v 0.478282 -1.154720 -1.477020
v 0.478282 -1.154720 -1.477020
v 0.478282 -1.154720 -1.477020
v 0.478282 -1.154720 -1.477020
v 0.478282 -1.154720 -1.477020
v 0.478282 -1.154720 -1.477020
v 0.624887 -1.082294 -1.477020
v 0.624887 -1.082294 -1.477020
v 0.624887 -1.082294 -1.477020
v 0.624887 -1.082294 -1.477020
v 0.624887 -1.082294 -1.477020
v 0.624887 -1.082294 -1.477020
v 0.760904 -0.991543 -1.477020
v 0.760904 -0.991543 -1.477020
v 0.760904 -0.991543 -1.477020
v 0.760904 -0.991543 -1.477020
v 0.760904 -0.991543 -1.477020
v 0.760904 -0.991543 -1.477020
v 0.883884 -0.883882 -1.477020
v 0.883884 -0.883882 -1.477020
v 0.883884 -0.883882 -1.477020
v 0.883884 -0.883882 -1.477020
v 0.883884 -0.883882 -1.477020
v 0.883884 -0.883882 -1.477020
v 0.991565 -0.760876 -1.477020
v 0.991565 -0.760876 -1.477020
v 0.991565 -0.760876 -1.477020
v 0.991565 -0.760876 -1.477020
v 0.991565 -0.760876 -1.477020
v 0.991565 -0.760876 -1.477020
v 1.082315 -0.624851 -1.477020
v 1.082315 -0.624851 -1.477020
v 1.082315 -0.624851 -1.477020
v 1.082315 -0.624851 -1.477020
v 1.082315 -0.624851 -1.477020
v 1.082315 -0.624851 -1.477020
v 1.154734 -0.478250 -1.477020
v 1.154734 -0.478250 -1.477020
v 1.154734 -0.478250 -1.477020
v 1.154734 -0.478250 -1.477020
v 1.154734 -0.478250 -1.477020
v 1.154734 -0.478250 -1.477020
v 1.207407 -0.323523 -1.477020
v 1.207407 -0.323523 -1.477020
v 1.207407 -0.323523 -1.477020
v 1.207407 -0.323523 -1.477020
v 1.207407 -0.323523 -1.477020
v 1.207407 -0.323523 -1.477020
v 1.239159 -0.163155 -1.477020
v 1.239159 -0.163155 -1.477020
v 1.239159 -0.163155 -1.477020
v 1.239159 -0.163155 -1.477020
v 1.239159 -0.163155 -1.477020
v 1.239159 -0.163155 -1.477020
v 1.249738 0.000021 -1.477020
v 1.249738 0.000021 -1.477020
v 1.249738 0.000021 -1.477020
v 1.249738 0.000021 -1.477020
v 1.249738 0.000021 -1.477020
v 1.249738 0.000021 -1.477020
v 1.239154 0.163191 -1.477020
v 1.239154 0.163191 -1.477020
v 1.239154 0.163191 -1.477020
v 1.239154 0.163191 -1.477020
v 1.239154 0.163191 -1.477020
v 1.239154 0.163191 -1.477020
v 1.207407 0.323525 -1.477020
v 1.207407 0.323525 -1.477020
v 1.207407 0.323525 -1.477020
v 1.207407 0.323525 -1.477020
v 1.207407 0.323525 -1.477020
v 1.207407 0.323525 -1.477020
v 1.154721 0.478283 -1.477020
v 1.154721 0.478283 -1.477020
v 1.154721 0.478283 -1.477020
v 1.154721 0.478283 -1.477020
v 1.154721 0.478283 -1.477020
v 1.154721 0.478283 -1.477020
v 1.082295 0.624888 -1.477020
v 1.082295 0.624888 -1.477020
v 1.082295 0.624888 -1.477020
v 1.082295 0.624888 -1.477020
v 1.082295 0.624888 -1.477020
v 1.082295 0.624888 -1.477020
v 0.991544 0.760904 -1.477020
v 0.991544 0.760904 -1.477020
v 0.991544 0.760904 -1.477020
v 0.991544 0.760904 -1.477020
v 0.991544 0.760904 -1.477020
v 0.991544 0.760904 -1.477020
v 0.824074 0.939648 -1.597695
v 0.824074 0.939648 -1.597695
v 0.824074 0.939648 -1.597695
v 0.824074 0.939648 -1.597695
v 0.824074 0.939648 -1.597695
v 0.824074 0.939648 -1.597695
v 0.760793 0.991457 -1.597695
v 0.760793 0.991457 -1.597695
v 0.760793 0.991457 -1.597695
v 0.760793 0.991457 -1.597695
v 0.883787 0.883787 -1.597695
v 0.883787 0.883787 -1.597695
v 0.883787 0.883787 -1.597695
v 0.883787 0.883787 -1.597695
v 0.694264 1.039030 -1.597695
v 0.694264 1.039030 -1.597695
v 0.694264 1.039030 -1.597695
v 0.694264 1.039030 -1.597695
v 0.694264 1.039030 -1.597695
v 0.694264 1.039030 -1.597695
v 0.624783 1.082197 -1.597695
v 0.624783 1.082197 -1.597695
v 0.624783 1.082197 -1.597695
v 0.624783 1.082197 -1.597695
v 0.552660 1.120783 -1.597695
v 0.552660 1.120783 -1.597695
v 0.552660 1.120783 -1.597695
v 0.552660 1.120783 -1.597695
v 0.552660 1.120783 -1.597695
v 0.478198 1.154608 -1.597695
v 0.478198 1.154608 -1.597695
v 0.478198 1.154608 -1.597695
v 0.478198 1.154608 -1.597695
v 0.401706 1.183498 -1.597695
v 0.401706 1.183498 -1.597695
v 0.401706 1.183498 -1.597695
v 0.401706 1.183498 -1.597695
v 0.401706 1.183498 -1.597695
v 0.323488 1.207275 -1.597695
v 0.323488 1.207275 -1.597695
v 0.323488 1.207275 -1.597695
v 0.323488 1.207275 -1.597695
v 0.243845 1.225796 -1.597695
v 0.243845 1.225796 -1.597695
v 0.243845 1.225796 -1.597695
v 0.243845 1.225796 -1.597695
v 0.243845 1.225796 -1.597695
v 0.243845 1.225796 -1.597695
v 0.163138 1.239023 -1.597695
v 0.163138 1.239023 -1.597695
v 0.163138 1.239023 -1.597695
v 0.163138 1.239023 -1.597695
v 0.163138 1.239023 -1.597695
v 0.081736 1.246958 -1.597695
v 0.081736 1.246958 -1.597695
v 0.081736 1.246958 -1.597695
v 0.081736 1.246958 -1.597695
v 0.081736 1.246958 -1.597695
v 0.081736 1.246958 -1.597695
v -0.000020 1.249601 -1.597695
v -0.000020 1.249601 -1.597695
v -0.000020 1.249601 -1.597695
v -0.000020 1.249601 -1.597695
v -0.081773 1.246956 -1.597695
v -0.081773 1.246956 -1.597695
v -0.081773 1.246956 -1.597695
v -0.081773 1.246956 -1.597695
v -0.081773 1.246956 -1.597695
v -0.081773 1.246956 -1.597695
v -0.163172 1.239019 -1.597695
v -0.163172 1.239019 -1.597695
v -0.163172 1.239019 -1.597695
v -0.163172 1.239019 -1.597695
v -0.243862 1.225792 -1.597695
v -0.243862 1.225792 -1.597695
v -0.243862 1.225792 -1.597695
v -0.243862 1.225792 -1.597695
v -0.243862 1.225792 -1.597695
v -0.243862 1.225792 -1.597695
v -0.323489 1.207275 -1.597695
v -0.323489 1.207275 -1.597695
v -0.323489 1.207275 -1.597695
v -0.323489 1.207275 -1.597695
v -0.401722 1.183493 -1.597695
v -0.401722 1.183493 -1.597695
v -0.401722 1.183493 -1.597695
v -0.401722 1.183493 -1.597695
v -0.401722 1.183493 -1.597695
v -0.401722 1.183493 -1.597695
v -0.478230 1.154594 -1.597695
v -0.478230 1.154594 -1.597695
v -0.478230 1.154594 -1.597695
v -0.478230 1.154594 -1.597695
v -0.552694 1.120766 -1.597695
v -0.552694 1.120766 -1.597695
v -0.552694 1.120766 -1.597695
v -0.552694 1.120766 -1.597695
v -0.552694 1.120766 -1.597695
v -0.552694 1.120766 -1.597695
v -0.624819 1.082178 -1.597695
v -0.624819 1.082178 -1.597695
v -0.624819 1.082178 -1.597695
v -0.624819 1.082178 -1.597695
v -0.694296 1.039009 -1.597695
v -0.694296 1.039009 -1.597695
v -0.694296 1.039009 -1.597695
v -0.694296 1.039009 -1.597695
v -0.694296 1.039009 -1.597695
v -0.694296 1.039009 -1.597695
v -0.760821 0.991436 -1.597695
v -0.760821 0.991436 -1.597695
v -0.760821 0.991436 -1.597695
v -0.760821 0.991436 -1.597695
v -0.760821 0.991436 -1.597695
v -0.824087 0.939636 -1.597695
v -0.824087 0.939636 -1.597695
v -0.824087 0.939636 -1.597695
v -0.824087 0.939636 -1.597695
v -0.824087 0.939636 -1.597695
v -0.883787 0.883787 -1.597695
v -0.883787 0.883787 -1.597695
v -0.883787 0.883787 -1.597695
v -0.883787 0.883787 -1.597695
v -0.939648 0.824074 -1.597695
v -0.939648 0.824074 -1.597695
v -0.939648 0.824074 -1.597695
v -0.939648 0.824074 -1.597695
v -0.939648 0.824074 -1.597695
v -0.939648 0.824074 -1.597695
v -0.991457 0.760794 -1.597695
v -0.991457 0.760794 -1.597695
v -0.991457 0.760794 -1.597695
v -0.991457 0.760794 -1.597695
v -0.991457 0.760794 -1.597695
v -1.039029 0.694265 -1.597695
v -1.039029 0.694265 -1.597695
v -1.039029 0.694265 -1.597695
v -1.039029 0.694265 -1.597695
v -1.039029 0.694265 -1.597695
v -1.039029 0.694265 -1.597695
v -1.082197 0.624784 -1.597695
v -1.082197 0.624784 -1.597695
v -1.082197 0.624784 -1.597695
v -1.082197 0.624784 -1.597695
v -1.120782 0.552660 -1.597695
v -1.120782 0.552660 -1.597695
v -1.120782 0.552660 -1.597695
v -1.120782 0.552660 -1.597695
v -1.120782 0.552660 -1.597695
v -1.154608 0.478199 -1.597695
v -1.154608 0.478199 -1.597695
v -1.154608 0.478199 -1.597695
v -1.154608 0.478199 -1.597695
v -1.183498 0.401707 -1.597695
v -1.183498 0.401707 -1.597695
v -1.183498 0.401707 -1.597695
v -1.183498 0.401707 -1.597695
v -1.183498 0.401707 -1.597695
v -1.207276 0.323488 -1.597695
v -1.207276 0.323488 -1.597695
v -1.207276 0.323488 -1.597695
v -1.207276 0.323488 -1.597695
v -1.225796 0.243845 -1.597695
v -1.225796 0.243845 -1.597695
v -1.225796 0.243845 -1.597695
v -1.225796 0.243845 -1.597695
v -1.225796 0.243845 -1.597695
v -1.225796 0.243845 -1.597695
v -1.239023 0.163137 -1.597695
v -1.239023 0.163137 -1.597695
v -1.239023 0.163137 -1.597695
v -1.239023 0.163137 -1.597695
v -1.246958 0.081736 -1.597695
v -1.246958 0.081736 -1.597695
v -1.246958 0.081736 -1.597695
v -1.246958 0.081736 -1.597695
v -1.246958 0.081736 -1.597695
v -1.249602 -0.000019 -1.597695
v -1.249602 -0.000019 -1.597695
v -1.249602 -0.000019 -1.597695
v -1.249602 -0.000019 -1.597695
v -1.246955 -0.081774 -1.597695
v -1.246955 -0.081774 -1.597695
v -1.246955 -0.081774 -1.597695
v -1.246955 -0.081774 -1.597695
v -1.246955 -0.081774 -1.597695
v -1.239019 -0.163172 -1.597695
v -1.239019 -0.163172 -1.597695
v -1.239019 -0.163172 -1.597695
v -1.239019 -0.163172 -1.597695
v -1.225792 -0.243862 -1.597695
v -1.225792 -0.243862 -1.597695
v -1.225792 -0.243862 -1.597695
v -1.225792 -0.243862 -1.597695
v -1.225792 -0.243862 -1.597695
v -1.207276 -0.323488 -1.597695
v -1.207276 -0.323488 -1.597695
v -1.207276 -0.323488 -1.597695
v -1.207276 -0.323488 -1.597695
v -1.183493 -0.401722 -1.597695
v -1.183493 -0.401722 -1.597695
v -1.183493 -0.401722 -1.597695
v -1.183493 -0.401722 -1.597695
v -1.183493 -0.401722 -1.597695
v -1.154595 -0.478230 -1.597695
v -1.154595 -0.478230 -1.597695
v -1.154595 -0.478230 -1.597695
v -1.154595 -0.478230 -1.597695
v -1.120765 -0.552692 -1.597695
v -1.120765 -0.552692 -1.597695
v -1.120765 -0.552692 -1.597695
v -1.120765 -0.552692 -1.597695
v -1.120765 -0.552692 -1.597695
v -1.082177 -0.624819 -1.597695
v -1.082177 -0.624819 -1.597695
v -1.082177 -0.624819 -1.597695
v -1.082177 -0.624819 -1.597695
v -1.039008 -0.694296 -1.597695
v -1.039008 -0.694296 -1.597695
v -1.039008 -0.694296 -1.597695
v -1.039008 -0.694296 -1.597695
v -1.039008 -0.694296 -1.597695
v -0.991436 -0.760820 -1.597695
v -0.991436 -0.760820 -1.597695
v -0.991436 -0.760820 -1.597695
v -0.991436 -0.760820 -1.597695
v -0.939636 -0.824087 -1.597695
v -0.939636 -0.824087 -1.597695
v -0.939636 -0.824087 -1.597695
v -0.939636 -0.824087 -1.597695
v -0.939636 -0.824087 -1.597695
v -0.883787 -0.883787 -1.597695
v -0.883787 -0.883787 -1.597695
v -0.883787 -0.883787 -1.597695
v -0.883787 -0.883787 -1.597695
v -0.824074 -0.939648 -1.597695
v -0.824074 -0.939648 -1.597695
v -0.824074 -0.939648 -1.597695
v -0.824074 -0.939648 -1.597695
v -0.824074 -0.939648 -1.597695
v -0.760793 -0.991457 -1.597695
v -0.760793 -0.991457 -1.597695
v -0.760793 -0.991457 -1.597695
v -0.760793 -0.991457 -1.597695
v -0.760793 -0.991457 -1.597695
v -0.694264 -1.039028 -1.597695
v -0.694264 -1.039028 -1.597695
v -0.694264 -1.039028 -1.597695
v -0.694264 -1.039028 -1.597695
v -0.694264 -1.039028 -1.597695
v -0.624783 -1.082197 -1.597695
v -0.624783 -1.082197 -1.597695
v -0.624783 -1.082197 -1.597695
v -0.624783 -1.082197 -1.597695
v -0.552660 -1.120781 -1.597695
v -0.552660 -1.120781 -1.597695
v -0.552660 -1.120781 -1.597695
v -0.552660 -1.120781 -1.597695
v -0.552660 -1.120781 -1.597695
v -0.478198 -1.154608 -1.597695
v -0.478198 -1.154608 -1.597695
v -0.478198 -1.154608 -1.597695
v -0.478198 -1.154608 -1.597695
v -0.401706 -1.183498 -1.597695
v -0.401706 -1.183498 -1.597695
v -0.401706 -1.183498 -1.597695
v -0.401706 -1.183498 -1.597695
v -0.401706 -1.183498 -1.597695
v -0.401706 -1.183498 -1.597695
v -0.323488 -1.207275 -1.597695
v -0.323488 -1.207275 -1.597695
v -0.323488 -1.207275 -1.597695
v -0.323488 -1.207275 -1.597695
v -0.243845 -1.225796 -1.597695
v -0.243845 -1.225796 -1.597695
v -0.243845 -1.225796 -1.597695
v -0.243845 -1.225796 -1.597695
v -0.243845 -1.225796 -1.597695
v -0.243845 -1.225796 -1.597695
v -0.163138 -1.239023 -1.597695
v -0.163138 -1.239023 -1.597695
v -0.163138 -1.239023 -1.597695
v -0.163138 -1.239023 -1.597695
v -0.163138 -1.239023 -1.597695
v -0.081736 -1.246958 -1.597695
v -0.081736 -1.246958 -1.597695
v -0.081736 -1.246958 -1.597695
v -0.081736 -1.246958 -1.597695
v -0.081736 -1.246958 -1.597695
v -0.081736 -1.246958 -1.597695
v 0.000020 -1.249601 -1.597695
v 0.000020 -1.249601 -1.597695
v 0.000020 -1.249601 -1.597695
v 0.000020 -1.249601 -1.597695
v 0.081773 -1.246956 -1.597695
v 0.081773 -1.246956 -1.597695
v 0.081773 -1.246956 -1.597695
v 0.081773 -1.246956 -1.597695
v 0.081773 -1.246956 -1.597695
v 0.081773 -1.246956 -1.597695
v 0.163172 -1.239019 -1.597695
v 0.163172 -1.239019 -1.597695
v 0.163172 -1.239019 -1.597695
v 0.163172 -1.239019 -1.597695
v 0.243862 -1.225792 -1.597695
v 0.243862 -1.225792 -1.597695
v 0.243862 -1.225792 -1.597695
v 0.243862 -1.225792 -1.597695
v 0.243862 -1.225792 -1.597695
v 0.323489 -1.207275 -1.597695
v 0.323489 -1.207275 -1.597695
v 0.323489 -1.207275 -1.597695
v 0.323489 -1.207275 -1.597695
v 0.401722 -1.183493 -1.597695
v 0.401722 -1.183493 -1.597695
v 0.401722 -1.183493 -1.597695
v 0.401722 -1.183493 -1.597695
v 0.401722 -1.183493 -1.597695
v 0.401722 -1.183493 -1.597695
v 0.478230 -1.154594 -1.597695
v 0.478230 -1.154594 -1.597695
v 0.478230 -1.154594 -1.597695
v 0.478230 -1.154594 -1.597695
v 0.552694 -1.120766 -1.597695
v 0.552694 -1.120766 -1.597695
v 0.552694 -1.120766 -1.597695
v 0.552694 -1.120766 -1.597695
v 0.552694 -1.120766 -1.597695
v 0.552694 -1.120766 -1.597695
v 0.624819 -1.082176 -1.597695
v 0.624819 -1.082176 -1.597695
v 0.624819 -1.082176 -1.597695
v 0.624819 -1.082176 -1.597695
v 0.624819 -1.082176 -1.597695
v 0.694296 -1.039007 -1.597695
v 0.694296 -1.039007 -1.597695
v 0.694296 -1.039007 -1.597695
v 0.694296 -1.039007 -1.597695
v 0.694296 -1.039007 -1.597695
v 0.694296 -1.039007 -1.597695
v 0.760821 -0.991436 -1.597695
v 0.760821 -0.991436 -1.597695
v 0.760821 -0.991436 -1.597695
v 0.760821 -0.991436 -1.597695
v 0.760821 -0.991436 -1.597695
v 0.824087 -0.939636 -1.597695
v 0.824087 -0.939636 -1.597695
v 0.824087 -0.939636 -1.597695
v 0.824087 -0.939636 -1.597695
v 0.824087 -0.939636 -1.597695
v 0.883787 -0.883787 -1.597695
v 0.883787 -0.883787 -1.597695
v 0.883787 -0.883787 -1.597695
v 0.883787 -0.883787 -1.597695
v 0.939648 -0.824074 -1.597695
v 0.939648 -0.824074 -1.597695
v 0.939648 -0.824074 -1.597695
v 0.939648 -0.824074 -1.597695
v 0.939648 -0.824074 -1.597695
v 0.939648 -0.824074 -1.597695
v 0.991457 -0.760794 -1.597695
v 0.991457 -0.760794 -1.597695
v 0.991457 -0.760794 -1.597695
v 0.991457 -0.760794 -1.597695
v 0.991457 -0.760794 -1.597695
v 1.039029 -0.694263 -1.597695
v 1.039029 -0.694263 -1.597695
v 1.039029 -0.694263 -1.597695
v 1.039029 -0.694263 -1.597695
v 1.039029 -0.694263 -1.597695
v 1.082197 -0.624783 -1.597695
v 1.082197 -0.624783 -1.597695
v 1.082197 -0.624783 -1.597695
v 1.082197 -0.624783 -1.597695
v 1.120782 -0.552660 -1.597695
v 1.120782 -0.552660 -1.597695
v 1.120782 -0.552660 -1.597695
v 1.120782 -0.552660 -1.597695
v 1.120782 -0.552660 -1.597695
v 1.154608 -0.478197 -1.597695
v 1.154608 -0.478197 -1.597695
v 1.154608 -0.478197 -1.597695
v 1.154608 -0.478197 -1.597695
v 1.183498 -0.401705 -1.597695
v 1.183498 -0.401705 -1.597695
v 1.183498 -0.401705 -1.597695
v 1.183498 -0.401705 -1.597695
v 1.183498 -0.401705 -1.597695
v 1.207276 -0.323488 -1.597695
v 1.207276 -0.323488 -1.597695
v 1.207276 -0.323488 -1.597695
v 1.207276 -0.323488 -1.597695
v 1.225796 -0.243845 -1.597695
v 1.225796 -0.243845 -1.597695
v 1.225796 -0.243845 -1.597695
v 1.225796 -0.243845 -1.597695
v 1.225796 -0.243845 -1.597695
v 1.239023 -0.163137 -1.597695
v 1.239023 -0.163137 -1.597695
v 1.239023 -0.163137 -1.597695
v 1.239023 -0.163137 -1.597695
v 1.246958 -0.081736 -1.597695
v 1.246958 -0.081736 -1.597695
v 1.246958 -0.081736 -1.597695
v 1.246958 -0.081736 -1.597695
v 1.246958 -0.081736 -1.597695
v 1.249602 0.000021 -1.597695
v 1.249602 0.000021 -1.597695
v 1.249602 0.000021 -1.597695
v 1.249602 0.000021 -1.597695
v 1.246955 0.081774 -1.597695
v 1.246955 0.081774 -1.597695
v 1.246955 0.081774 -1.597695
v 1.246955 0.081774 -1.597695
v 1.246955 0.081774 -1.597695
v 1.239019 0.163172 -1.597695
v 1.239019 0.163172 -1.597695
v 1.239019 0.163172 -1.597695
v 1.239019 0.163172 -1.597695
v 1.225792 0.243862 -1.597695
v 1.225792 0.243862 -1.597695
v 1.225792 0.243862 -1.597695
v 1.225792 0.243862 -1.597695
v 1.225792 0.243862 -1.597695
v 1.207276 0.323488 -1.597695
v 1.207276 0.323488 -1.597695
v 1.207276 0.323488 -1.597695
v 1.207276 0.323488 -1.597695
v 1.183493 0.401722 -1.597695
v 1.183493 0.401722 -1.597695
v 1.183493 0.401722 -1.597695
v 1.183493 0.401722 -1.597695
v 1.183493 0.401722 -1.597695
v 1.154595 0.478231 -1.597695
v 1.154595 0.478231 -1.597695
v 1.154595 0.478231 -1.597695
v 1.154595 0.478231 -1.597695
v 1.120765 0.552694 -1.597695
v 1.120765 0.552694 -1.597695
v 1.120765 0.552694 -1.597695
v 1.120765 0.552694 -1.597695
v 1.120765 0.552694 -1.597695
v 1.082177 0.624819 -1.597695
v 1.082177 0.624819 -1.597695
v 1.082177 0.624819 -1.597695
v 1.082177 0.624819 -1.597695
v 1.039008 0.694296 -1.597695
v 1.039008 0.694296 -1.597695
v 1.039008 0.694296 -1.597695
v 1.039008 0.694296 -1.597695
v 1.039008 0.694296 -1.597695
v 0.991436 0.760820 -1.597695
v 0.991436 0.760820 -1.597695
v 0.991436 0.760820 -1.597695
v 0.991436 0.760820 -1.597695
v 0.991436 0.760820 -1.597695
v 0.939636 0.824087 -1.597695
v 0.939636 0.824087 -1.597695
v 0.939636 0.824087 -1.597695
v 0.939636 0.824087 -1.597695
v 0.939636 0.824087 -1.597695
v 0.939636 0.824087 -1.597695
v 0.737416 0.960993 -1.696196
v 0.737416 0.960993 -1.696196
v 0.737416 0.960993 -1.696196
v 0.737416 0.960993 -1.696196
v 0.756389 0.985718 -1.670514
v 0.756389 0.985718 -1.670514
v 0.756389 0.985718 -1.670514
v 0.756389 0.985718 -1.670514
v 0.756389 0.985718 -1.670514
v 0.756389 0.985718 -1.670514
v 0.819303 0.934208 -1.670514
v 0.819303 0.934208 -1.670514
v 0.819303 0.934208 -1.670514
v 0.819303 0.934208 -1.670514
v 0.798752 0.910776 -1.696196
v 0.798752 0.910776 -1.696196
v 0.798752 0.910776 -1.696196
v 0.798752 0.910776 -1.696196
v 0.798752 0.910776 -1.696196
v 0.878670 0.878670 -1.670514
v 0.878670 0.878670 -1.670514
v 0.878670 0.878670 -1.670514
v 0.878670 0.878670 -1.670514
v 0.878670 0.878670 -1.670514
v 0.856631 0.856630 -1.696196
v 0.856631 0.856630 -1.696196
v 0.856631 0.856630 -1.696196
v 0.856631 0.856630 -1.696196
v 0.856631 0.856630 -1.696196
v 0.605586 1.048944 -1.696196
v 0.605586 1.048944 -1.696196
v 0.605586 1.048944 -1.696196
v 0.605586 1.048944 -1.696196
v 0.621166 1.075932 -1.670514
v 0.621166 1.075932 -1.670514
v 0.621166 1.075932 -1.670514
v 0.621166 1.075932 -1.670514
v 0.621166 1.075932 -1.670514
v 0.621166 1.075932 -1.670514
v 0.690245 1.033014 -1.670514
v 0.690245 1.033014 -1.670514
v 0.690245 1.033014 -1.670514
v 0.690245 1.033014 -1.670514
v 0.672932 1.007103 -1.696196
v 0.672932 1.007103 -1.696196
v 0.672932 1.007103 -1.696196
v 0.672932 1.007103 -1.696196
v 0.672932 1.007103 -1.696196
v 0.672932 1.007103 -1.696196
v 0.463505 1.119131 -1.696196
v 0.463505 1.119131 -1.696196
v 0.463505 1.119131 -1.696196
v 0.463505 1.119131 -1.696196
v 0.475430 1.147924 -1.670514
v 0.475430 1.147924 -1.670514
v 0.475430 1.147924 -1.670514
v 0.475430 1.147924 -1.670514
v 0.475430 1.147924 -1.670514
v 0.549460 1.114294 -1.670514
v 0.549460 1.114294 -1.670514
v 0.549460 1.114294 -1.670514
v 0.549460 1.114294 -1.670514
v 0.535678 1.086344 -1.696196
v 0.535678 1.086344 -1.696196
v 0.535678 1.086344 -1.696196
v 0.535678 1.086344 -1.696196
v 0.535678 1.086344 -1.696196
v 0.535678 1.086344 -1.696196
v 0.313549 1.170179 -1.696196
v 0.313549 1.170179 -1.696196
v 0.313549 1.170179 -1.696196
v 0.313549 1.170179 -1.696196
v 0.321616 1.200287 -1.670514
v 0.321616 1.200287 -1.670514
v 0.321616 1.200287 -1.670514
v 0.321616 1.200287 -1.670514
v 0.399380 1.176647 -1.670514
v 0.399380 1.176647 -1.670514
v 0.399380 1.176647 -1.670514
v 0.399380 1.176647 -1.670514
v 0.389362 1.147133 -1.696196
v 0.389362 1.147133 -1.696196
v 0.389362 1.147133 -1.696196
v 0.389362 1.147133 -1.696196
v 0.389362 1.147133 -1.696196
v 0.389362 1.147133 -1.696196
v 0.158125 1.200953 -1.696196
v 0.158125 1.200953 -1.696196
v 0.158125 1.200953 -1.696196
v 0.158125 1.200953 -1.696196
v 0.162193 1.231850 -1.670514
v 0.162193 1.231850 -1.670514
v 0.162193 1.231850 -1.670514
v 0.162193 1.231850 -1.670514
v 0.162193 1.231850 -1.670514
v 0.242433 1.218699 -1.670514
v 0.242433 1.218699 -1.670514
v 0.242433 1.218699 -1.670514
v 0.242433 1.218699 -1.670514
v 0.236352 1.188131 -1.696196
v 0.236352 1.188131 -1.696196
v 0.236352 1.188131 -1.696196
v 0.236352 1.188131 -1.696196
v 0.236352 1.188131 -1.696196
v -0.000020 1.211206 -1.696196
v -0.000020 1.211206 -1.696196
v -0.000020 1.211206 -1.696196
v -0.000020 1.211206 -1.696196
v -0.000020 1.211206 -1.696196
v -0.000020 1.242367 -1.670514
v -0.000020 1.242367 -1.670514
v -0.000020 1.242367 -1.670514
v -0.000020 1.242367 -1.670514
v -0.000020 1.242367 -1.670514
v 0.081263 1.239738 -1.670514
v 0.081263 1.239738 -1.670514
v 0.081263 1.239738 -1.670514
v 0.081263 1.239738 -1.670514
v 0.081263 1.239738 -1.670514
v 0.081263 1.239738 -1.670514
v 0.079224 1.208643 -1.696196
v 0.079224 1.208643 -1.696196
v 0.079224 1.208643 -1.696196
v 0.079224 1.208643 -1.696196
v 0.079224 1.208643 -1.696196
v -0.158158 1.200949 -1.696196
v -0.158158 1.200949 -1.696196
v -0.158158 1.200949 -1.696196
v -0.158158 1.200949 -1.696196
v -0.162227 1.231846 -1.670514
v -0.162227 1.231846 -1.670514
v -0.162227 1.231846 -1.670514
v -0.162227 1.231846 -1.670514
v -0.162227 1.231846 -1.670514
v -0.081300 1.239737 -1.670514
v -0.081300 1.239737 -1.670514
v -0.081300 1.239737 -1.670514
v -0.081300 1.239737 -1.670514
v -0.079261 1.208641 -1.696196
v -0.079261 1.208641 -1.696196
v -0.079261 1.208641 -1.696196
v -0.079261 1.208641 -1.696196
v -0.079261 1.208641 -1.696196
v -0.313549 1.170179 -1.696196
v -0.313549 1.170179 -1.696196
v -0.313549 1.170179 -1.696196
v -0.313549 1.170179 -1.696196
v -0.321616 1.200287 -1.670514
v -0.321616 1.200287 -1.670514
v -0.321616 1.200287 -1.670514
v -0.321616 1.200287 -1.670514
v -0.321616 1.200287 -1.670514
v -0.321616 1.200287 -1.670514
v -0.242450 1.218697 -1.670514
v -0.242450 1.218697 -1.670514
v -0.242450 1.218697 -1.670514
v -0.242450 1.218697 -1.670514
v -0.236369 1.188128 -1.696196
v -0.236369 1.188128 -1.696196
v -0.236369 1.188128 -1.696196
v -0.236369 1.188128 -1.696196
v -0.236369 1.188128 -1.696196
v -0.463536 1.119118 -1.696196
v -0.463536 1.119118 -1.696196
v -0.463536 1.119118 -1.696196
v -0.463536 1.119118 -1.696196
v -0.475461 1.147911 -1.670514
v -0.475461 1.147911 -1.670514
v -0.475461 1.147911 -1.670514
v -0.475461 1.147911 -1.670514
v -0.475461 1.147911 -1.670514
v -0.475461 1.147911 -1.670514
v -0.399396 1.176641 -1.670514
v -0.399396 1.176641 -1.670514
v -0.399396 1.176641 -1.670514
v -0.399396 1.176641 -1.670514
v -0.389378 1.147127 -1.696196
v -0.389378 1.147127 -1.696196
v -0.389378 1.147127 -1.696196
v -0.389378 1.147127 -1.696196
v -0.389378 1.147127 -1.696196
v -0.389378 1.147127 -1.696196
v -0.605620 1.048925 -1.696196
v -0.605620 1.048925 -1.696196
v -0.605620 1.048925 -1.696196
v -0.605620 1.048925 -1.696196
v -0.605620 1.048925 -1.696196
v -0.621201 1.075912 -1.670514
v -0.621201 1.075912 -1.670514
v -0.621201 1.075912 -1.670514
v -0.621201 1.075912 -1.670514
v -0.621201 1.075912 -1.670514
v -0.621201 1.075912 -1.670514
v -0.549494 1.114277 -1.670514
v -0.549494 1.114277 -1.670514
v -0.549494 1.114277 -1.670514
v -0.549494 1.114277 -1.670514
v -0.549494 1.114277 -1.670514
v -0.535711 1.086329 -1.696196
v -0.535711 1.086329 -1.696196
v -0.535711 1.086329 -1.696196
v -0.535711 1.086329 -1.696196
v -0.535711 1.086329 -1.696196
v -0.535711 1.086329 -1.696196
v -0.737443 0.960972 -1.696196
v -0.737443 0.960972 -1.696196
v -0.737443 0.960972 -1.696196
v -0.737443 0.960972 -1.696196
v -0.756416 0.985697 -1.670514
v -0.756416 0.985697 -1.670514
v -0.756416 0.985697 -1.670514
v -0.756416 0.985697 -1.670514
v -0.756416 0.985697 -1.670514
v -0.690276 1.032993 -1.670514
v -0.690276 1.032993 -1.670514
v -0.690276 1.032993 -1.670514
v -0.690276 1.032993 -1.670514
v -0.672962 1.007084 -1.696196
v -0.672962 1.007084 -1.696196
v -0.672962 1.007084 -1.696196
v -0.672962 1.007084 -1.696196
v -0.672962 1.007084 -1.696196
v -0.672962 1.007084 -1.696196
v -0.856631 0.856630 -1.696196
v -0.856631 0.856630 -1.696196
v -0.856631 0.856630 -1.696196
v -0.856631 0.856630 -1.696196
v -0.878670 0.878670 -1.670514
v -0.878670 0.878670 -1.670514
v -0.878670 0.878670 -1.670514
v -0.878670 0.878670 -1.670514
v -0.878670 0.878670 -1.670514
v -0.819316 0.934196 -1.670514
v -0.819316 0.934196 -1.670514
v -0.819316 0.934196 -1.670514
v -0.819316 0.934196 -1.670514
v -0.819316 0.934196 -1.670514
v -0.798765 0.910765 -1.696196
v -0.798765 0.910765 -1.696196
v -0.798765 0.910765 -1.696196
v -0.798765 0.910765 -1.696196
v -0.798765 0.910765 -1.696196
v -0.960992 0.737417 -1.696196
v -0.960992 0.737417 -1.696196
v -0.960992 0.737417 -1.696196
v -0.960992 0.737417 -1.696196
v -0.985717 0.756390 -1.670514
v -0.985717 0.756390 -1.670514
v -0.985717 0.756390 -1.670514
v -0.985717 0.756390 -1.670514
v -0.985717 0.756390 -1.670514
v -0.934208 0.819303 -1.670514
v -0.934208 0.819303 -1.670514
v -0.934208 0.819303 -1.670514
v -0.934208 0.819303 -1.670514
v -0.910775 0.798752 -1.696196
v -0.910775 0.798752 -1.696196
v -0.910775 0.798752 -1.696196
v -0.910775 0.798752 -1.696196
v -0.910775 0.798752 -1.696196
v -0.910775 0.798752 -1.696196
v -1.048944 0.605585 -1.696196
v -1.048944 0.605585 -1.696196
v -1.048944 0.605585 -1.696196
v -1.048944 0.605585 -1.696196
v -1.075932 0.621166 -1.670514
v -1.075932 0.621166 -1.670514
v -1.075932 0.621166 -1.670514
v -1.075932 0.621166 -1.670514
v -1.075932 0.621166 -1.670514
v -1.075932 0.621166 -1.670514
v -1.033014 0.690245 -1.670514
v -1.033014 0.690245 -1.670514
v -1.033014 0.690245 -1.670514
v -1.033014 0.690245 -1.670514
v -1.033014 0.690245 -1.670514
v -1.007103 0.672932 -1.696196
v -1.007103 0.672932 -1.696196
v -1.007103 0.672932 -1.696196
v -1.007103 0.672932 -1.696196
v -1.007103 0.672932 -1.696196
v -1.119130 0.463505 -1.696196
v -1.119130 0.463505 -1.696196
v -1.119130 0.463505 -1.696196
v -1.119130 0.463505 -1.696196
v -1.147923 0.475429 -1.670514
v -1.147923 0.475429 -1.670514
v -1.147923 0.475429 -1.670514
v -1.147923 0.475429 -1.670514
v -1.114293 0.549461 -1.670514
v -1.114293 0.549461 -1.670514
v -1.114293 0.549461 -1.670514
v -1.114293 0.549461 -1.670514
v -1.086343 0.535679 -1.696196
v -1.086343 0.535679 -1.696196
v -1.086343 0.535679 -1.696196
v -1.086343 0.535679 -1.696196
v -1.086343 0.535679 -1.696196
v -1.086343 0.535679 -1.696196
v -1.170179 0.313549 -1.696196
v -1.170179 0.313549 -1.696196
v -1.170179 0.313549 -1.696196
v -1.170179 0.313549 -1.696196
v -1.200286 0.321615 -1.670514
v -1.200286 0.321615 -1.670514
v -1.200286 0.321615 -1.670514
v -1.200286 0.321615 -1.670514
v -1.176646 0.399380 -1.670514
v -1.176646 0.399380 -1.670514
v -1.176646 0.399380 -1.670514
v -1.176646 0.399380 -1.670514
v -1.147133 0.389362 -1.696196
v -1.147133 0.389362 -1.696196
v -1.147133 0.389362 -1.696196
v -1.147133 0.389362 -1.696196
v -1.147133 0.389362 -1.696196
v -1.200952 0.158125 -1.696196
v -1.200952 0.158125 -1.696196
v -1.200952 0.158125 -1.696196
v -1.200952 0.158125 -1.696196
v -1.231850 0.162193 -1.670514
v -1.231850 0.162193 -1.670514
v -1.231850 0.162193 -1.670514
v -1.231850 0.162193 -1.670514
v -1.231850 0.162193 -1.670514
v -1.231850 0.162193 -1.670514
v -1.218699 0.242433 -1.670514
v -1.218699 0.242433 -1.670514
v -1.218699 0.242433 -1.670514
v -1.218699 0.242433 -1.670514
v -1.188130 0.236353 -1.696196
v -1.188130 0.236353 -1.696196
v -1.188130 0.236353 -1.696196
v -1.188130 0.236353 -1.696196
v -1.188130 0.236353 -1.696196
v -1.211205 -0.000019 -1.696196
v -1.211205 -0.000019 -1.696196
v -1.211205 -0.000019 -1.696196
v -1.211205 -0.000019 -1.696196
v -1.242367 -0.000019 -1.670514
v -1.242367 -0.000019 -1.670514
v -1.242367 -0.000019 -1.670514
v -1.242367 -0.000019 -1.670514
v -1.242367 -0.000019 -1.670514
v -1.239738 0.081263 -1.670514
v -1.239738 0.081263 -1.670514
v -1.239738 0.081263 -1.670514
v -1.239738 0.081263 -1.670514
v -1.208642 0.079225 -1.696196
v -1.208642 0.079225 -1.696196
v -1.208642 0.079225 -1.696196
v -1.208642 0.079225 -1.696196
v -1.208642 0.079225 -1.696196
v -1.208642 0.079225 -1.696196
v -1.200947 -0.158157 -1.696196
v -1.200947 -0.158157 -1.696196
v -1.200947 -0.158157 -1.696196
v -1.200947 -0.158157 -1.696196
v -1.200947 -0.158157 -1.696196
v -1.231845 -0.162228 -1.670514
v -1.231845 -0.162228 -1.670514
v -1.231845 -0.162228 -1.670514
v -1.231845 -0.162228 -1.670514
v -1.239736 -0.081299 -1.670514
v -1.239736 -0.081299 -1.670514
v -1.239736 -0.081299 -1.670514
v -1.239736 -0.081299 -1.670514
v -1.239736 -0.081299 -1.670514
v -1.208640 -0.079260 -1.696196
v -1.208640 -0.079260 -1.696196
v -1.208640 -0.079260 -1.696196
v -1.208640 -0.079260 -1.696196
v -1.208640 -0.079260 -1.696196
v -1.208640 -0.079260 -1.696196
v -1.170179 -0.313549 -1.696196
v -1.170179 -0.313549 -1.696196
v -1.170179 -0.313549 -1.696196
v -1.170179 -0.313549 -1.696196
v -1.200286 -0.321615 -1.670514
v -1.200286 -0.321615 -1.670514
v -1.200286 -0.321615 -1.670514
v -1.200286 -0.321615 -1.670514
v -1.218695 -0.242449 -1.670514
v -1.218695 -0.242449 -1.670514
v -1.218695 -0.242449 -1.670514
v -1.218695 -0.242449 -1.670514
v -1.188127 -0.236368 -1.696196
v -1.188127 -0.236368 -1.696196
v -1.188127 -0.236368 -1.696196
v -1.188127 -0.236368 -1.696196
v -1.188127 -0.236368 -1.696196
v -1.119117 -0.463535 -1.696196
v -1.119117 -0.463535 -1.696196
v -1.119117 -0.463535 -1.696196
v -1.119117 -0.463535 -1.696196
v -1.147910 -0.475460 -1.670514
v -1.147910 -0.475460 -1.670514
v -1.147910 -0.475460 -1.670514
v -1.147910 -0.475460 -1.670514
v -1.147910 -0.475460 -1.670514
v -1.176641 -0.399395 -1.670514
v -1.176641 -0.399395 -1.670514
v -1.176641 -0.399395 -1.670514
v -1.176641 -0.399395 -1.670514
v -1.147127 -0.389378 -1.696196
v -1.147127 -0.389378 -1.696196
v -1.147127 -0.389378 -1.696196
v -1.147127 -0.389378 -1.696196
v -1.147127 -0.389378 -1.696196
v -1.048925 -0.605619 -1.696196
v -1.048925 -0.605619 -1.696196
v -1.048925 -0.605619 -1.696196
v -1.048925 -0.605619 -1.696196
v -1.048925 -0.605619 -1.696196
v -1.075911 -0.621201 -1.670514
v -1.075911 -0.621201 -1.670514
v -1.075911 -0.621201 -1.670514
v -1.075911 -0.621201 -1.670514
v -1.114276 -0.549494 -1.670514
v -1.114276 -0.549494 -1.670514
v -1.114276 -0.549494 -1.670514
v -1.114276 -0.549494 -1.670514
v -1.114276 -0.549494 -1.670514
v -1.086327 -0.535711 -1.696196
v -1.086327 -0.535711 -1.696196
v -1.086327 -0.535711 -1.696196
v -1.086327 -0.535711 -1.696196
v -1.086327 -0.535711 -1.696196
v -1.086327 -0.535711 -1.696196
v -0.960972 -0.737442 -1.696196
v -0.960972 -0.737442 -1.696196
v -0.960972 -0.737442 -1.696196
v -0.960972 -0.737442 -1.696196
v -0.960972 -0.737442 -1.696196
v -0.985696 -0.756414 -1.670514
v -0.985696 -0.756414 -1.670514
v -0.985696 -0.756414 -1.670514
v -0.985696 -0.756414 -1.670514
v -1.032993 -0.690275 -1.670514
v -1.032993 -0.690275 -1.670514
v -1.032993 -0.690275 -1.670514
v -1.032993 -0.690275 -1.670514
v -1.032993 -0.690275 -1.670514
v -1.007083 -0.672962 -1.696196
v -1.007083 -0.672962 -1.696196
v -1.007083 -0.672962 -1.696196
v -1.007083 -0.672962 -1.696196
v -1.007083 -0.672962 -1.696196
v -0.856631 -0.856630 -1.696196
v -0.856631 -0.856630 -1.696196
v -0.856631 -0.856630 -1.696196
v -0.856631 -0.856630 -1.696196
v -0.856631 -0.856630 -1.696196
v -0.878670 -0.878670 -1.670514
v -0.878670 -0.878670 -1.670514
v -0.878670 -0.878670 -1.670514
v -0.878670 -0.878670 -1.670514
v -0.878670 -0.878670 -1.670514
v -0.934196 -0.819315 -1.670514
v -0.934196 -0.819315 -1.670514
v -0.934196 -0.819315 -1.670514
v -0.934196 -0.819315 -1.670514
v -0.934196 -0.819315 -1.670514
v -0.910764 -0.798765 -1.696196
v -0.910764 -0.798765 -1.696196
v -0.910764 -0.798765 -1.696196
v -0.910764 -0.798765 -1.696196
v -0.910764 -0.798765 -1.696196
v -0.737416 -0.960991 -1.696196
v -0.737416 -0.960991 -1.696196
v -0.737416 -0.960991 -1.696196
v -0.737416 -0.960991 -1.696196
v -0.756389 -0.985716 -1.670514
v -0.756389 -0.985716 -1.670514
v -0.756389 -0.985716 -1.670514
v -0.756389 -0.985716 -1.670514
v -0.756389 -0.985716 -1.670514
v -0.819303 -0.934208 -1.670514
v -0.819303 -0.934208 -1.670514
v -0.819303 -0.934208 -1.670514
v -0.819303 -0.934208 -1.670514
v -0.798752 -0.910774 -1.696196
v -0.798752 -0.910774 -1.696196
v -0.798752 -0.910774 -1.696196
v -0.798752 -0.910774 -1.696196
v -0.798752 -0.910774 -1.696196
v -0.798752 -0.910774 -1.696196
v -0.605586 -1.048944 -1.696196
v -0.605586 -1.048944 -1.696196
v -0.605586 -1.048944 -1.696196
v -0.605586 -1.048944 -1.696196
v -0.605586 -1.048944 -1.696196
v -0.621166 -1.075932 -1.670514
v -0.621166 -1.075932 -1.670514
v -0.621166 -1.075932 -1.670514
v -0.621166 -1.075932 -1.670514
v -0.690245 -1.033012 -1.670514
v -0.690245 -1.033012 -1.670514
v -0.690245 -1.033012 -1.670514
v -0.690245 -1.033012 -1.670514
v -0.690245 -1.033012 -1.670514
v -0.690245 -1.033012 -1.670514
v -0.672932 -1.007103 -1.696196
v -0.672932 -1.007103 -1.696196
v -0.672932 -1.007103 -1.696196
v -0.672932 -1.007103 -1.696196
v -0.672932 -1.007103 -1.696196
v -0.672932 -1.007103 -1.696196
v -0.463505 -1.119129 -1.696196
v -0.463505 -1.119129 -1.696196
v -0.463505 -1.119129 -1.696196
v -0.463505 -1.119129 -1.696196
v -0.475430 -1.147923 -1.670514
v -0.475430 -1.147923 -1.670514
v -0.475430 -1.147923 -1.670514
v -0.475430 -1.147923 -1.670514
v -0.549460 -1.114292 -1.670514
v -0.549460 -1.114292 -1.670514
v -0.549460 -1.114292 -1.670514
v -0.549460 -1.114292 -1.670514
v -0.535678 -1.086344 -1.696196
v -0.535678 -1.086344 -1.696196
v -0.535678 -1.086344 -1.696196
v -0.535678 -1.086344 -1.696196
v -0.535678 -1.086344 -1.696196
v -0.313549 -1.170179 -1.696196
v -0.313549 -1.170179 -1.696196
v -0.313549 -1.170179 -1.696196
v -0.313549 -1.170179 -1.696196
v -0.321616 -1.200285 -1.670514
v -0.321616 -1.200285 -1.670514
v -0.321616 -1.200285 -1.670514
v -0.321616 -1.200285 -1.670514
v -0.321616 -1.200285 -1.670514
v -0.321616 -1.200285 -1.670514
v -0.399380 -1.176645 -1.670514
v -0.399380 -1.176645 -1.670514
v -0.399380 -1.176645 -1.670514
v -0.399380 -1.176645 -1.670514
v -0.389362 -1.147133 -1.696196
v -0.389362 -1.147133 -1.696196
v -0.389362 -1.147133 -1.696196
v -0.389362 -1.147133 -1.696196
v -0.389362 -1.147133 -1.696196
v -0.158125 -1.200951 -1.696196
v -0.158125 -1.200951 -1.696196
v -0.158125 -1.200951 -1.696196
v -0.158125 -1.200951 -1.696196
v -0.162193 -1.231850 -1.670514
v -0.162193 -1.231850 -1.670514
v -0.162193 -1.231850 -1.670514
v -0.162193 -1.231850 -1.670514
v -0.162193 -1.231850 -1.670514
v -0.162193 -1.231850 -1.670514
v -0.242433 -1.218699 -1.670514
v -0.242433 -1.218699 -1.670514
v -0.242433 -1.218699 -1.670514
v -0.242433 -1.218699 -1.670514
v -0.236352 -1.188129 -1.696196
v -0.236352 -1.188129 -1.696196
v -0.236352 -1.188129 -1.696196
v -0.236352 -1.188129 -1.696196
v -0.236352 -1.188129 -1.696196
v -0.236352 -1.188129 -1.696196
v 0.000020 -1.211205 -1.696196
v 0.000020 -1.211205 -1.696196
v 0.000020 -1.211205 -1.696196
v 0.000020 -1.211205 -1.696196
v 0.000020 -1.242367 -1.670514
v 0.000020 -1.242367 -1.670514
v 0.000020 -1.242367 -1.670514
v 0.000020 -1.242367 -1.670514
v 0.000020 -1.242367 -1.670514
v 0.000020 -1.242367 -1.670514
v -0.081263 -1.239738 -1.670514
v -0.081263 -1.239738 -1.670514
v -0.081263 -1.239738 -1.670514
v -0.081263 -1.239738 -1.670514
v -0.081263 -1.239738 -1.670514
v -0.079224 -1.208643 -1.696196
v -0.079224 -1.208643 -1.696196
v -0.079224 -1.208643 -1.696196
v -0.079224 -1.208643 -1.696196
v -0.079224 -1.208643 -1.696196
v -0.079224 -1.208643 -1.696196
v 0.158158 -1.200947 -1.696196
v 0.158158 -1.200947 -1.696196
v 0.158158 -1.200947 -1.696196
v 0.158158 -1.200947 -1.696196
v 0.158158 -1.200947 -1.696196
v 0.162227 -1.231846 -1.670514
v 0.162227 -1.231846 -1.670514
v 0.162227 -1.231846 -1.670514
v 0.162227 -1.231846 -1.670514
v 0.162227 -1.231846 -1.670514
v 0.081300 -1.239737 -1.670514
v 0.081300 -1.239737 -1.670514
v 0.081300 -1.239737 -1.670514
v 0.081300 -1.239737 -1.670514
v 0.081300 -1.239737 -1.670514
v 0.079261 -1.208639 -1.696196
v 0.079261 -1.208639 -1.696196
v 0.079261 -1.208639 -1.696196
v 0.079261 -1.208639 -1.696196
v 0.079261 -1.208639 -1.696196
v 0.079261 -1.208639 -1.696196
v 0.313549 -1.170179 -1.696196
v 0.313549 -1.170179 -1.696196
v 0.313549 -1.170179 -1.696196
v 0.313549 -1.170179 -1.696196
v 0.321616 -1.200285 -1.670514
v 0.321616 -1.200285 -1.670514
v 0.321616 -1.200285 -1.670514
v 0.321616 -1.200285 -1.670514
v 0.242450 -1.218695 -1.670514
v 0.242450 -1.218695 -1.670514
v 0.242450 -1.218695 -1.670514
v 0.242450 -1.218695 -1.670514
v 0.236369 -1.188128 -1.696196
v 0.236369 -1.188128 -1.696196
v 0.236369 -1.188128 -1.696196
v 0.236369 -1.188128 -1.696196
v 0.236369 -1.188128 -1.696196
v 0.463536 -1.119118 -1.696196
v 0.463536 -1.119118 -1.696196
v 0.463536 -1.119118 -1.696196
v 0.463536 -1.119118 -1.696196
v 0.475461 -1.147909 -1.670514
v 0.475461 -1.147909 -1.670514
v 0.475461 -1.147909 -1.670514
v 0.475461 -1.147909 -1.670514
v 0.475461 -1.147909 -1.670514
v 0.475461 -1.147909 -1.670514
v 0.399396 -1.176640 -1.670514
v 0.399396 -1.176640 -1.670514
v 0.399396 -1.176640 -1.670514
v 0.399396 -1.176640 -1.670514
v 0.389378 -1.147127 -1.696196
v 0.389378 -1.147127 -1.696196
v 0.389378 -1.147127 -1.696196
v 0.389378 -1.147127 -1.696196
v 0.389378 -1.147127 -1.696196
v 0.605620 -1.048923 -1.696196
v 0.605620 -1.048923 -1.696196
v 0.605620 -1.048923 -1.696196
v 0.605620 -1.048923 -1.696196
v 0.621201 -1.075911 -1.670514
v 0.621201 -1.075911 -1.670514
v 0.621201 -1.075911 -1.670514
v 0.621201 -1.075911 -1.670514
v 0.621201 -1.075911 -1.670514
v 0.621201 -1.075911 -1.670514
v 0.549494 -1.114277 -1.670514
v 0.549494 -1.114277 -1.670514
v 0.549494 -1.114277 -1.670514
v 0.549494 -1.114277 -1.670514
v 0.535711 -1.086327 -1.696196
v 0.535711 -1.086327 -1.696196
v 0.535711 -1.086327 -1.696196
v 0.535711 -1.086327 -1.696196
v 0.535711 -1.086327 -1.696196
v 0.535711 -1.086327 -1.696196
v 0.737443 -0.960972 -1.696196
v 0.737443 -0.960972 -1.696196
v 0.737443 -0.960972 -1.696196
v 0.737443 -0.960972 -1.696196
v 0.737443 -0.960972 -1.696196
v 0.756416 -0.985695 -1.670514
v 0.756416 -0.985695 -1.670514
v 0.756416 -0.985695 -1.670514
v 0.756416 -0.985695 -1.670514
v 0.756416 -0.985695 -1.670514
v 0.690276 -1.032993 -1.670514
v 0.690276 -1.032993 -1.670514
v 0.690276 -1.032993 -1.670514
v 0.690276 -1.032993 -1.670514
v 0.690276 -1.032993 -1.670514
v 0.690276 -1.032993 -1.670514
v 0.672962 -1.007082 -1.696196
v 0.672962 -1.007082 -1.696196
v 0.672962 -1.007082 -1.696196
v 0.672962 -1.007082 -1.696196
v 0.672962 -1.007082 -1.696196
v 0.672962 -1.007082 -1.696196
v 0.856631 -0.856630 -1.696196
v 0.856631 -0.856630 -1.696196
v 0.856631 -0.856630 -1.696196
v 0.856631 -0.856630 -1.696196
v 0.878670 -0.878670 -1.670514
v 0.878670 -0.878670 -1.670514
v 0.878670 -0.878670 -1.670514
v 0.878670 -0.878670 -1.670514
v 0.878670 -0.878670 -1.670514
v 0.819316 -0.934196 -1.670514
v 0.819316 -0.934196 -1.670514
v 0.819316 -0.934196 -1.670514
v 0.819316 -0.934196 -1.670514
v 0.819316 -0.934196 -1.670514
v 0.798765 -0.910763 -1.696196
v 0.798765 -0.910763 -1.696196
v 0.798765 -0.910763 -1.696196
v 0.798765 -0.910763 -1.696196
v 0.798765 -0.910763 -1.696196
v 0.960992 -0.737415 -1.696196
v 0.960992 -0.737415 -1.696196
v 0.960992 -0.737415 -1.696196
v 0.960992 -0.737415 -1.696196
v 0.985717 -0.756388 -1.670514
v 0.985717 -0.756388 -1.670514
v 0.985717 -0.756388 -1.670514
v 0.985717 -0.756388 -1.670514
v 0.985717 -0.756388 -1.670514
v 0.985717 -0.756388 -1.670514
v 0.934208 -0.819302 -1.670514
v 0.934208 -0.819302 -1.670514
v 0.934208 -0.819302 -1.670514
v 0.934208 -0.819302 -1.670514
v 0.910775 -0.798752 -1.696196
v 0.910775 -0.798752 -1.696196
v 0.910775 -0.798752 -1.696196
v 0.910775 -0.798752 -1.696196
v 0.910775 -0.798752 -1.696196
v 0.910775 -0.798752 -1.696196
v 1.048944 -0.605585 -1.696196
v 1.048944 -0.605585 -1.696196
v 1.048944 -0.605585 -1.696196
v 1.048944 -0.605585 -1.696196
v 1.075932 -0.621166 -1.670514
v 1.075932 -0.621166 -1.670514
v 1.075932 -0.621166 -1.670514
v 1.075932 -0.621166 -1.670514
v 1.033014 -0.690245 -1.670514
v 1.033014 -0.690245 -1.670514
v 1.033014 -0.690245 -1.670514
v 1.033014 -0.690245 -1.670514
v 1.033014 -0.690245 -1.670514
v 1.007103 -0.672932 -1.696196
v 1.007103 -0.672932 -1.696196
v 1.007103 -0.672932 -1.696196
v 1.007103 -0.672932 -1.696196
v 1.007103 -0.672932 -1.696196
v 1.007103 -0.672932 -1.696196
v 1.119130 -0.463505 -1.696196
v 1.119130 -0.463505 -1.696196
v 1.119130 -0.463505 -1.696196
v 1.119130 -0.463505 -1.696196
v 1.119130 -0.463505 -1.696196
v 1.147923 -0.475429 -1.670514
v 1.147923 -0.475429 -1.670514
v 1.147923 -0.475429 -1.670514
v 1.147923 -0.475429 -1.670514
v 1.114293 -0.549459 -1.670514
v 1.114293 -0.549459 -1.670514
v 1.114293 -0.549459 -1.670514
v 1.114293 -0.549459 -1.670514
v 1.114293 -0.549459 -1.670514
v 1.086343 -0.535677 -1.696196
v 1.086343 -0.535677 -1.696196
v 1.086343 -0.535677 -1.696196
v 1.086343 -0.535677 -1.696196
v 1.086343 -0.535677 -1.696196
v 1.170179 -0.313549 -1.696196
v 1.170179 -0.313549 -1.696196
v 1.170179 -0.313549 -1.696196
v 1.170179 -0.313549 -1.696196
v 1.200286 -0.321615 -1.670514
v 1.200286 -0.321615 -1.670514
v 1.200286 -0.321615 -1.670514
v 1.200286 -0.321615 -1.670514
v 1.176646 -0.399380 -1.670514
v 1.176646 -0.399380 -1.670514
v 1.176646 -0.399380 -1.670514
v 1.176646 -0.399380 -1.670514
v 1.147133 -0.389362 -1.696196
v 1.147133 -0.389362 -1.696196
v 1.147133 -0.389362 -1.696196
v 1.147133 -0.389362 -1.696196
v 1.147133 -0.389362 -1.696196
v 1.200952 -0.158125 -1.696196
v 1.200952 -0.158125 -1.696196
v 1.200952 -0.158125 -1.696196
v 1.200952 -0.158125 -1.696196
v 1.231850 -0.162193 -1.670514
v 1.231850 -0.162193 -1.670514
v 1.231850 -0.162193 -1.670514
v 1.231850 -0.162193 -1.670514
v 1.231850 -0.162193 -1.670514
v 1.218699 -0.242433 -1.670514
v 1.218699 -0.242433 -1.670514
v 1.218699 -0.242433 -1.670514
v 1.218699 -0.242433 -1.670514
v 1.188130 -0.236351 -1.696196
v 1.188130 -0.236351 -1.696196
v 1.188130 -0.236351 -1.696196
v 1.188130 -0.236351 -1.696196
v 1.188130 -0.236351 -1.696196
v 1.211205 0.000021 -1.696196
v 1.211205 0.000021 -1.696196
v 1.211205 0.000021 -1.696196
v 1.211205 0.000021 -1.696196
v 1.211205 0.000021 -1.696196
v 1.242367 0.000021 -1.670514
v 1.242367 0.000021 -1.670514
v 1.242367 0.000021 -1.670514
v 1.242367 0.000021 -1.670514
v 1.242367 0.000021 -1.670514
v 1.239738 -0.081263 -1.670514
v 1.239738 -0.081263 -1.670514
v 1.239738 -0.081263 -1.670514
v 1.239738 -0.081263 -1.670514
v 1.239738 -0.081263 -1.670514
v 1.208642 -0.079224 -1.696196
v 1.208642 -0.079224 -1.696196
v 1.208642 -0.079224 -1.696196
v 1.208642 -0.079224 -1.696196
v 1.208642 -0.079224 -1.696196
v 1.208642 -0.079224 -1.696196
v 1.200947 0.158159 -1.696196
v 1.200947 0.158159 -1.696196
v 1.200947 0.158159 -1.696196
v 1.200947 0.158159 -1.696196
v 1.231845 0.162228 -1.670514
v 1.231845 0.162228 -1.670514
v 1.231845 0.162228 -1.670514
v 1.231845 0.162228 -1.670514
v 1.239736 0.081301 -1.670514
v 1.239736 0.081301 -1.670514
v 1.239736 0.081301 -1.670514
v 1.239736 0.081301 -1.670514
v 1.208640 0.079262 -1.696196
v 1.208640 0.079262 -1.696196
v 1.208640 0.079262 -1.696196
v 1.208640 0.079262 -1.696196
v 1.208640 0.079262 -1.696196
v 1.208640 0.079262 -1.696196
v 1.170179 0.313549 -1.696196
v 1.170179 0.313549 -1.696196
v 1.170179 0.313549 -1.696196
v 1.170179 0.313549 -1.696196
v 1.200286 0.321615 -1.670514
v 1.200286 0.321615 -1.670514
v 1.200286 0.321615 -1.670514
v 1.200286 0.321615 -1.670514
v 1.218695 0.242451 -1.670514
v 1.218695 0.242451 -1.670514
v 1.218695 0.242451 -1.670514
v 1.218695 0.242451 -1.670514
v 1.188127 0.236368 -1.696196
v 1.188127 0.236368 -1.696196
v 1.188127 0.236368 -1.696196
v 1.188127 0.236368 -1.696196
v 1.188127 0.236368 -1.696196
v 1.119117 0.463535 -1.696196
v 1.119117 0.463535 -1.696196
v 1.119117 0.463535 -1.696196
v 1.119117 0.463535 -1.696196
v 1.147910 0.475462 -1.670514
v 1.147910 0.475462 -1.670514
v 1.147910 0.475462 -1.670514
v 1.147910 0.475462 -1.670514
v 1.147910 0.475462 -1.670514
v 1.176641 0.399397 -1.670514
v 1.176641 0.399397 -1.670514
v 1.176641 0.399397 -1.670514
v 1.176641 0.399397 -1.670514
v 1.147127 0.389378 -1.696196
v 1.147127 0.389378 -1.696196
v 1.147127 0.389378 -1.696196
v 1.147127 0.389378 -1.696196
v 1.147127 0.389378 -1.696196
v 1.048925 0.605619 -1.696196
v 1.048925 0.605619 -1.696196
v 1.048925 0.605619 -1.696196
v 1.048925 0.605619 -1.696196
v 1.075911 0.621201 -1.670514
v 1.075911 0.621201 -1.670514
v 1.075911 0.621201 -1.670514
v 1.075911 0.621201 -1.670514
v 1.114276 0.549494 -1.670514
v 1.114276 0.549494 -1.670514
v 1.114276 0.549494 -1.670514
v 1.114276 0.549494 -1.670514
v 1.086327 0.535711 -1.696196
v 1.086327 0.535711 -1.696196
v 1.086327 0.535711 -1.696196
v 1.086327 0.535711 -1.696196
v 1.086327 0.535711 -1.696196
v 1.086327 0.535711 -1.696196
v 0.960972 0.737444 -1.696196
v 0.960972 0.737444 -1.696196
v 0.960972 0.737444 -1.696196
v 0.960972 0.737444 -1.696196
v 0.960972 0.737444 -1.696196
v 0.985696 0.756416 -1.670514
v 0.985696 0.756416 -1.670514
v 0.985696 0.756416 -1.670514
v 0.985696 0.756416 -1.670514
v 1.032993 0.690277 -1.670514
v 1.032993 0.690277 -1.670514
v 1.032993 0.690277 -1.670514
v 1.032993 0.690277 -1.670514
v 1.032993 0.690277 -1.670514
v 1.007083 0.672962 -1.696196
v 1.007083 0.672962 -1.696196
v 1.007083 0.672962 -1.696196
v 1.007083 0.672962 -1.696196
v 1.007083 0.672962 -1.696196
v 0.934196 0.819317 -1.670514
v 0.934196 0.819317 -1.670514
v 0.934196 0.819317 -1.670514
v 0.934196 0.819317 -1.670514
v 0.934196 0.819317 -1.670514
v 0.934196 0.819317 -1.670514
v 0.910764 0.798765 -1.696196
v 0.910764 0.798765 -1.696196
v 0.910764 0.798765 -1.696196
v 0.910764 0.798765 -1.696196
v 0.910764 0.798765 -1.696196
v 0.769124 0.769125 -1.699338
v 0.769124 0.769125 -1.699338
v 0.769124 0.769125 -1.699338
v 0.769124 0.769125 -1.699338
v 0.769124 0.769125 -1.699338
v 0.662088 0.862825 -1.699338
v 0.662088 0.862825 -1.699338
v 0.662088 0.862825 -1.699338
v 0.662088 0.862825 -1.699338
v 0.662088 0.862825 -1.699338
v 0.543724 0.941793 -1.699338
v 0.543724 0.941793 -1.699338
v 0.543724 0.941793 -1.699338
v 0.543724 0.941793 -1.699338
v 0.543724 0.941793 -1.699338
v 0.543724 0.941793 -1.699338
v 0.416157 1.004808 -1.699338
v 0.416157 1.004808 -1.699338
v 0.416157 1.004808 -1.699338
v 0.416157 1.004808 -1.699338
v 0.416157 1.004808 -1.699338
v 0.281519 1.050644 -1.699338
v 0.281519 1.050644 -1.699338
v 0.281519 1.050644 -1.699338
v 0.281519 1.050644 -1.699338
v 0.281519 1.050644 -1.699338
v 0.141972 1.078272 -1.699338
v 0.141972 1.078272 -1.699338
v 0.141972 1.078272 -1.699338
v 0.141972 1.078272 -1.699338
v 0.141972 1.078272 -1.699338
v -0.000018 1.087479 -1.699338
v -0.000018 1.087479 -1.699338
v -0.000018 1.087479 -1.699338
v -0.000018 1.087479 -1.699338
v -0.000018 1.087479 -1.699338
v -0.142002 1.078268 -1.699338
v -0.142002 1.078268 -1.699338
v -0.142002 1.078268 -1.699338
v -0.142002 1.078268 -1.699338
v -0.142002 1.078268 -1.699338
v -0.281519 1.050644 -1.699338
v -0.281519 1.050644 -1.699338
v -0.281519 1.050644 -1.699338
v -0.281519 1.050644 -1.699338
v -0.281519 1.050644 -1.699338
v -0.416185 1.004797 -1.699338
v -0.416185 1.004797 -1.699338
v -0.416185 1.004797 -1.699338
v -0.416185 1.004797 -1.699338
v -0.416185 1.004797 -1.699338
v -0.543755 0.941776 -1.699338
v -0.543755 0.941776 -1.699338
v -0.543755 0.941776 -1.699338
v -0.543755 0.941776 -1.699338
v -0.543755 0.941776 -1.699338
v -0.543755 0.941776 -1.699338
v -0.662112 0.862808 -1.699338
v -0.662112 0.862808 -1.699338
v -0.662112 0.862808 -1.699338
v -0.662112 0.862808 -1.699338
v -0.662112 0.862808 -1.699338
v -0.662112 0.862808 -1.699338
v -0.769125 0.769125 -1.699338
v -0.769125 0.769125 -1.699338
v -0.769125 0.769125 -1.699338
v -0.769125 0.769125 -1.699338
v -0.769125 0.769125 -1.699338
v -0.862825 0.662088 -1.699338
v -0.862825 0.662088 -1.699338
v -0.862825 0.662088 -1.699338
v -0.862825 0.662088 -1.699338
v -0.862825 0.662088 -1.699338
v -0.941793 0.543724 -1.699338
v -0.941793 0.543724 -1.699338
v -0.941793 0.543724 -1.699338
v -0.941793 0.543724 -1.699338
v -0.941793 0.543724 -1.699338
v -0.941793 0.543724 -1.699338
v -1.004809 0.416157 -1.699338
v -1.004809 0.416157 -1.699338
v -1.004809 0.416157 -1.699338
v -1.004809 0.416157 -1.699338
v -1.004809 0.416157 -1.699338
v -1.050644 0.281519 -1.699338
v -1.050644 0.281519 -1.699338
v -1.050644 0.281519 -1.699338
v -1.050644 0.281519 -1.699338
v -1.050644 0.281519 -1.699338
v -1.078272 0.141973 -1.699338
v -1.078272 0.141973 -1.699338
v -1.078272 0.141973 -1.699338
v -1.078272 0.141973 -1.699338
v -1.078272 0.141973 -1.699338
v -1.087478 -0.000017 -1.699338
v -1.087478 -0.000017 -1.699338
v -1.087478 -0.000017 -1.699338
v -1.087478 -0.000017 -1.699338
v -1.087478 -0.000017 -1.699338
v -1.078269 -0.142002 -1.699338
v -1.078269 -0.142002 -1.699338
v -1.078269 -0.142002 -1.699338
v -1.078269 -0.142002 -1.699338
v -1.078269 -0.142002 -1.699338
v -1.050644 -0.281519 -1.699338
v -1.050644 -0.281519 -1.699338
v -1.050644 -0.281519 -1.699338
v -1.050644 -0.281519 -1.699338
v -1.050644 -0.281519 -1.699338
v -1.004798 -0.416184 -1.699338
v -1.004798 -0.416184 -1.699338
v -1.004798 -0.416184 -1.699338
v -1.004798 -0.416184 -1.699338
v -1.004798 -0.416184 -1.699338
v -0.941775 -0.543755 -1.699338
v -0.941775 -0.543755 -1.699338
v -0.941775 -0.543755 -1.699338
v -0.941775 -0.543755 -1.699338
v -0.941775 -0.543755 -1.699338
v -0.941775 -0.543755 -1.699338
v -0.862807 -0.662111 -1.699338
v -0.862807 -0.662111 -1.699338
v -0.862807 -0.662111 -1.699338
v -0.862807 -0.662111 -1.699338
v -0.862807 -0.662111 -1.699338
v -0.769124 -0.769125 -1.699338
v -0.769124 -0.769125 -1.699338
v -0.769124 -0.769125 -1.699338
v -0.769124 -0.769125 -1.699338
v -0.769124 -0.769125 -1.699338
v -0.662088 -0.862825 -1.699338
v -0.662088 -0.862825 -1.699338
v -0.662088 -0.862825 -1.699338
v -0.662088 -0.862825 -1.699338
v -0.662088 -0.862825 -1.699338
v -0.543724 -0.941792 -1.699338
v -0.543724 -0.941792 -1.699338
v -0.543724 -0.941792 -1.699338
v -0.543724 -0.941792 -1.699338
v -0.543724 -0.941792 -1.699338
v -0.543724 -0.941792 -1.699338
v -0.416157 -1.004808 -1.699338
v -0.416157 -1.004808 -1.699338
v -0.416157 -1.004808 -1.699338
v -0.416157 -1.004808 -1.699338
v -0.416157 -1.004808 -1.699338
v -0.281519 -1.050644 -1.699338
v -0.281519 -1.050644 -1.699338
v -0.281519 -1.050644 -1.699338
v -0.281519 -1.050644 -1.699338
v -0.281519 -1.050644 -1.699338
v -0.141972 -1.078272 -1.699338
v -0.141972 -1.078272 -1.699338
v -0.141972 -1.078272 -1.699338
v -0.141972 -1.078272 -1.699338
v -0.141972 -1.078272 -1.699338
v 0.000018 -1.087479 -1.699338
v 0.000018 -1.087479 -1.699338
v 0.000018 -1.087479 -1.699338
v 0.000018 -1.087479 -1.699338
v 0.000018 -1.087479 -1.699338
v 0.142002 -1.078268 -1.699338
v 0.142002 -1.078268 -1.699338
v 0.142002 -1.078268 -1.699338
v 0.142002 -1.078268 -1.699338
v 0.142002 -1.078268 -1.699338
v 0.281519 -1.050644 -1.699338
v 0.281519 -1.050644 -1.699338
v 0.281519 -1.050644 -1.699338
v 0.281519 -1.050644 -1.699338
v 0.281519 -1.050644 -1.699338
v 0.416185 -1.004797 -1.699338
v 0.416185 -1.004797 -1.699338
v 0.416185 -1.004797 -1.699338
v 0.416185 -1.004797 -1.699338
v 0.416185 -1.004797 -1.699338
v 0.543755 -0.941774 -1.699338
v 0.543755 -0.941774 -1.699338
v 0.543755 -0.941774 -1.699338
v 0.543755 -0.941774 -1.699338
v 0.543755 -0.941774 -1.699338
v 0.543755 -0.941774 -1.699338
v 0.662112 -0.862806 -1.699338
v 0.662112 -0.862806 -1.699338
v 0.662112 -0.862806 -1.699338
v 0.662112 -0.862806 -1.699338
v 0.662112 -0.862806 -1.699338
v 0.662112 -0.862806 -1.699338
v 0.769125 -0.769125 -1.699338
v 0.769125 -0.769125 -1.699338
v 0.769125 -0.769125 -1.699338
v 0.769125 -0.769125 -1.699338
v 0.769125 -0.769125 -1.699338
v 0.862825 -0.662088 -1.699338
v 0.862825 -0.662088 -1.699338
v 0.862825 -0.662088 -1.699338
v 0.862825 -0.662088 -1.699338
v 0.862825 -0.662088 -1.699338
v 0.941793 -0.543724 -1.699338
v 0.941793 -0.543724 -1.699338
v 0.941793 -0.543724 -1.699338
v 0.941793 -0.543724 -1.699338
v 0.941793 -0.543724 -1.699338
v 0.941793 -0.543724 -1.699338
v 1.004809 -0.416157 -1.699338
v 1.004809 -0.416157 -1.699338
v 1.004809 -0.416157 -1.699338
v 1.004809 -0.416157 -1.699338
v 1.004809 -0.416157 -1.699338
v 1.050644 -0.281519 -1.699338
v 1.050644 -0.281519 -1.699338
v 1.050644 -0.281519 -1.699338
v 1.050644 -0.281519 -1.699338
v 1.050644 -0.281519 -1.699338
v 1.078272 -0.141972 -1.699338
v 1.078272 -0.141972 -1.699338
v 1.078272 -0.141972 -1.699338
v 1.078272 -0.141972 -1.699338
v 1.078272 -0.141972 -1.699338
v 1.087478 0.000017 -1.699338
v 1.087478 0.000017 -1.699338
v 1.087478 0.000017 -1.699338
v 1.087478 0.000017 -1.699338
v 1.087478 0.000017 -1.699338
v 1.078269 0.142002 -1.699338
v 1.078269 0.142002 -1.699338
v 1.078269 0.142002 -1.699338
v 1.078269 0.142002 -1.699338
v 1.078269 0.142002 -1.699338
v 1.050644 0.281519 -1.699338
v 1.050644 0.281519 -1.699338
v 1.050644 0.281519 -1.699338
v 1.050644 0.281519 -1.699338
v 1.050644 0.281519 -1.699338
v 1.004798 0.416185 -1.699338
v 1.004798 0.416185 -1.699338
v 1.004798 0.416185 -1.699338
v 1.004798 0.416185 -1.699338
v 1.004798 0.416185 -1.699338
v 0.941775 0.543755 -1.699338
v 0.941775 0.543755 -1.699338
v 0.941775 0.543755 -1.699338
v 0.941775 0.543755 -1.699338
v 0.941775 0.543755 -1.699338
v 0.941775 0.543755 -1.699338
v 0.862807 0.662111 -1.699338
v 0.862807 0.662111 -1.699338
v 0.862807 0.662111 -1.699338
v 0.862807 0.662111 -1.699338
v 0.862807 0.662111 -1.699338
v 0.582485 0.759089 -1.699330
v 0.582485 0.759089 -1.699330
v 0.676653 0.676653 -1.699330
v 0.478352 0.828562 -1.699330
v 0.478352 0.828562 -1.699330
v 0.366123 0.884001 -1.699330
v 0.247672 0.924326 -1.699330
v 0.124903 0.948633 -1.699330
v -0.000016 0.956732 -1.699330
v -0.124929 0.948629 -1.699330
v -0.247672 0.924326 -1.699330
v -0.366147 0.883991 -1.699330
v -0.478379 0.828547 -1.699330
v -0.478379 0.828547 -1.699330
v -0.582506 0.759073 -1.699330
v -0.582506 0.759073 -1.699330
v -0.676653 0.676653 -1.699330
v -0.759088 0.582485 -1.699330
v -0.828561 0.478353 -1.699330
v -0.828561 0.478353 -1.699330
v -0.884001 0.366123 -1.699330
v -0.924325 0.247673 -1.699330
v -0.948632 0.124903 -1.699330
v -0.956731 -0.000015 -1.699330
v -0.948629 -0.124929 -1.699330
v -0.924325 -0.247671 -1.699330
v -0.883991 -0.366146 -1.699330
v -0.828546 -0.478378 -1.699330
v -0.828546 -0.478378 -1.699330
v -0.759072 -0.582506 -1.699330
v -0.676653 -0.676653 -1.699330
v -0.582485 -0.759089 -1.699330
v -0.582485 -0.759089 -1.699330
v -0.478352 -0.828562 -1.699330
v -0.478352 -0.828562 -1.699330
v -0.366123 -0.884001 -1.699330
v -0.247672 -0.924324 -1.699330
v -0.124903 -0.948631 -1.699330
v 0.000016 -0.956732 -1.699330
v 0.124929 -0.948627 -1.699330
v 0.247672 -0.924324 -1.699330
v 0.366147 -0.883991 -1.699330
v 0.478379 -0.828545 -1.699330
v 0.478379 -0.828545 -1.699330
v 0.582506 -0.759071 -1.699330
v 0.582506 -0.759071 -1.699330
v 0.676653 -0.676653 -1.699330
v 0.759088 -0.582485 -1.699330
v 0.828561 -0.478352 -1.699330
v 0.828561 -0.478352 -1.699330
v 0.884001 -0.366121 -1.699330
v 0.924325 -0.247671 -1.699330
v 0.948632 -0.124903 -1.699330
v 0.956731 0.000015 -1.699330
v 0.948629 0.124929 -1.699330
v 0.924325 0.247673 -1.699330
v 0.883991 0.366148 -1.699330
v 0.828546 0.478380 -1.699330
v 0.828546 0.478380 -1.699330
v 0.759072 0.582506 -1.699330
v 0.507371 0.661200 -1.699323
v 0.507371 0.661200 -1.699323
v 0.507371 0.661200 -1.699323
v 0.589395 0.589396 -1.699323
v 0.589395 0.589396 -1.699323
v 0.589395 0.589396 -1.699323
v 0.589395 0.589396 -1.699323
v 0.416666 0.721714 -1.699323
v 0.416666 0.721714 -1.699323
v 0.416666 0.721714 -1.699323
v 0.318909 0.770006 -1.699323
v 0.318909 0.770006 -1.699323
v 0.318909 0.770006 -1.699323
v 0.215734 0.805130 -1.699323
v 0.215734 0.805130 -1.699323
v 0.215734 0.805130 -1.699323
v 0.108796 0.826302 -1.699323
v 0.108796 0.826302 -1.699323
v 0.108796 0.826302 -1.699323
v -0.000014 0.833357 -1.699323
v -0.000014 0.833357 -1.699323
v -0.108819 0.826300 -1.699323
v -0.108819 0.826300 -1.699323
v -0.108819 0.826300 -1.699323
v -0.215734 0.805130 -1.699323
v -0.215734 0.805130 -1.699323
v -0.215734 0.805130 -1.699323
v -0.318930 0.769997 -1.699323
v -0.318930 0.769997 -1.699323
v -0.318930 0.769997 -1.699323
v -0.416690 0.721701 -1.699323
v -0.416690 0.721701 -1.699323
v -0.416690 0.721701 -1.699323
v -0.507389 0.661186 -1.699323
v -0.507389 0.661186 -1.699323
v -0.589395 0.589396 -1.699323
v -0.589395 0.589396 -1.699323
v -0.589395 0.589396 -1.699323
v -0.589395 0.589396 -1.699323
v -0.661200 0.507372 -1.699323
v -0.661200 0.507372 -1.699323
v -0.661200 0.507372 -1.699323
v -0.661200 0.507372 -1.699323
v -0.721714 0.416666 -1.699323
v -0.721714 0.416666 -1.699323
v -0.721714 0.416666 -1.699323
v -0.770005 0.318911 -1.699323
v -0.770005 0.318911 -1.699323
v -0.770005 0.318911 -1.699323
v -0.770005 0.318911 -1.699323
v -0.805129 0.215734 -1.699323
v -0.805129 0.215734 -1.699323
v -0.805129 0.215734 -1.699323
v -0.826302 0.108797 -1.699323
v -0.826302 0.108797 -1.699323
v -0.826302 0.108797 -1.699323
v -0.833356 -0.000013 -1.699323
v -0.833356 -0.000013 -1.699323
v -0.826299 -0.108818 -1.699323
v -0.826299 -0.108818 -1.699323
v -0.826299 -0.108818 -1.699323
v -0.805129 -0.215733 -1.699323
v -0.805129 -0.215733 -1.699323
v -0.805129 -0.215733 -1.699323
v -0.769996 -0.318930 -1.699323
v -0.769996 -0.318930 -1.699323
v -0.769996 -0.318930 -1.699323
v -0.769996 -0.318930 -1.699323
v -0.721701 -0.416689 -1.699323
v -0.721701 -0.416689 -1.699323
v -0.721701 -0.416689 -1.699323
v -0.661186 -0.507389 -1.699323
v -0.661186 -0.507389 -1.699323
v -0.661186 -0.507389 -1.699323
v -0.661186 -0.507389 -1.699323
v -0.589395 -0.589396 -1.699323
v -0.589395 -0.589396 -1.699323
v -0.589395 -0.589396 -1.699323
v -0.589395 -0.589396 -1.699323
v -0.507371 -0.661200 -1.699323
v -0.507371 -0.661200 -1.699323
v -0.507371 -0.661200 -1.699323
v -0.416666 -0.721714 -1.699323
v -0.416666 -0.721714 -1.699323
v -0.416666 -0.721714 -1.699323
v -0.318909 -0.770004 -1.699323
v -0.318909 -0.770004 -1.699323
v -0.318909 -0.770004 -1.699323
v -0.215734 -0.805128 -1.699323
v -0.215734 -0.805128 -1.699323
v -0.215734 -0.805128 -1.699323
v -0.108796 -0.826302 -1.699323
v -0.108796 -0.826302 -1.699323
v -0.108796 -0.826302 -1.699323
v 0.000014 -0.833355 -1.699323
v 0.000014 -0.833355 -1.699323
v 0.108819 -0.826298 -1.699323
v 0.108819 -0.826298 -1.699323
v 0.108819 -0.826298 -1.699323
v 0.215734 -0.805128 -1.699323
v 0.215734 -0.805128 -1.699323
v 0.215734 -0.805128 -1.699323
v 0.318930 -0.769997 -1.699323
v 0.318930 -0.769997 -1.699323
v 0.318930 -0.769997 -1.699323
v 0.416690 -0.721701 -1.699323
v 0.416690 -0.721701 -1.699323
v 0.416690 -0.721701 -1.699323
v 0.507389 -0.661186 -1.699323
v 0.507389 -0.661186 -1.699323
v 0.589395 -0.589396 -1.699323
v 0.589395 -0.589396 -1.699323
v 0.589395 -0.589396 -1.699323
v 0.589395 -0.589396 -1.699323
v 0.661200 -0.507370 -1.699323
v 0.661200 -0.507370 -1.699323
v 0.661200 -0.507370 -1.699323
v 0.661200 -0.507370 -1.699323
v 0.721714 -0.416666 -1.699323
v 0.721714 -0.416666 -1.699323
v 0.721714 -0.416666 -1.699323
v 0.770005 -0.318909 -1.699323
v 0.770005 -0.318909 -1.699323
v 0.770005 -0.318909 -1.699323
v 0.770005 -0.318909 -1.699323
v 0.805129 -0.215733 -1.699323
v 0.805129 -0.215733 -1.699323
v 0.805129 -0.215733 -1.699323
v 0.826302 -0.108795 -1.699323
v 0.826302 -0.108795 -1.699323
v 0.826302 -0.108795 -1.699323
v 0.833356 0.000013 -1.699323
v 0.833356 0.000013 -1.699323
v 0.826299 0.108820 -1.699323
v 0.826299 0.108820 -1.699323
v 0.826299 0.108820 -1.699323
v 0.805129 0.215735 -1.699323
v 0.805129 0.215735 -1.699323
v 0.805129 0.215735 -1.699323
v 0.769996 0.318932 -1.699323
v 0.769996 0.318932 -1.699323
v 0.769996 0.318932 -1.699323
v 0.769996 0.318932 -1.699323
v 0.721701 0.416691 -1.699323
v 0.721701 0.416691 -1.699323
v 0.721701 0.416691 -1.699323
v 0.661186 0.507389 -1.699323
v 0.661186 0.507389 -1.699323
v 0.661186 0.507389 -1.699323
v 0.661186 0.507389 -1.699323
vn -0.0000 1.0000 -0.0000
vn 0.0133 0.9999 -0.0000
vn 0.0004 1.0000 -0.0000
vn 0.5162 0.8565 -0.0000
vn 0.8472 0.5313 -0.0000
vn 0.6970 0.7168 0.0187
vn 0.8471 0.5314 -0.0000
vn 0.5160 0.8566 -0.0000
vn 0.1313 0.9913 -0.0000
vn 1.0000 0.0069 -0.0000
vn 0.9894 0.1451 -0.0000
vn 1.0000 -0.0000 -0.0000
vn 0.9998 -0.0211 -0.0000
vn 0.2408 -0.9706 -0.0000
vn 0.5814 -0.8136 -0.0000
vn 0.2406 -0.9706 -0.0000
vn 0.8986 -0.4388 -0.0000
vn 0.9896 -0.1439 -0.0000
vn 0.0065 -1.0000 -0.0000
vn 0.0650 -0.9979 -0.0000
vn 0.0648 -0.9979 -0.0000
vn -0.0000 -1.0000 -0.0000
vn -0.0133 -0.9999 -0.0000
vn -0.0005 -1.0000 -0.0000
vn -0.0004 -1.0000 -0.0000
vn -0.5160 -0.8566 -0.0000
vn -0.8471 -0.5314 -0.0000
vn -0.6971 -0.7167 0.0187
vn -0.8472 -0.5313 -0.0000
vn -0.5163 -0.8564 -0.0000
vn -0.1313 -0.9913 -0.0000
vn -0.1314 -0.9913 -0.0000
vn -1.0000 -0.0069 -0.0000
vn -0.9894 -0.1451 -0.0000
vn -1.0000 -0.0000 -0.0000
vn -0.9998 0.0211 -0.0000
vn -0.5814 0.8136 -0.0000
vn -0.2406 0.9706 -0.0000
vn -0.3944 0.9187 0.0183
vn -0.2408 0.9706 -0.0000
vn -0.5816 0.8135 -0.0000
vn -0.8986 0.4388 -0.0000
vn -0.9896 0.1439 -0.0000
vn -0.9616 0.2741 0.0155
vn -0.0065 1.0000 -0.0000
vn -0.0648 0.9979 -0.0000
vn -0.0649 0.9979 -0.0000
vn 0.0061 1.0000 -0.0000
vn 0.0083 1.0000 0.0009
vn 0.6972 0.7169 -0.0000
vn 0.9982 0.0605 -0.0000
vn 0.9964 0.0842 0.0112
vn 0.9993 -0.0377 -0.0000
vn 1.0000 -0.0072 -0.0000
vn 0.9997 -0.0263 -0.0020
vn 0.1825 -0.9832 -0.0000
vn 0.3085 -0.9512 -0.0000
vn 0.3089 -0.9511 -0.0000
vn 0.2406 -0.9706 -0.0073
vn 0.4824 -0.8759 -0.0000
vn 0.6796 -0.7335 -0.0000
vn 0.5814 -0.8136 -0.0104
vn 0.8431 -0.5378 -0.0000
vn 0.9388 -0.3445 -0.0000
vn 0.8986 -0.4386 -0.0095
vn 0.9806 -0.1961 -0.0000
vn 0.9951 -0.0988 -0.0000
vn 0.9896 -0.1439 -0.0057
vn 0.9389 -0.3443 -0.0000
vn 0.9805 -0.1963 -0.0000
vn 0.0946 -0.9955 -0.0000
vn 0.0404 -0.9992 -0.0000
vn 0.0743 -0.9972 -0.0035
vn -0.0061 -1.0000 -0.0000
vn -0.0084 -1.0000 0.0009
vn -0.6972 -0.7169 -0.0000
vn -0.9982 -0.0605 -0.0000
vn -0.9964 -0.0842 0.0112
vn -1.0000 0.0090 -0.0000
vn -0.9999 0.0126 0.0017
vn -0.3944 0.9189 -0.0000
vn -0.9617 0.2741 -0.0000
vn -0.0307 0.9995 -0.0000
vn -0.0406 0.9992 0.0046
vn 0.0083 1.0000 -0.0009
vn 0.9964 0.0842 -0.0112
vn -0.0084 -1.0000 -0.0009
vn -0.9964 -0.0842 -0.0112
vn -0.9999 0.0126 -0.0017
vn -0.0406 0.9992 -0.0046
vn 0.6970 0.7168 -0.0187
vn -0.0001 -1.0000 -0.0000
vn -0.6971 -0.7167 -0.0187
vn -0.3944 0.9187 -0.0183
vn -0.9616 0.2741 -0.0155
vn -0.8986 0.4389 -0.0000
vn 0.0061 1.0000 -0.0014
vn 0.9980 0.0605 -0.0156
vn 0.6967 0.7164 -0.0374
vn 1.0000 -0.0090 -0.0024
vn 0.1314 0.9913 -0.0000
vn 0.9613 -0.2739 -0.0309
vn 0.3940 -0.9184 -0.0365
vn 0.9997 -0.0243 0.0042
vn 1.0000 -0.0072 0.0004
vn 0.8432 -0.5375 -0.0030
vn 0.6793 -0.7339 -0.0000
vn 0.9951 -0.0989 -0.0020
vn 0.9804 -0.1961 -0.0162
vn 0.9897 -0.1425 0.0120
vn 0.9388 -0.3443 0.0080
vn 0.9996 -0.0296 0.0029
vn 0.7425 -0.6698 0.0078
vn 0.8616 -0.5077 -0.0000
vn 0.5585 -0.8295 0.0099
vn 0.4829 -0.8757 0.0009
vn 0.9036 -0.4225 0.0712
vn 0.4959 -0.8684 -0.0000
vn 0.0307 -0.9995 -0.0065
vn -0.0061 -1.0000 -0.0013
vn -0.6967 -0.7164 -0.0374
vn -0.9980 -0.0605 -0.0156
vn -0.9882 0.1437 -0.0536
vn -1.0000 0.0090 -0.0024
vn -0.9894 -0.1450 -0.0000
vn -0.8986 0.4387 -0.0000
vn -0.0306 0.9995 -0.0065
vn -0.3942 0.9183 -0.0365
vn -0.5814 0.8137 -0.0000
vn 0.1824 -0.9832 -0.0031
vn 0.3074 -0.9470 0.0932
vn 0.0827 -0.9966 0.0042
vn 0.3196 -0.9450 0.0694
vn 0.0066 -1.0000 -0.0019
vn 0.0401 -0.9992 0.0006
vn 0.0001 -1.0000 -0.0000
vn 0.0684 -0.9976 0.0079
vn 0.0019 -1.0000 -0.0000
vn 0.6966 0.7164 0.0374
vn 0.0061 1.0000 0.0014
vn 0.9980 0.0605 0.0156
vn -0.0003 -1.0000 -0.0000
vn -0.0002 -1.0000 -0.0000
vn 0.0002 -1.0000 -0.0000
vn -0.0061 -1.0000 0.0013
vn -0.6968 -0.7163 0.0374
vn -0.9980 -0.0605 0.0156
vn -1.0000 0.0090 0.0024
vn -0.9612 0.2740 0.0309
vn -0.3942 0.9183 0.0365
vn -0.0306 0.9995 0.0065
vn -0.0000 -0.0000 1.0000
vn -0.0000 -0.0000 -1.0000
vn 0.5358 -0.8134 -0.2265
vn 0.3984 -0.6048 -0.6896
vn 0.3985 -0.6048 -0.6895
vn 0.5914 -0.7739 -0.2265
vn 0.4396 -0.5754 -0.6897
vn 0.4193 -0.5905 -0.6896
vn 0.5640 -0.7941 -0.2265
vn 0.5639 -0.7942 -0.2265
vn 0.6449 -0.7299 -0.2267
vn 0.6448 -0.7300 -0.2267
vn 0.4793 -0.5425 -0.6899
vn 0.4792 -0.5425 -0.6899
vn 0.4596 -0.5594 -0.6898
vn 0.4597 -0.5594 -0.6898
vn 0.6183 -0.7526 -0.2266
vn 0.6183 -0.7525 -0.2266
vn 0.6961 -0.6812 -0.2269
vn 0.5171 -0.5061 -0.6903
vn 0.5172 -0.5061 -0.6902
vn 0.4984 -0.5248 -0.6901
vn 0.4985 -0.5247 -0.6901
vn 0.6707 -0.7062 -0.2268
vn 0.7449 -0.6274 -0.2271
vn 0.7448 -0.6274 -0.2271
vn 0.5532 -0.4660 -0.6906
vn 0.5532 -0.4660 -0.6905
vn 0.5354 -0.4865 -0.6904
vn 0.7208 -0.6549 -0.2270
vn 0.7208 -0.6550 -0.2270
vn 0.5704 -0.4445 -0.6907
vn 0.7681 -0.5986 -0.2272
vn 0.7682 -0.5986 -0.2272
vn 0.6071 -0.7946 -0.0000
vn 0.5790 -0.8153 -0.0000
vn 0.5789 -0.8154 -0.0000
vn 0.6621 -0.7495 -0.0000
vn 0.6348 -0.7727 -0.0000
vn 0.6349 -0.7726 -0.0000
vn 0.7147 -0.6994 -0.0000
vn 0.7147 -0.6995 -0.0000
vn 0.6887 -0.7251 -0.0000
vn 0.7648 -0.6442 -0.0000
vn 0.7401 -0.6725 -0.0000
vn 0.5102 -0.7743 0.3742
vn 0.5101 -0.7744 0.3743
vn 0.5500 -0.8347 0.0287
vn 0.5499 -0.8347 0.0287
vn 0.5629 -0.7368 0.3744
vn 0.5630 -0.7368 0.3744
vn 0.6070 -0.7942 0.0286
vn 0.6068 -0.7943 0.0286
vn 0.5787 -0.8150 0.0287
vn 0.5786 -0.8151 0.0286
vn 0.5369 -0.7561 0.3743
vn 0.5368 -0.7561 0.3743
vn 0.6139 -0.6948 0.3746
vn 0.6138 -0.6949 0.3746
vn 0.6618 -0.7491 0.0287
vn 0.6346 -0.7723 0.0286
vn 0.6346 -0.7723 0.0287
vn 0.5886 -0.7164 0.3745
vn 0.5887 -0.7164 0.3745
vn 0.6625 -0.6485 0.3749
vn 0.6626 -0.6484 0.3749
vn 0.7144 -0.6991 0.0287
vn 0.6884 -0.7248 0.0287
vn 0.6385 -0.6722 0.3747
vn 0.7089 -0.5972 0.3752
vn 0.7090 -0.5972 0.3751
vn 0.7645 -0.6440 0.0287
vn 0.7398 -0.6722 0.0287
vn 0.6861 -0.6234 0.3750
vn 0.8117 -0.5834 0.0287
vn 0.8116 -0.5835 0.0288
vn 0.7885 -0.6144 0.0287
vn 0.7884 -0.6144 0.0287
vn 0.7311 -0.5697 0.3753
vn 0.7311 -0.5698 0.3753
vn 0.5141 -0.7241 0.4598
vn 0.5391 -0.7056 0.4599
vn 0.5252 -0.7129 0.4647
vn 0.5637 -0.6860 0.4600
vn 0.5878 -0.6654 0.4601
vn 0.5741 -0.6738 0.4651
vn 0.6114 -0.6437 0.4603
vn 0.6344 -0.6209 0.4604
vn 0.6212 -0.6305 0.4655
vn 0.6569 -0.5969 0.4606
vn 0.6788 -0.5718 0.4607
vn 0.6659 -0.5827 0.4659
vn 0.5504 -0.6459 0.5290
vn 0.5503 -0.6460 0.5290
vn 0.5955 -0.6044 0.5293
vn 0.5954 -0.6044 0.5293
vn 0.5404 -0.6118 0.5776
vn 0.5183 -0.6308 0.5775
vn 0.5312 -0.6234 0.5738
vn 0.5729 -0.5815 0.5776
vn 0.5327 -0.5872 0.6095
vn 0.5329 -0.5871 0.6094
vn 0.5275 -0.5919 0.6094
vn 0.5277 -0.5919 0.6093
vn 0.5343 -0.5888 0.6065
vn 0.5293 -0.5935 0.6063
vn 0.5322 -0.5916 0.6056
vn 0.5235 -0.5984 0.6065
vn 0.5183 -0.6030 0.6064
vn 0.5215 -0.6011 0.6055
vn 0.5220 -0.5968 0.6094
vn 0.5226 -0.5965 0.6091
vn 0.5352 -0.5950 0.5997
vn 0.5244 -0.6045 0.5996
vn 0.5307 -0.6008 0.5979
vn 0.5563 -0.5751 0.5998
vn 0.5459 -0.5851 0.5997
vn 0.5519 -0.5812 0.5980
vn 0.5423 -0.5814 0.6065
vn 0.5422 -0.5815 0.6066
vn 0.3704 -0.5547 -0.7450
vn 0.2840 -0.5835 -0.7609
vn 0.3678 -0.5583 -0.7437
vn 0.3870 -0.5450 -0.7437
vn 0.4173 -0.5178 -0.7468
vn 0.4381 -0.4985 -0.7480
vn 0.4053 -0.5303 -0.7446
vn 0.4228 -0.5145 -0.7460
vn 0.3958 -0.5359 -0.7457
vn 0.4396 -0.4976 -0.7477
vn 0.4521 -0.5681 -0.6876
vn 0.4299 -0.7444 -0.5109
vn 0.5208 -0.8537 -0.0000
vn 0.5175 -0.8485 -0.1107
vn 0.5583 -0.7982 -0.2263
vn 0.5500 -0.8349 0.0209
vn 0.5327 -0.8458 0.0287
vn 0.5355 -0.8445 -0.0000
vn 0.5499 -0.8347 -0.0298
vn 0.3628 -0.8976 0.2506
vn 0.4146 -0.6108 -0.6745
vn 0.4731 -0.4606 -0.7511
vn 0.4556 -0.4797 -0.7499
vn 0.4723 -0.4621 -0.7506
vn 0.4580 -0.4782 -0.7494
vn 0.4895 -0.4448 -0.7500
vn 0.5108 -0.4187 -0.7509
vn 0.4951 -0.4354 -0.7518
vn 0.5058 -0.4261 -0.7500
vn 0.5526 -0.4674 -0.6900
vn 0.5477 -0.3656 -0.7526
vn 0.5263 -0.4101 -0.7448
vn 0.7888 -0.6147 -0.0000
vn 0.7907 -0.5684 -0.2272
vn 0.8120 -0.5837 -0.0000
vn 0.8110 -0.5512 -0.1961
vn 0.7884 -0.5750 -0.2185
vn 0.8270 -0.5622 -0.0000
vn 0.8270 -0.5623 -0.0000
vn 0.8016 -0.5972 0.0287
vn 0.7014 -0.3646 -0.6125
vn 0.4653 -0.7672 0.4415
vn 0.4737 -0.7361 0.4836
vn 0.4921 -0.7468 0.4473
vn 0.4818 -0.7039 0.5219
vn 0.5022 -0.7323 0.4598
vn 0.5007 -0.6796 0.5361
vn 0.4989 -0.6498 0.5735
vn 0.4838 -0.6978 0.5281
vn 0.5085 -0.6387 0.5775
vn 0.5588 -0.6410 0.5262
vn 0.5076 -0.6178 0.6006
vn 0.4877 -0.6398 0.5940
vn 0.5081 -0.6175 0.6004
vn 0.5125 -0.6081 0.6063
vn 0.5006 -0.6247 0.5992
vn 0.5116 -0.6077 0.6074
vn 0.5232 -0.5960 0.6091
vn 0.5246 -0.5992 0.6047
vn 0.5305 -0.5934 0.6054
vn 0.5237 -0.5996 0.6052
vn 0.5183 -0.6027 0.6067
vn 0.5292 -0.5940 0.6059
vn 0.6350 -0.5556 0.5367
vn 0.6543 -0.5403 0.5292
vn 0.6003 -0.5534 0.5774
vn 0.6031 -0.5976 0.5284
vn 0.6944 -0.5526 0.4609
vn 0.7550 -0.5428 0.3678
vn 0.7478 -0.5476 0.3754
vn 0.7316 -0.5197 0.4412
vn 0.9598 0.0250 0.2796
vn 0.7032 -0.5480 0.4530
vn 0.6976 -0.5294 0.4829
vn 0.6653 -0.5329 0.5229
vn 0.5344 -0.5886 0.6066
vn 0.5350 -0.5883 0.6064
vn 0.5408 -0.5798 0.6094
vn 0.5418 -0.5806 0.6077
vn 0.5613 -0.5892 0.5812
vn 0.6042 -0.5387 0.5871
vn 0.5702 -0.5612 0.5999
vn 0.5526 -0.5711 0.6070
vn 0.5410 -0.5787 0.6102
vn 0.5683 -0.5460 0.6156
vn 0.5613 -0.5630 0.6066
vn 0.5659 -0.5958 0.5699
vn 0.4971 -0.7828 0.3743
vn 0.5942 -0.8044 -0.0000
vn 0.6276 -0.7786 -0.0000
vn 0.6110 -0.7916 -0.0086
vn 0.6601 -0.7512 -0.0000
vn 0.6917 -0.7222 -0.0000
vn 0.7250 -0.6887 -0.0000
vn 0.7423 -0.6700 -0.0124
vn 0.7591 -0.6509 -0.0000
vn 0.6760 -0.7368 -0.0087
vn 0.0133 -0.9999 -0.0000
vn 0.0134 -0.9999 -0.0000
vn 0.0004 -1.0000 -0.0000
vn 0.0061 -1.0000 -0.0000
vn 0.0083 -1.0000 0.0009
vn 0.0084 -1.0000 -0.0009
vn 0.8472 -0.5313 -0.0000
vn 0.5160 -0.8566 -0.0000
vn 0.6971 -0.7167 0.0187
vn 0.1313 -0.9913 -0.0000
vn 0.8471 -0.5314 -0.0000
vn 0.5164 -0.8564 -0.0000
vn 0.6972 -0.7169 -0.0000
vn 0.6972 -0.7168 -0.0000
vn 0.5163 -0.8564 -0.0000
vn 0.6971 -0.7167 -0.0187
vn 1.0000 -0.0069 -0.0000
vn 0.9894 -0.1451 -0.0000
vn 0.9982 -0.0605 -0.0000
vn 0.9964 -0.0842 0.0112
vn 0.9964 -0.0842 -0.0112
vn 0.9998 0.0211 -0.0000
vn 0.9993 0.0377 -0.0000
vn 1.0000 0.0072 -0.0000
vn 0.9997 0.0263 -0.0020
vn 0.5814 0.8136 -0.0000
vn 0.5816 0.8135 -0.0000
vn 0.2406 0.9706 -0.0000
vn 0.9896 0.1439 -0.0000
vn 0.8986 0.4388 -0.0000
vn 0.3085 0.9512 -0.0000
vn 0.3089 0.9511 -0.0000
vn 0.1821 0.9833 -0.0000
vn 0.1825 0.9832 -0.0000
vn 0.9951 0.0988 -0.0000
vn 0.9951 0.0989 -0.0000
vn 0.9805 0.1963 -0.0000
vn 0.9806 0.1962 -0.0000
vn 0.9389 0.3443 -0.0000
vn 0.9389 0.3441 -0.0000
vn 0.9388 0.3445 -0.0000
vn 0.8431 0.5378 -0.0000
vn 0.8986 0.4387 -0.0095
vn 0.9806 0.1961 -0.0000
vn 0.9896 0.1439 -0.0057
vn 0.8987 0.4387 -0.0000
vn 0.2406 0.9706 -0.0073
vn 0.6796 0.7335 -0.0000
vn 0.4828 0.8757 -0.0000
vn 0.5814 0.8136 -0.0105
vn 0.0065 1.0000 -0.0000
vn 0.0066 1.0000 -0.0000
vn 0.0648 0.9979 -0.0000
vn 0.0650 0.9979 -0.0000
vn 0.0949 0.9955 -0.0000
vn 0.0401 0.9992 -0.0000
vn 0.0742 0.9972 -0.0035
vn 0.0003 1.0000 -0.0000
vn -0.0003 1.0000 -0.0000
vn -0.0133 0.9999 -0.0000
vn -0.0134 0.9999 -0.0000
vn -0.0004 1.0000 -0.0000
vn -0.0061 1.0000 -0.0000
vn -0.0083 1.0000 0.0009
vn -0.0083 1.0000 -0.0009
vn -0.8471 0.5314 -0.0000
vn -0.5163 0.8564 -0.0000
vn -0.6971 0.7167 0.0187
vn -0.1313 0.9913 -0.0000
vn -0.8472 0.5313 -0.0000
vn -0.5160 0.8566 -0.0000
vn -0.6972 0.7168 -0.0000
vn -0.6972 0.7169 -0.0000
vn -0.6971 0.7167 -0.0187
vn -1.0000 0.0069 -0.0000
vn -0.9894 0.1451 -0.0000
vn -0.9982 0.0605 -0.0000
vn -0.9964 0.0842 0.0112
vn -0.9964 0.0842 -0.0112
vn -0.9998 -0.0211 -0.0000
vn -1.0000 -0.0090 -0.0000
vn -0.9999 -0.0126 0.0017
vn -0.9999 -0.0126 -0.0017
vn -0.2408 -0.9706 -0.0000
vn -0.5814 -0.8136 -0.0000
vn -0.3942 -0.9188 0.0183
vn -0.8986 -0.4388 -0.0000
vn -0.9896 -0.1439 -0.0000
vn -0.9616 -0.2740 0.0155
vn -0.8986 -0.4387 -0.0000
vn -0.2406 -0.9706 -0.0000
vn -0.5815 -0.8135 -0.0000
vn -0.3943 -0.9190 -0.0000
vn -0.3944 -0.9189 -0.0000
vn -0.9617 -0.2740 -0.0000
vn -0.9616 -0.2740 -0.0155
vn -0.3942 -0.9188 -0.0183
vn -0.0065 -1.0000 -0.0000
vn -0.0648 -0.9979 -0.0000
vn -0.0650 -0.9979 -0.0000
vn -0.0306 -0.9995 -0.0000
vn -0.0407 -0.9992 0.0046
vn -0.0407 -0.9992 -0.0046
vn 0.8449 -0.5298 -0.0741
vn 0.0061 -1.0000 -0.0014
vn 0.9980 -0.0605 -0.0156
vn 0.9894 -0.1450 -0.0000
vn 1.0000 0.0090 -0.0024
vn 0.3941 0.9183 -0.0365
vn 0.9612 0.2739 -0.0309
vn 0.0647 0.9979 -0.0000
vn 0.0307 0.9995 -0.0065
vn 1.0000 0.0072 0.0004
vn 0.9951 0.0989 -0.0020
vn 0.8613 0.5081 -0.0000
vn 0.6795 0.7336 0.0001
vn 0.8432 0.5375 -0.0030
vn 0.9388 0.3443 0.0080
vn 0.0946 0.9955 -0.0000
vn 0.4826 0.8758 0.0009
vn 0.0403 0.9992 0.0006
vn 0.9804 0.1962 -0.0163
vn 0.0065 1.0000 -0.0019
vn 0.9996 0.0296 0.0029
vn 0.0061 -1.0000 0.0014
vn 0.6968 -0.7163 0.0374
vn 0.9980 -0.0605 0.0156
vn 0.7424 0.6699 0.0078
vn 0.5585 0.8295 0.0099
vn 0.3074 0.9470 0.0932
vn 0.4976 0.8674 -0.0000
vn 0.1824 0.9832 -0.0031
vn 0.9997 0.0243 0.0042
vn 0.3197 0.9450 0.0695
vn 0.0823 0.9966 0.0042
vn 0.0684 0.9976 0.0079
vn 0.9036 0.4224 0.0713
vn 0.9897 0.1425 0.0120
vn 0.0019 1.0000 -0.0000
vn 0.0001 1.0000 -0.0000
vn -0.0002 1.0000 -0.0000
vn -0.9980 0.0605 -0.0156
vn -0.8449 0.5298 -0.0741
vn -1.0000 -0.0090 -0.0024
vn -0.3941 -0.9183 -0.0365
vn -0.9613 -0.2739 -0.0309
vn -0.8986 -0.4389 -0.0000
vn -0.0307 -0.9995 -0.0065
vn -0.0061 1.0000 -0.0014
vn -0.0005 1.0000 -0.0000
vn 0.0009 1.0000 -0.0000
vn -0.6968 0.7163 0.0374
vn -0.9980 0.0605 0.0156
vn -1.0000 -0.0090 0.0024
vn -0.3940 -0.9184 0.0365
vn -0.9613 -0.2739 0.0309
vn -0.0307 -0.9995 0.0065
vn -0.0061 1.0000 0.0014
vn 0.7798 0.5834 -0.2272
vn 0.7797 0.5834 -0.2272
vn 0.7387 0.6346 -0.2271
vn 0.7388 0.6345 -0.2270
vn 0.5487 0.4713 -0.6905
vn 0.5641 0.4526 -0.6906
vn 0.5640 0.4526 -0.6906
vn 0.7595 0.6095 -0.2271
vn 0.6957 0.6816 -0.2269
vn 0.5168 0.5064 -0.6903
vn 0.5169 0.5064 -0.6902
vn 0.5329 0.4892 -0.6904
vn 0.5330 0.4892 -0.6904
vn 0.7174 0.6586 -0.2270
vn 0.6508 0.7246 -0.2267
vn 0.4837 0.5385 -0.6900
vn 0.5005 0.5228 -0.6901
vn 0.5004 0.5228 -0.6901
vn 0.6735 0.7035 -0.2268
vn 0.6735 0.7036 -0.2268
vn 0.6041 0.7640 -0.2266
vn 0.4491 0.5679 -0.6898
vn 0.4665 0.5536 -0.6899
vn 0.4666 0.5535 -0.6898
vn 0.6277 0.7447 -0.2266
vn 0.6277 0.7447 -0.2267
vn 0.5557 0.8000 -0.2265
vn 0.5557 0.7999 -0.2265
vn 0.4132 0.5948 -0.6896
vn 0.4314 0.5816 -0.6896
vn 0.4313 0.5817 -0.6897
vn 0.5801 0.7824 -0.2265
vn 0.5802 0.7824 -0.2265
vn 0.5309 0.8166 -0.2265
vn 0.7586 0.6516 -0.0000
vn 0.7585 0.6516 -0.0000
vn 0.7799 0.6259 -0.0000
vn 0.7143 0.6998 -0.0000
vn 0.7367 0.6763 -0.0000
vn 0.6682 0.7439 -0.0000
vn 0.6682 0.7440 -0.0000
vn 0.6915 0.7224 -0.0000
vn 0.6203 0.7844 -0.0000
vn 0.6202 0.7844 -0.0000
vn 0.6445 0.7646 -0.0000
vn 0.5706 0.8212 -0.0000
vn 0.5705 0.8213 -0.0000
vn 0.5957 0.8032 -0.0000
vn 0.5956 0.8033 -0.0000
vn 0.7421 0.5553 0.3754
vn 0.7422 0.5552 0.3753
vn 0.8004 0.5988 0.0287
vn 0.7032 0.6040 0.3751
vn 0.7582 0.6514 0.0287
vn 0.7796 0.6257 0.0287
vn 0.7796 0.6256 0.0287
vn 0.7229 0.5802 0.3753
vn 0.6622 0.6488 0.3749
vn 0.7140 0.6995 0.0287
vn 0.7364 0.6760 0.0287
vn 0.6829 0.6269 0.3750
vn 0.6195 0.6898 0.3746
vn 0.6195 0.6898 0.3747
vn 0.6679 0.7437 0.0287
vn 0.6912 0.7221 0.0287
vn 0.6912 0.7220 0.0287
vn 0.6411 0.6697 0.3747
vn 0.6411 0.6697 0.3748
vn 0.5751 0.7273 0.3745
vn 0.5752 0.7273 0.3744
vn 0.6200 0.7840 0.0287
vn 0.6200 0.7841 0.0287
vn 0.6442 0.7643 0.0287
vn 0.5976 0.7090 0.3746
vn 0.5975 0.7090 0.3745
vn 0.5290 0.7616 0.3743
vn 0.5704 0.8209 0.0286
vn 0.5703 0.8209 0.0286
vn 0.5954 0.8029 0.0286
vn 0.5953 0.8030 0.0286
vn 0.5523 0.7448 0.3744
vn 0.5524 0.7448 0.3744
vn 0.5448 0.8381 0.0286
vn 0.5448 0.8381 0.0287
vn 0.5055 0.7774 0.3743
vn 0.5053 0.7775 0.3743
vn 0.6733 0.5783 0.4607
vn 0.6888 0.5528 0.4690
vn 0.6538 0.6003 0.4606
vn 0.6341 0.6212 0.4605
vn 0.6426 0.6094 0.4645
vn 0.6139 0.6413 0.4603
vn 0.5933 0.6605 0.4601
vn 0.6023 0.6495 0.4642
vn 0.5722 0.6789 0.4601
vn 0.5507 0.6965 0.4600
vn 0.5603 0.6862 0.4639
vn 0.5290 0.7133 0.4598
vn 0.5066 0.7293 0.4598
vn 0.5167 0.7198 0.4637
vn 0.6155 0.5838 0.5295
vn 0.6155 0.5837 0.5295
vn 0.5769 0.6222 0.5292
vn 0.5769 0.6221 0.5292
vn 0.5367 0.6573 0.5290
vn 0.5367 0.6574 0.5290
vn 0.5454 0.6073 0.5777
vn 0.5644 0.5896 0.5778
vn 0.5564 0.6000 0.5748
vn 0.5267 0.5957 0.6064
vn 0.5266 0.5958 0.6064
vn 0.5360 0.5873 0.6065
vn 0.5359 0.5873 0.6065
vn 0.5300 0.5996 0.5997
vn 0.5394 0.5911 0.5997
vn 0.5354 0.5961 0.5983
vn 0.5533 0.5780 0.5998
vn 0.5532 0.5781 0.5998
vn 0.5158 0.6120 0.5995
vn 0.5108 0.4187 -0.7508
vn 0.5420 0.3894 -0.7447
vn 0.5184 0.4160 -0.7471
vn 0.5013 0.4306 -0.7505
vn 0.4729 0.4604 -0.7512
vn 0.4873 0.4473 -0.7500
vn 0.4719 0.4623 -0.7507
vn 0.4952 0.4355 -0.7518
vn 0.4575 0.4779 -0.7499
vn 0.5657 0.4727 -0.6757
vn 0.7399 0.4657 -0.4854
vn 0.8208 0.5711 -0.0000
vn 0.8091 0.5630 -0.1683
vn 0.7769 0.5872 -0.2272
vn 0.5789 0.4332 -0.6908
vn 0.8109 0.5852 -0.0000
vn 0.8006 0.5990 0.0182
vn 0.8004 0.5989 -0.0260
vn 0.5796 0.4586 -0.6736
vn 0.4377 0.4982 -0.7485
vn 0.4436 0.4940 -0.7478
vn 0.4289 0.5089 -0.7463
vn 0.4576 0.4778 -0.7499
vn 0.4173 0.5177 -0.7469
vn 0.3691 0.5551 -0.7454
vn 0.3962 0.5363 -0.7453
vn 0.3973 0.5357 -0.7451
vn 0.3813 0.5489 -0.7438
vn 0.4134 0.5228 -0.7455
vn 0.3556 0.5688 -0.7417
vn 0.4306 0.5976 -0.6763
vn 0.5450 0.8383 0.0163
vn 0.5321 0.8467 -0.0000
vn 0.5193 0.8240 -0.2265
vn 0.2517 0.7447 -0.6181
vn 0.5094 0.8388 -0.1925
vn 0.5190 0.8547 -0.0000
vn 0.5327 0.8458 0.0287
vn 0.5449 0.8382 -0.0232
vn 0.3948 0.6072 -0.6895
vn 0.8111 0.5842 0.0288
vn 0.7485 0.5466 0.3754
vn 0.8843 0.3893 0.2577
vn 0.7167 0.5362 0.4459
vn 0.7372 0.5087 0.4446
vn 0.6977 0.5289 0.4831
vn 0.6790 0.5758 0.4553
vn 0.6945 0.5529 0.4605
vn 0.6468 0.5485 0.5299
vn 0.6023 0.5990 0.5277
vn 0.5935 0.5629 0.5753
vn 0.6641 0.5137 0.5432
vn 0.6653 0.5328 0.5229
vn 0.5655 0.5806 0.5857
vn 0.5711 0.5603 0.5999
vn 0.6352 0.5145 0.5761
vn 0.5694 0.5429 0.6173
vn 0.5504 0.5750 0.6054
vn 0.5995 0.5552 0.5765
vn 0.5466 0.5773 0.6065
vn 0.5353 0.5867 0.6077
vn 0.5347 0.5872 0.6077
vn 0.5423 0.5778 0.6099
vn 0.5290 0.5925 0.6076
vn 0.5164 0.6619 0.5434
vn 0.5176 0.6340 0.5746
vn 0.4657 0.7103 0.5278
vn 0.4978 0.6934 0.5210
vn 0.4975 0.7825 0.3743
vn 0.4622 0.7686 0.4423
vn 0.3385 0.9063 0.2530
vn 0.4668 0.7391 0.4856
vn 0.4879 0.7506 0.4456
vn 0.4830 0.7034 0.5215
vn 0.5032 0.7317 0.4598
vn 0.5138 0.6095 0.6038
vn 0.5203 0.5998 0.6078
vn 0.5179 0.6033 0.6064
vn 0.5150 0.6066 0.6056
vn 0.4972 0.6505 0.5742
vn 0.4900 0.6496 0.5813
vn 0.5259 0.6233 0.5787
vn 0.4709 0.6320 0.6155
vn 0.5028 0.6228 0.5994
vn 0.5261 0.6242 0.5775
vn 0.5265 0.5956 0.6066
vn 0.7250 0.6887 -0.0000
vn 0.7591 0.6509 -0.0000
vn 0.7423 0.6700 -0.0124
vn 0.6917 0.7222 -0.0000
vn 0.6276 0.7786 -0.0000
vn 0.5942 0.8044 -0.0000
vn 0.6601 0.7512 -0.0000
vn 0.6110 0.7916 -0.0086
vn 0.6760 0.7368 -0.0087
vn -0.5162 0.8565 -0.0000
vn -0.6970 0.7168 0.0187
vn -0.6970 0.7168 -0.0187
vn -0.9993 -0.0377 -0.0000
vn -1.0000 -0.0072 -0.0000
vn -0.9997 -0.0263 -0.0020
vn -0.3089 -0.9511 -0.0000
vn -0.3085 -0.9512 -0.0000
vn -0.1825 -0.9832 -0.0000
vn -0.9951 -0.0988 -0.0000
vn -0.9805 -0.1963 -0.0000
vn -0.9806 -0.1961 -0.0000
vn -0.9388 -0.3445 -0.0000
vn -0.9389 -0.3443 -0.0000
vn -0.8431 -0.5378 -0.0000
vn -0.8986 -0.4386 -0.0095
vn -0.9896 -0.1439 -0.0057
vn -0.2406 -0.9706 -0.0073
vn -0.6796 -0.7335 -0.0000
vn -0.4824 -0.8759 -0.0000
vn -0.5814 -0.8136 -0.0104
vn -0.0946 -0.9955 -0.0000
vn -0.0404 -0.9992 -0.0000
vn -0.0742 -0.9972 -0.0035
vn 0.0005 -1.0000 -0.0000
vn 0.0084 -1.0000 0.0009
vn 0.1314 -0.9913 -0.0000
vn 1.0000 0.0090 -0.0000
vn 0.9999 0.0126 0.0017
vn 0.9999 0.0126 -0.0017
vn 0.3944 0.9187 0.0183
vn 0.9616 0.2741 0.0155
vn 0.2408 0.9706 -0.0000
vn 0.3944 0.9189 -0.0000
vn 0.9617 0.2741 -0.0000
vn 0.8986 0.4389 -0.0000
vn 0.9616 0.2741 -0.0155
vn 0.3944 0.9187 -0.0183
vn 0.0649 0.9979 -0.0000
vn 0.0307 0.9995 -0.0000
vn 0.0406 0.9992 0.0046
vn 0.0406 0.9992 -0.0046
vn -0.8448 0.5299 -0.0742
vn -0.1314 0.9913 -0.0000
vn -0.3940 -0.9184 -0.0365
vn -1.0000 -0.0072 0.0004
vn -0.9951 -0.0989 -0.0020
vn -0.8616 -0.5077 -0.0000
vn -0.6793 -0.7339 -0.0000
vn -0.8432 -0.5375 -0.0030
vn -0.9388 -0.3444 0.0080
vn -0.4829 -0.8757 0.0009
vn -0.0401 -0.9992 0.0006
vn -0.9804 -0.1962 -0.0163
vn -0.0066 -1.0000 -0.0019
vn -0.9996 -0.0296 0.0029
vn -0.6966 0.7164 0.0374
vn -0.7424 -0.6699 0.0078
vn -0.5585 -0.8295 0.0099
vn -0.3074 -0.9470 0.0932
vn -0.4962 -0.8682 -0.0000
vn -0.1824 -0.9832 -0.0031
vn -0.9997 -0.0243 0.0042
vn -0.3194 -0.9451 0.0694
vn -0.0827 -0.9966 0.0042
vn -0.0684 -0.9976 0.0079
vn -0.9036 -0.4224 0.0712
vn -0.9897 -0.1424 0.0120
vn -0.0019 -1.0000 -0.0000
vn 0.6971 -0.7170 -0.0000
vn 0.3942 0.9183 -0.0365
vn 0.9612 0.2740 -0.0309
vn 0.5814 0.8137 -0.0000
vn 0.8986 0.4387 -0.0000
vn 0.0306 0.9995 -0.0065
vn 0.0061 -1.0000 -0.0013
vn 0.0003 -1.0000 -0.0000
vn -0.0009 -1.0000 -0.0000
vn 1.0000 0.0090 0.0024
vn 0.3942 0.9183 0.0365
vn 0.9612 0.2740 0.0309
vn 0.0306 0.9995 0.0065
vn 0.0061 -1.0000 0.0013
vn -0.7798 -0.5834 -0.2272
vn -0.7797 -0.5834 -0.2272
vn -0.7387 -0.6346 -0.2270
vn -0.5486 -0.4713 -0.6905
vn -0.5487 -0.4713 -0.6905
vn -0.5640 -0.4526 -0.6907
vn -0.5640 -0.4526 -0.6906
vn -0.7595 -0.6095 -0.2271
vn -0.6958 -0.6815 -0.2268
vn -0.6957 -0.6816 -0.2269
vn -0.5168 -0.5064 -0.6903
vn -0.5169 -0.5064 -0.6902
vn -0.5329 -0.4892 -0.6904
vn -0.5330 -0.4892 -0.6904
vn -0.7175 -0.6586 -0.2270
vn -0.7174 -0.6587 -0.2270
vn -0.6508 -0.7246 -0.2267
vn -0.4837 -0.5385 -0.6900
vn -0.5005 -0.5228 -0.6901
vn -0.5004 -0.5228 -0.6901
vn -0.6734 -0.7036 -0.2268
vn -0.6735 -0.7035 -0.2268
vn -0.6041 -0.7640 -0.2266
vn -0.4491 -0.5679 -0.6898
vn -0.4665 -0.5536 -0.6899
vn -0.4666 -0.5536 -0.6898
vn -0.6277 -0.7447 -0.2267
vn -0.5558 -0.7999 -0.2265
vn -0.5557 -0.7999 -0.2265
vn -0.4132 -0.5948 -0.6896
vn -0.4132 -0.5947 -0.6896
vn -0.4314 -0.5816 -0.6896
vn -0.4313 -0.5817 -0.6897
vn -0.5802 -0.7823 -0.2265
vn -0.5801 -0.7824 -0.2266
vn -0.5308 -0.8167 -0.2265
vn -0.5309 -0.8166 -0.2265
vn -0.8007 -0.5991 -0.0000
vn -0.8007 -0.5990 -0.0000
vn -0.7799 -0.6259 -0.0000
vn -0.7586 -0.6516 -0.0000
vn -0.7585 -0.6517 -0.0000
vn -0.7143 -0.6998 -0.0000
vn -0.7367 -0.6763 -0.0000
vn -0.6682 -0.7440 -0.0000
vn -0.6915 -0.7224 -0.0000
vn -0.6915 -0.7223 -0.0000
vn -0.6203 -0.7844 -0.0000
vn -0.6202 -0.7844 -0.0000
vn -0.6445 -0.7646 -0.0000
vn -0.5705 -0.8213 -0.0000
vn -0.5706 -0.8212 -0.0000
vn -0.5957 -0.8032 -0.0000
vn -0.7421 -0.5553 0.3754
vn -0.7422 -0.5553 0.3754
vn -0.8004 -0.5988 0.0287
vn -0.8003 -0.5989 0.0287
vn -0.7032 -0.6040 0.3751
vn -0.7583 -0.6513 0.0287
vn -0.7582 -0.6514 0.0287
vn -0.7796 -0.6256 0.0287
vn -0.7229 -0.5802 0.3753
vn -0.6622 -0.6488 0.3749
vn -0.7141 -0.6995 0.0287
vn -0.7140 -0.6995 0.0287
vn -0.7363 -0.6760 0.0287
vn -0.6829 -0.6269 0.3750
vn -0.6195 -0.6898 0.3747
vn -0.6196 -0.6897 0.3746
vn -0.6680 -0.7436 0.0287
vn -0.6679 -0.7437 0.0287
vn -0.6912 -0.7221 0.0287
vn -0.6411 -0.6697 0.3748
vn -0.6410 -0.6698 0.3748
vn -0.5751 -0.7273 0.3745
vn -0.6200 -0.7841 0.0287
vn -0.6442 -0.7643 0.0287
vn -0.6443 -0.7643 0.0287
vn -0.5975 -0.7090 0.3745
vn -0.5976 -0.7089 0.3745
vn -0.5290 -0.7616 0.3743
vn -0.5291 -0.7615 0.3743
vn -0.5703 -0.8209 0.0287
vn -0.5704 -0.8209 0.0286
vn -0.5954 -0.8029 0.0286
vn -0.5954 -0.8029 0.0287
vn -0.5523 -0.7448 0.3744
vn -0.5524 -0.7448 0.3744
vn -0.5447 -0.8381 0.0287
vn -0.5448 -0.8381 0.0286
vn -0.5054 -0.7775 0.3743
vn -0.5053 -0.7775 0.3743
vn -0.6733 -0.5783 0.4607
vn -0.6888 -0.5528 0.4690
vn -0.6539 -0.6003 0.4606
vn -0.6341 -0.6213 0.4604
vn -0.6426 -0.6094 0.4645
vn -0.6139 -0.6413 0.4603
vn -0.5933 -0.6605 0.4602
vn -0.6022 -0.6495 0.4642
vn -0.5722 -0.6789 0.4600
vn -0.5507 -0.6965 0.4599
vn -0.5603 -0.6862 0.4638
vn -0.5290 -0.7133 0.4598
vn -0.5066 -0.7293 0.4598
vn -0.5166 -0.7198 0.4637
vn -0.6155 -0.5838 0.5295
vn -0.6155 -0.5837 0.5295
vn -0.5769 -0.6222 0.5292
vn -0.5367 -0.6574 0.5290
vn -0.5454 -0.6073 0.5777
vn -0.5643 -0.5896 0.5778
vn -0.5564 -0.6000 0.5748
vn -0.5267 -0.5957 0.6064
vn -0.5358 -0.5874 0.6065
vn -0.5359 -0.5873 0.6065
vn -0.5298 -0.5997 0.5997
vn -0.5395 -0.5911 0.5997
vn -0.5354 -0.5961 0.5983
vn -0.5533 -0.5780 0.5998
vn -0.5159 -0.6119 0.5995
vn -0.5158 -0.6120 0.5995
vn -0.5108 -0.4187 -0.7508
vn -0.5419 -0.3894 -0.7448
vn -0.5184 -0.4160 -0.7471
vn -0.5013 -0.4306 -0.7505
vn -0.4729 -0.4604 -0.7512
vn -0.4873 -0.4473 -0.7500
vn -0.4719 -0.4623 -0.7507
vn -0.4952 -0.4355 -0.7518
vn -0.4575 -0.4779 -0.7499
vn -0.5657 -0.4726 -0.6757
vn -0.7399 -0.4657 -0.4854
vn -0.8091 -0.5630 -0.1683
vn -0.8209 -0.5711 -0.0000
vn -0.8208 -0.5711 -0.0000
vn -0.8208 -0.5712 -0.0000
vn -0.7770 -0.5871 -0.2271
vn -0.5790 -0.4332 -0.6908
vn -0.8111 -0.5842 0.0288
vn -0.8843 -0.3893 0.2577
vn -0.5796 -0.4586 -0.6736
vn -0.4317 -0.5000 -0.7507
vn -0.4424 -0.4925 -0.7495
vn -0.4266 -0.5062 -0.7495
vn -0.4516 -0.4818 -0.7509
vn -0.4113 -0.5177 -0.7502
vn -0.3814 -0.5425 -0.7485
vn -0.3901 -0.5338 -0.7502
vn -0.3944 -0.5318 -0.7494
vn -0.3781 -0.5442 -0.7490
vn -0.4104 -0.5190 -0.7498
vn -0.3555 -0.5688 -0.7417
vn -0.4306 -0.5976 -0.6763
vn -0.5449 -0.8383 0.0162
vn -0.5321 -0.8467 -0.0000
vn -0.5192 -0.8241 -0.2265
vn -0.2518 -0.7447 -0.6181
vn -0.5093 -0.8388 -0.1924
vn -0.5190 -0.8547 -0.0000
vn -0.5326 -0.8459 0.0286
vn -0.5448 -0.8382 -0.0232
vn -0.3948 -0.6072 -0.6895
vn -0.7372 -0.5087 0.4446
vn -0.6945 -0.5529 0.4605
vn -0.7167 -0.5362 0.4459
vn -0.6978 -0.5289 0.4831
vn -0.6790 -0.5759 0.4553
vn -0.6468 -0.5485 0.5299
vn -0.6023 -0.5990 0.5277
vn -0.5935 -0.5629 0.5753
vn -0.6641 -0.5137 0.5433
vn -0.6653 -0.5328 0.5229
vn -0.5656 -0.5806 0.5857
vn -0.5710 -0.5604 0.5999
vn -0.6352 -0.5145 0.5760
vn -0.5695 -0.5429 0.6172
vn -0.5504 -0.5749 0.6054
vn -0.5995 -0.5552 0.5765
vn -0.5466 -0.5773 0.6066
vn -0.5355 -0.5867 0.6075
vn -0.5341 -0.5875 0.6079
vn -0.5424 -0.5778 0.6099
vn -0.5290 -0.5925 0.6076
vn -0.5164 -0.6619 0.5434
vn -0.5176 -0.6340 0.5746
vn -0.4657 -0.7103 0.5278
vn -0.4978 -0.6934 0.5210
vn -0.4976 -0.7825 0.3743
vn -0.4624 -0.7685 0.4423
vn -0.3385 -0.9063 0.2530
vn -0.4669 -0.7391 0.4856
vn -0.4880 -0.7506 0.4455
vn -0.4831 -0.7033 0.5215
vn -0.5032 -0.7317 0.4598
vn -0.5137 -0.6095 0.6039
vn -0.5203 -0.5998 0.6078
vn -0.5182 -0.6031 0.6064
vn -0.5150 -0.6066 0.6057
vn -0.4972 -0.6505 0.5742
vn -0.4900 -0.6496 0.5814
vn -0.5261 -0.6232 0.5786
vn -0.4712 -0.6319 0.6154
vn -0.5027 -0.6228 0.5995
vn -0.5261 -0.6242 0.5775
vn -0.5265 -0.5956 0.6066
vn -0.7485 -0.5466 0.3754
vn -0.7591 -0.6509 -0.0000
vn -0.7592 -0.6509 -0.0000
vn -0.7250 -0.6887 -0.0000
vn -0.7250 -0.6888 -0.0000
vn -0.6917 -0.7222 -0.0000
vn -0.6760 -0.7369 -0.0000
vn -0.6595 -0.7509 -0.0348
vn -0.5942 -0.8043 -0.0000
vn -0.6276 -0.7785 -0.0000
vn -0.6109 -0.7916 -0.0085
vn -0.0134 -0.9999 -0.0000
vn -0.5164 -0.8564 -0.0000
vn -0.2407 0.9706 -0.0000
vn -0.5815 0.8136 -0.0000
vn -0.0066 1.0000 -0.0000
vn -0.0650 0.9979 -0.0000
vn 0.0134 0.9999 -0.0000
vn 0.5163 0.8564 -0.0000
vn 0.6971 0.7167 0.0187
vn 0.3942 -0.9188 0.0183
vn 0.5815 -0.8135 -0.0000
vn 0.8986 -0.4387 -0.0000
vn 0.9616 -0.2740 0.0155
vn -0.6972 -0.7168 -0.0000
vn -0.9993 0.0377 -0.0000
vn -1.0000 0.0072 -0.0000
vn -0.9997 0.0263 -0.0020
vn -0.1821 0.9833 -0.0000
vn -0.3089 0.9511 -0.0000
vn -0.3085 0.9512 -0.0000
vn -0.2406 0.9706 -0.0073
vn -0.4828 0.8757 -0.0000
vn -0.6796 0.7335 -0.0000
vn -0.5814 0.8136 -0.0105
vn -0.8431 0.5378 -0.0000
vn -0.9388 0.3445 -0.0000
vn -0.8986 0.4387 -0.0095
vn -0.8987 0.4387 -0.0000
vn -0.9806 0.1961 -0.0000
vn -0.9951 0.0988 -0.0000
vn -0.9896 0.1439 -0.0057
vn -0.9389 0.3441 -0.0000
vn -0.9806 0.1962 -0.0000
vn -0.9951 0.0989 -0.0000
vn -0.0949 0.9955 -0.0000
vn -0.0401 0.9992 -0.0000
vn -0.0743 0.9972 -0.0035
vn 0.6972 0.7168 -0.0000
vn 1.0000 -0.0090 -0.0000
vn 0.9999 -0.0126 0.0017
vn 0.3944 -0.9189 -0.0000
vn 0.3943 -0.9190 -0.0000
vn 0.9617 -0.2740 -0.0000
vn 0.0306 -0.9995 -0.0000
vn 0.0407 -0.9992 0.0046
vn -0.0083 -1.0000 -0.0009
vn 0.9999 -0.0126 -0.0017
vn 0.0407 -0.9992 -0.0046
vn 0.6971 0.7167 -0.0187
vn 0.3942 -0.9188 -0.0183
vn 0.9616 -0.2740 -0.0155
vn -0.0061 -1.0000 -0.0014
vn -0.6968 -0.7163 -0.0374
vn -0.9612 0.2739 -0.0309
vn -0.5815 0.8135 -0.0000
vn -0.3941 0.9183 -0.0365
vn -0.9997 0.0243 0.0042
vn -1.0000 0.0072 0.0004
vn -0.8432 0.5375 -0.0030
vn -0.6795 0.7336 0.0001
vn -0.9951 0.0989 -0.0020
vn -0.9804 0.1961 -0.0162
vn -0.9897 0.1425 0.0120
vn -0.9388 0.3443 0.0080
vn -0.9996 0.0296 0.0029
vn -0.7425 0.6698 0.0078
vn -0.8613 0.5081 -0.0000
vn -0.5585 0.8295 0.0099
vn -0.4826 0.8758 0.0009
vn -0.9035 0.4225 0.0713
vn -0.4970 0.8677 -0.0000
vn -0.0307 0.9995 -0.0065
vn -0.2405 0.9707 -0.0000
vn 0.6968 0.7163 -0.0374
vn 0.8470 0.5315 -0.0000
vn 0.9617 -0.2741 -0.0000
vn 0.9882 -0.1437 -0.0536
vn 0.8986 -0.4389 -0.0000
vn 0.3941 -0.9183 -0.0365
vn -0.1821 0.9833 -0.0031
vn -0.3074 0.9470 0.0932
vn -0.0821 0.9966 0.0042
vn -0.3196 0.9450 0.0695
vn -0.0065 1.0000 -0.0019
vn -0.0403 0.9992 0.0006
vn -0.0684 0.9976 0.0079
vn -0.0019 1.0000 -0.0000
vn -0.0061 -1.0000 0.0014
vn 0.0002 1.0000 -0.0000
vn 0.6968 0.7163 0.0374
vn 1.0000 -0.0090 0.0024
vn 0.9613 -0.2739 0.0309
vn 0.3940 -0.9184 0.0365
vn 0.0307 -0.9995 0.0065
vn -0.5308 0.8167 -0.2265
vn -0.5801 0.7825 -0.2265
vn -0.5799 0.7825 -0.2266
vn -0.4312 0.5817 -0.6897
vn -0.4312 0.5818 -0.6897
vn -0.4131 0.5948 -0.6896
vn -0.5557 0.8000 -0.2265
vn -0.5556 0.8000 -0.2265
vn -0.6276 0.7448 -0.2267
vn -0.6276 0.7448 -0.2266
vn -0.4665 0.5536 -0.6899
vn -0.4665 0.5536 -0.6898
vn -0.4490 0.5680 -0.6897
vn -0.4491 0.5680 -0.6897
vn -0.6041 0.7640 -0.2266
vn -0.6040 0.7641 -0.2266
vn -0.6736 0.7034 -0.2268
vn -0.6736 0.7035 -0.2268
vn -0.5006 0.5227 -0.6901
vn -0.5005 0.5227 -0.6901
vn -0.4836 0.5385 -0.6900
vn -0.4837 0.5385 -0.6900
vn -0.6508 0.7246 -0.2267
vn -0.7176 0.6584 -0.2270
vn -0.5331 0.4891 -0.6904
vn -0.5330 0.4891 -0.6904
vn -0.5170 0.5063 -0.6902
vn -0.5169 0.5063 -0.6903
vn -0.6958 0.6814 -0.2269
vn -0.6959 0.6814 -0.2269
vn -0.7597 0.6094 -0.2271
vn -0.7597 0.6093 -0.2271
vn -0.5641 0.4525 -0.6907
vn -0.5642 0.4525 -0.6906
vn -0.5489 0.4711 -0.6905
vn -0.5488 0.4712 -0.6905
vn -0.7390 0.6343 -0.2270
vn -0.7389 0.6344 -0.2271
vn -0.7799 0.5833 -0.2272
vn -0.5954 0.8034 -0.0000
vn -0.5955 0.8034 -0.0000
vn -0.5705 0.8213 -0.0000
vn -0.6444 0.7647 -0.0000
vn -0.6443 0.7647 -0.0000
vn -0.6201 0.7845 -0.0000
vn -0.6202 0.7844 -0.0000
vn -0.6916 0.7223 -0.0000
vn -0.6682 0.7440 -0.0000
vn -0.6683 0.7439 -0.0000
vn -0.7369 0.6760 -0.0000
vn -0.7368 0.6761 -0.0000
vn -0.7145 0.6996 -0.0000
vn -0.7801 0.6257 -0.0000
vn -0.7800 0.6257 -0.0000
vn -0.7587 0.6514 -0.0000
vn -0.5054 0.7775 0.3743
vn -0.5448 0.8381 0.0286
vn -0.5447 0.8381 0.0286
vn -0.5522 0.7449 0.3744
vn -0.5522 0.7450 0.3744
vn -0.5952 0.8030 0.0286
vn -0.5703 0.8210 0.0287
vn -0.5702 0.8210 0.0286
vn -0.5290 0.7616 0.3743
vn -0.5289 0.7616 0.3743
vn -0.5975 0.7090 0.3745
vn -0.5975 0.7090 0.3746
vn -0.6441 0.7644 0.0287
vn -0.6199 0.7842 0.0287
vn -0.6199 0.7841 0.0286
vn -0.5751 0.7274 0.3745
vn -0.5750 0.7274 0.3745
vn -0.6412 0.6697 0.3748
vn -0.6412 0.6696 0.3747
vn -0.6913 0.7220 0.0287
vn -0.6679 0.7437 0.0287
vn -0.6680 0.7436 0.0287
vn -0.6195 0.6898 0.3747
vn -0.6196 0.6897 0.3746
vn -0.6831 0.6267 0.3750
vn -0.7366 0.6757 0.0287
vn -0.7365 0.6758 0.0287
vn -0.7142 0.6993 0.0287
vn -0.7141 0.6994 0.0287
vn -0.6623 0.6487 0.3749
vn -0.6624 0.6486 0.3749
vn -0.7231 0.5800 0.3753
vn -0.7231 0.5799 0.3752
vn -0.7798 0.6254 0.0287
vn -0.7584 0.6511 0.0287
vn -0.7033 0.6038 0.3751
vn -0.7033 0.6039 0.3752
vn -0.8005 0.5987 0.0287
vn -0.7422 0.5551 0.3754
vn -0.7423 0.5551 0.3753
vn -0.5066 0.7294 0.4598
vn -0.5288 0.7134 0.4598
vn -0.5166 0.7199 0.4636
vn -0.5507 0.6966 0.4599
vn -0.5722 0.6790 0.4600
vn -0.5602 0.6863 0.4639
vn -0.5933 0.6605 0.4602
vn -0.6140 0.6412 0.4603
vn -0.6023 0.6495 0.4642
vn -0.6343 0.6210 0.4604
vn -0.6540 0.6001 0.4606
vn -0.6427 0.6092 0.4645
vn -0.6890 0.5526 0.4690
vn -0.6734 0.5781 0.4607
vn -0.5366 0.6574 0.5290
vn -0.5367 0.6574 0.5290
vn -0.5769 0.6222 0.5292
vn -0.5770 0.6221 0.5292
vn -0.6156 0.5836 0.5295
vn -0.6157 0.5836 0.5295
vn -0.5645 0.5895 0.5778
vn -0.5455 0.6073 0.5776
vn -0.5564 0.6000 0.5748
vn -0.5157 0.6121 0.5996
vn -0.5158 0.6120 0.5995
vn -0.5533 0.5780 0.5998
vn -0.5534 0.5779 0.5998
vn -0.5395 0.5910 0.5997
vn -0.5300 0.5996 0.5996
vn -0.5354 0.5961 0.5983
vn -0.5359 0.5873 0.6065
vn -0.5361 0.5872 0.6064
vn -0.5266 0.5958 0.6064
vn -0.3691 0.5551 -0.7454
vn -0.3555 0.5688 -0.7417
vn -0.3813 0.5489 -0.7438
vn -0.3961 0.5363 -0.7453
vn -0.4173 0.5177 -0.7469
vn -0.4133 0.5229 -0.7455
vn -0.4289 0.5090 -0.7463
vn -0.3972 0.5358 -0.7451
vn -0.4377 0.4982 -0.7485
vn -0.4307 0.5976 -0.6763
vn -0.4251 0.7463 -0.5122
vn -0.5190 0.8548 -0.0000
vn -0.5159 0.8494 -0.1109
vn -0.5636 0.7945 -0.2262
vn -0.3948 0.6072 -0.6895
vn -0.5320 0.8467 -0.0000
vn -0.5450 0.8383 0.0162
vn -0.5449 0.8382 -0.0231
vn -0.4183 0.6097 -0.6733
vn -0.4576 0.4778 -0.7498
vn -0.4575 0.4779 -0.7499
vn -0.4720 0.4622 -0.7507
vn -0.4437 0.4939 -0.7478
vn -0.4729 0.4604 -0.7512
vn -0.5108 0.4187 -0.7509
vn -0.4951 0.4355 -0.7518
vn -0.5015 0.4305 -0.7504
vn -0.5185 0.4159 -0.7471
vn -0.4874 0.4471 -0.7500
vn -0.5421 0.3892 -0.7448
vn -0.5656 0.4729 -0.6756
vn -0.8007 0.5988 0.0181
vn -0.8110 0.5851 -0.0000
vn -0.7903 0.5691 -0.2272
vn -0.7220 0.2848 -0.6306
vn -0.8052 0.5602 -0.1947
vn -0.8209 0.5711 -0.0000
vn -0.8111 0.5842 0.0288
vn -0.8005 0.5987 -0.0258
vn -0.5790 0.4331 -0.6908
vn -0.5326 0.8459 0.0286
vn -0.4976 0.7825 0.3743
vn -0.3381 0.9064 0.2531
vn -0.4879 0.7506 0.4455
vn -0.4622 0.7686 0.4423
vn -0.4668 0.7391 0.4856
vn -0.5031 0.7318 0.4598
vn -0.4977 0.6935 0.5209
vn -0.5164 0.6619 0.5433
vn -0.5260 0.6243 0.5776
vn -0.5175 0.6340 0.5746
vn -0.4654 0.7105 0.5278
vn -0.4831 0.7033 0.5215
vn -0.5261 0.6232 0.5786
vn -0.5026 0.6229 0.5995
vn -0.4899 0.6496 0.5813
vn -0.4704 0.6322 0.6157
vn -0.5137 0.6095 0.6038
vn -0.5150 0.6066 0.6056
vn -0.5204 0.5998 0.6078
vn -0.5179 0.6033 0.6065
vn -0.4972 0.6505 0.5742
vn -0.5263 0.5958 0.6067
vn -0.6792 0.5757 0.4553
vn -0.6469 0.5484 0.5299
vn -0.6023 0.5990 0.5277
vn -0.5937 0.5627 0.5752
vn -0.6644 0.5132 0.5433
vn -0.6653 0.5329 0.5229
vn -0.7485 0.5467 0.3754
vn -0.8846 0.3885 0.2578
vn -0.7168 0.5361 0.4459
vn -0.6944 0.5529 0.4605
vn -0.7373 0.5086 0.4446
vn -0.6978 0.5289 0.4831
vn -0.5356 0.5866 0.6075
vn -0.5339 0.5875 0.6081
vn -0.5422 0.5779 0.6100
vn -0.5293 0.5923 0.6075
vn -0.5465 0.5774 0.6066
vn -0.5994 0.5553 0.5764
vn -0.6359 0.5138 0.5760
vn -0.5656 0.5806 0.5857
vn -0.5695 0.5426 0.6174
vn -0.5710 0.5603 0.6000
vn -0.5505 0.5749 0.6054
vn -0.5942 0.8044 -0.0000
vn -0.6110 0.7916 -0.0086
vn -0.6276 0.7786 -0.0000
vn -0.6601 0.7512 -0.0000
vn -0.6917 0.7222 -0.0000
vn -0.7251 0.6887 -0.0000
vn -0.7423 0.6700 -0.0124
vn -0.7592 0.6509 -0.0000
vn -0.6760 0.7369 -0.0087
vn 0.0035 0.0040 1.0000
vn 0.0030 0.0044 1.0000
vn 0.0024 0.0048 1.0000
vn 0.0017 0.0050 1.0000
vn 0.0017 0.0051 1.0000
vn 0.0010 0.0052 1.0000
vn 0.0003 0.0053 1.0000
vn -0.0003 0.0053 1.0000
vn -0.0010 0.0052 1.0000
vn -0.0017 0.0050 1.0000
vn -0.0017 0.0051 1.0000
vn -0.0024 0.0048 1.0000
vn -0.0030 0.0044 1.0000
vn -0.0035 0.0040 1.0000
vn -0.0040 0.0035 1.0000
vn -0.0044 0.0030 1.0000
vn -0.0048 0.0024 1.0000
vn -0.0051 0.0017 1.0000
vn -0.0052 0.0010 1.0000
vn -0.0053 0.0003 1.0000
vn -0.0053 -0.0003 1.0000
vn -0.0052 -0.0010 1.0000
vn -0.0051 -0.0017 1.0000
vn -0.0048 -0.0024 1.0000
vn -0.0044 -0.0030 1.0000
vn -0.0040 -0.0035 1.0000
vn -0.0035 -0.0040 1.0000
vn -0.0030 -0.0044 1.0000
vn -0.0024 -0.0048 1.0000
vn -0.0017 -0.0050 1.0000
vn -0.0017 -0.0051 1.0000
vn -0.0010 -0.0052 1.0000
vn -0.0003 -0.0053 1.0000
vn 0.0003 -0.0053 1.0000
vn 0.0010 -0.0052 1.0000
vn 0.0017 -0.0050 1.0000
vn 0.0017 -0.0051 1.0000
vn 0.0024 -0.0048 1.0000
vn 0.0030 -0.0044 1.0000
vn 0.0035 -0.0040 1.0000
vn 0.0040 -0.0035 1.0000
vn 0.0044 -0.0030 1.0000
vn 0.0048 -0.0024 1.0000
vn 0.0051 -0.0017 1.0000
vn 0.0052 -0.0010 1.0000
vn 0.0053 -0.0003 1.0000
vn 0.0053 0.0003 1.0000
vn 0.0052 0.0010 1.0000
vn 0.0051 0.0017 1.0000
vn 0.0048 0.0024 1.0000
vn 0.0044 0.0030 1.0000
vn 0.0040 0.0035 1.0000
vn 0.0549 0.0627 0.9965
vn 0.0463 0.0693 0.9965
vn 0.0369 0.0747 0.9965
vn 0.0269 0.0789 0.9965
vn 0.0162 0.0818 0.9965
vn 0.0054 0.0832 0.9965
vn -0.0054 0.0832 0.9965
vn -0.0162 0.0818 0.9965
vn -0.0269 0.0789 0.9965
vn -0.0369 0.0747 0.9965
vn -0.0463 0.0693 0.9965
vn -0.0549 0.0627 0.9965
vn -0.0627 0.0549 0.9965
vn -0.0693 0.0463 0.9965
vn -0.0747 0.0369 0.9965
vn -0.0789 0.0269 0.9965
vn -0.0818 0.0162 0.9965
vn -0.0832 0.0054 0.9965
vn -0.0832 -0.0054 0.9965
vn -0.0818 -0.0162 0.9965
vn -0.0789 -0.0269 0.9965
vn -0.0747 -0.0369 0.9965
vn -0.0693 -0.0463 0.9965
vn -0.0627 -0.0549 0.9965
vn -0.0549 -0.0627 0.9965
vn -0.0463 -0.0693 0.9965
vn -0.0369 -0.0747 0.9965
vn -0.0269 -0.0789 0.9965
vn -0.0162 -0.0818 0.9965
vn -0.0054 -0.0832 0.9965
vn 0.0054 -0.0832 0.9965
vn 0.0162 -0.0818 0.9965
vn 0.0269 -0.0789 0.9965
vn 0.0369 -0.0747 0.9965
vn 0.0463 -0.0693 0.9965
vn 0.0549 -0.0627 0.9965
vn 0.0627 -0.0549 0.9965
vn 0.0693 -0.0463 0.9965
vn 0.0747 -0.0369 0.9965
vn 0.0789 -0.0269 0.9965
vn 0.0818 -0.0162 0.9965
vn 0.0832 -0.0054 0.9965
vn 0.0832 0.0054 0.9965
vn 0.0818 0.0162 0.9965
vn 0.0789 0.0269 0.9965
vn 0.0747 0.0369 0.9965
vn 0.0693 0.0463 0.9965
vn 0.0627 0.0549 0.9965
vn 0.3138 0.3584 0.8793
vn 0.2644 0.3963 0.8792
vn 0.2110 0.4271 0.8792
vn 0.1535 0.4509 0.8793
vn 0.0925 0.4673 0.8793
vn 0.0308 0.4754 0.8792
vn -0.0309 0.4754 0.8792
vn -0.0308 0.4754 0.8792
vn -0.0925 0.4673 0.8793
vn -0.1535 0.4509 0.8793
vn -0.2110 0.4271 0.8792
vn -0.2644 0.3963 0.8792
vn -0.3138 0.3584 0.8793
vn -0.3584 0.3137 0.8793
vn -0.3584 0.3138 0.8793
vn -0.3963 0.2644 0.8792
vn -0.4271 0.2110 0.8792
vn -0.4509 0.1535 0.8793
vn -0.4673 0.0925 0.8793
vn -0.4754 0.0308 0.8792
vn -0.4754 -0.0308 0.8792
vn -0.4673 -0.0925 0.8793
vn -0.4509 -0.1535 0.8793
vn -0.4271 -0.2110 0.8792
vn -0.3963 -0.2644 0.8792
vn -0.3584 -0.3138 0.8793
vn -0.3138 -0.3584 0.8793
vn -0.2644 -0.3963 0.8792
vn -0.2110 -0.4271 0.8792
vn -0.1535 -0.4509 0.8793
vn -0.0925 -0.4673 0.8793
vn -0.0308 -0.4754 0.8792
vn 0.0309 -0.4754 0.8792
vn 0.0308 -0.4754 0.8792
vn 0.0925 -0.4673 0.8793
vn 0.1535 -0.4509 0.8793
vn 0.2110 -0.4271 0.8792
vn 0.2644 -0.3963 0.8792
vn 0.3138 -0.3584 0.8793
vn 0.3584 -0.3138 0.8793
vn 0.3963 -0.2644 0.8792
vn 0.4271 -0.2110 0.8792
vn 0.4509 -0.1535 0.8793
vn 0.4673 -0.0925 0.8793
vn 0.4754 -0.0308 0.8792
vn 0.4754 0.0308 0.8792
vn 0.4673 0.0925 0.8793
vn 0.4509 0.1535 0.8793
vn 0.4271 0.2110 0.8792
vn 0.3963 0.2644 0.8792
vn 0.3584 0.3138 0.8793
vn 0.6201 0.7084 0.3371
vn 0.5225 0.7832 0.3371
vn 0.4169 0.8441 0.3371
vn 0.4170 0.8441 0.3371
vn 0.3034 0.8912 0.3372
vn 0.1828 0.9235 0.3372
vn 0.1829 0.9235 0.3371
vn 0.0609 0.9395 0.3371
vn 0.0609 0.9395 0.3372
vn -0.0610 0.9395 0.3371
vn -0.0609 0.9395 0.3371
vn -0.1829 0.9235 0.3372
vn -0.1829 0.9235 0.3371
vn -0.3034 0.8912 0.3372
vn -0.4170 0.8441 0.3371
vn -0.5225 0.7831 0.3371
vn -0.5225 0.7832 0.3371
vn -0.6201 0.7084 0.3371
vn -0.7084 0.6201 0.3371
vn -0.7832 0.5225 0.3371
vn -0.8441 0.4170 0.3371
vn -0.8912 0.3034 0.3372
vn -0.8912 0.3034 0.3371
vn -0.9235 0.1829 0.3371
vn -0.9235 0.1828 0.3371
vn -0.9395 0.0609 0.3371
vn -0.9395 -0.0609 0.3371
vn -0.9235 -0.1829 0.3371
vn -0.9235 -0.1829 0.3372
vn -0.8912 -0.3034 0.3371
vn -0.8441 -0.4170 0.3371
vn -0.7831 -0.5225 0.3371
vn -0.7832 -0.5225 0.3371
vn -0.7084 -0.6201 0.3371
vn -0.7084 -0.6201 0.3372
vn -0.6201 -0.7084 0.3372
vn -0.6201 -0.7084 0.3371
vn -0.5225 -0.7832 0.3371
vn -0.4170 -0.8441 0.3371
vn -0.3034 -0.8912 0.3372
vn -0.3034 -0.8912 0.3371
vn -0.1829 -0.9235 0.3371
vn -0.0609 -0.9395 0.3371
vn 0.0609 -0.9395 0.3371
vn 0.1829 -0.9235 0.3371
vn 0.3034 -0.8912 0.3371
vn 0.3034 -0.8912 0.3372
vn 0.4170 -0.8441 0.3371
vn 0.5225 -0.7832 0.3371
vn 0.5225 -0.7831 0.3371
vn 0.6201 -0.7084 0.3371
vn 0.7084 -0.6201 0.3371
vn 0.7832 -0.5225 0.3371
vn 0.8441 -0.4170 0.3371
vn 0.8912 -0.3034 0.3371
vn 0.8912 -0.3034 0.3372
vn 0.9235 -0.1828 0.3371
vn 0.9235 -0.1829 0.3372
vn 0.9395 -0.0609 0.3371
vn 0.9395 0.0609 0.3371
vn 0.9235 0.1829 0.3371
vn 0.9235 0.1829 0.3372
vn 0.8912 0.3034 0.3372
vn 0.8441 0.4170 0.3371
vn 0.7831 0.5225 0.3371
vn 0.7832 0.5225 0.3371
vn 0.7084 0.6201 0.3371
vn 0.6564 0.7499 0.0827
vn 0.5531 0.8290 0.0827
vn 0.4414 0.8935 0.0827
vn 0.3212 0.9434 0.0827
vn 0.1936 0.9776 0.0827
vn 0.1935 0.9776 0.0827
vn 0.0645 0.9945 0.0827
vn -0.0645 0.9945 0.0827
vn -0.1935 0.9776 0.0827
vn -0.1936 0.9776 0.0827
vn -0.3212 0.9434 0.0827
vn -0.4414 0.8935 0.0827
vn -0.5531 0.8290 0.0827
vn -0.6564 0.7499 0.0827
vn -0.6565 0.7498 0.0827
vn -0.7498 0.6564 0.0827
vn -0.7499 0.6564 0.0827
vn -0.8290 0.5531 0.0827
vn -0.8935 0.4414 0.0827
vn -0.9434 0.3212 0.0827
vn -0.9776 0.1936 0.0827
vn -0.9945 0.0645 0.0827
vn -0.9945 -0.0645 0.0827
vn -0.9776 -0.1936 0.0827
vn -0.9434 -0.3212 0.0827
vn -0.8935 -0.4414 0.0827
vn -0.8290 -0.5531 0.0827
vn -0.7498 -0.6564 0.0827
vn -0.6564 -0.7499 0.0827
vn -0.6564 -0.7498 0.0827
vn -0.5531 -0.8290 0.0827
vn -0.4414 -0.8935 0.0827
vn -0.3212 -0.9434 0.0827
vn -0.1936 -0.9776 0.0827
vn -0.1935 -0.9776 0.0827
vn -0.0645 -0.9945 0.0827
vn 0.0645 -0.9945 0.0827
vn 0.1935 -0.9776 0.0827
vn 0.1936 -0.9776 0.0827
vn 0.3212 -0.9434 0.0827
vn 0.4414 -0.8935 0.0827
vn 0.5531 -0.8290 0.0827
vn 0.6564 -0.7498 0.0827
vn 0.6565 -0.7498 0.0827
vn 0.7499 -0.6564 0.0827
vn 0.7498 -0.6564 0.0827
vn 0.8290 -0.5531 0.0827
vn 0.8935 -0.4414 0.0827
vn 0.9434 -0.3212 0.0827
vn 0.9776 -0.1936 0.0827
vn 0.9945 -0.0645 0.0827
vn 0.9945 0.0645 0.0827
vn 0.9776 0.1936 0.0827
vn 0.9434 0.3212 0.0827
vn 0.8935 0.4414 0.0827
vn 0.8290 0.5531 0.0827
vn 0.7499 0.6564 0.0827
vn 0.7498 0.6564 0.0827
vn 0.6585 0.7523 0.0195
vn 0.6586 0.7523 0.0195
vn 0.5549 0.8317 0.0195
vn 0.4428 0.8964 0.0195
vn 0.3222 0.9465 0.0195
vn 0.1942 0.9808 0.0195
vn 0.0647 0.9977 0.0195
vn -0.0647 0.9977 0.0195
vn -0.1942 0.9808 0.0195
vn -0.3222 0.9465 0.0195
vn -0.4428 0.8964 0.0195
vn -0.5549 0.8317 0.0195
vn -0.6586 0.7523 0.0195
vn -0.7523 0.6585 0.0195
vn -0.7523 0.6586 0.0195
vn -0.8317 0.5549 0.0195
vn -0.8964 0.4428 0.0195
vn -0.9465 0.3222 0.0195
vn -0.9808 0.1942 0.0195
vn -0.9977 0.0647 0.0195
vn -0.9977 -0.0647 0.0195
vn -0.9808 -0.1942 0.0195
vn -0.9465 -0.3222 0.0195
vn -0.8964 -0.4428 0.0195
vn -0.8317 -0.5549 0.0195
vn -0.7523 -0.6586 0.0195
vn -0.6585 -0.7523 0.0195
vn -0.6586 -0.7523 0.0195
vn -0.5549 -0.8317 0.0195
vn -0.4428 -0.8964 0.0195
vn -0.3222 -0.9465 0.0195
vn -0.1942 -0.9808 0.0195
vn -0.0647 -0.9977 0.0195
vn 0.0647 -0.9977 0.0195
vn 0.1942 -0.9808 0.0195
vn 0.3222 -0.9465 0.0195
vn 0.4428 -0.8964 0.0195
vn 0.5549 -0.8317 0.0195
vn 0.6586 -0.7523 0.0195
vn 0.7523 -0.6586 0.0195
vn 0.8317 -0.5549 0.0195
vn 0.8964 -0.4428 0.0195
vn 0.9465 -0.3222 0.0195
vn 0.9808 -0.1942 0.0195
vn 0.9977 -0.0647 0.0195
vn 0.9977 0.0647 0.0195
vn 0.9808 0.1942 0.0195
vn 0.9465 0.3222 0.0195
vn 0.8964 0.4428 0.0195
vn 0.8964 0.4429 0.0195
vn 0.8317 0.5549 0.0195
vn 0.7523 0.6586 0.0195
vn -0.0004 -0.0007 1.0000
vn -0.0003 -0.0007 1.0000
vn 0.0004 -0.0007 1.0000
vn 0.0005 -0.0007 1.0000
vn -0.0005 -0.0007 1.0000
vn -0.0005 -0.0006 1.0000
vn -0.0003 -0.0008 1.0000
vn -0.0002 -0.0008 1.0000
vn 0.0003 -0.0007 1.0000
vn 0.0002 -0.0008 1.0000
vn 0.0003 -0.0008 1.0000
vn 0.0005 -0.0006 1.0000
vn -0.0006 -0.0006 1.0000
vn 0.0008 -0.0000 1.0000
vn 0.0008 -0.0001 1.0000
vn 0.0008 0.0001 1.0000
vn 0.0006 -0.0006 1.0000
vn 0.0008 -0.0002 1.0000
vn 0.0008 0.0002 1.0000
vn 0.0007 0.0005 1.0000
vn 0.0007 -0.0005 1.0000
vn 0.0006 0.0006 1.0000
vn -0.0004 -0.0008 1.0000
vn 0.0001 -0.0008 1.0000
vn -0.0000 -0.0008 1.0000
vn -0.0001 -0.0008 1.0000
vn -0.0002 -0.0009 1.0000
vn -0.0006 -0.0007 1.0000
vn 0.0001 -0.0009 1.0000
vn -0.0001 -0.0009 1.0000
vn 0.0006 -0.0007 1.0000
vn 0.0004 -0.0008 1.0000
vn 0.0002 -0.0009 1.0000
vn 0.0007 -0.0006 1.0000
vn 0.0007 -0.0004 1.0000
vn 0.0008 -0.0003 1.0000
vn 0.0009 0.0001 1.0000
vn 0.0008 0.0003 1.0000
vn 0.0007 0.0004 1.0000
vn 0.0008 -0.0005 1.0000
vn 0.0008 -0.0004 1.0000
vn 0.0009 -0.0002 1.0000
vn 0.0009 -0.0001 1.0000
vn 0.0009 -0.0003 1.0000
vn 0.0009 0.0003 1.0000
vn 0.0008 0.0004 1.0000
vn 0.0008 0.0005 1.0000
vn 0.0009 0.0002 1.0000
vn 0.0007 0.0006 1.0000
vn 0.0004 0.0007 1.0000
vn -0.0004 0.0007 1.0000
vn -0.0005 0.0006 1.0000
vn -0.0005 0.0007 1.0000
vn 0.0003 0.0007 1.0000
vn 0.0003 0.0008 1.0000
vn 0.0005 0.0007 1.0000
vn 0.0002 0.0008 1.0000
vn -0.0003 0.0008 1.0000
vn -0.0003 0.0007 1.0000
vn 0.0005 0.0006 1.0000
vn -0.0002 0.0008 1.0000
vn -0.0008 0.0001 1.0000
vn -0.0006 0.0006 1.0000
vn -0.0008 -0.0000 1.0000
vn -0.0008 -0.0001 1.0000
vn -0.0008 0.0002 1.0000
vn -0.0007 -0.0005 1.0000
vn -0.0008 -0.0002 1.0000
vn -0.0007 0.0005 1.0000
vn -0.0001 0.0008 1.0000
vn 0.0004 0.0008 1.0000
vn -0.0000 0.0008 1.0000
vn 0.0001 0.0008 1.0000
vn 0.0002 0.0009 1.0000
vn 0.0006 0.0007 1.0000
vn 0.0001 0.0009 1.0000
vn -0.0002 0.0009 1.0000
vn -0.0001 0.0009 1.0000
vn -0.0004 0.0008 1.0000
vn -0.0006 0.0007 1.0000
vn -0.0007 0.0006 1.0000
vn -0.0007 0.0004 1.0000
vn -0.0008 0.0005 1.0000
vn -0.0008 0.0003 1.0000
vn -0.0009 -0.0001 1.0000
vn -0.0008 -0.0003 1.0000
vn -0.0007 -0.0004 1.0000
vn -0.0008 0.0004 1.0000
vn -0.0009 0.0003 1.0000
vn -0.0009 0.0001 1.0000
vn -0.0009 -0.0002 1.0000
vn -0.0009 0.0002 1.0000
vn -0.0008 -0.0005 1.0000
vn -0.0007 -0.0006 1.0000
vn -0.0008 -0.0004 1.0000
vn -0.0009 -0.0003 1.0000
vn 0.6566 0.7501 0.0783
vn 0.6335 0.7737 0.0021
vn 0.6832 0.7303 0.0021
vn 0.5533 0.8294 0.0770
vn 0.5277 0.8494 0.0021
vn 0.4416 0.8939 0.0769
vn 0.4136 0.9104 0.0021
vn 0.1936 0.9779 0.0783
vn 0.1617 0.9868 0.0021
vn 0.0645 0.9949 0.0770
vn 0.0323 0.9995 0.0021
vn 0.3213 0.9437 0.0783
vn 0.2908 0.9568 0.0021
vn 0.5816 0.8134 0.0021
vn 0.4717 0.8817 0.0021
vn 0.3533 0.9355 0.0020
vn 0.2265 0.9740 0.0021
vn -0.0645 0.9949 0.0770
vn -0.0971 0.9953 0.0021
vn -0.1936 0.9779 0.0783
vn -0.2265 0.9740 0.0021
vn -0.4416 0.8939 0.0769
vn -0.4717 0.8817 0.0021
vn -0.3213 0.9437 0.0783
vn -0.3533 0.9355 0.0021
vn -0.6567 0.7501 0.0783
vn -0.6832 0.7303 0.0021
vn -0.8294 0.5533 0.0770
vn -0.8494 0.5277 0.0021
vn -0.8939 0.4416 0.0770
vn -0.9105 0.4136 0.0021
vn -0.7501 0.6567 0.0783
vn -0.7737 0.6335 0.0021
vn -0.5534 0.8294 0.0770
vn -0.5817 0.8134 0.0021
vn -0.9779 0.1936 0.0783
vn -0.9868 0.1618 0.0021
vn -0.9949 -0.0645 0.0770
vn -0.9953 -0.0970 0.0021
vn -0.9949 0.0645 0.0770
vn -0.9995 0.0323 0.0021
vn -0.9437 -0.3213 0.0783
vn -0.9355 -0.3533 0.0021
vn -0.8294 -0.5534 0.0770
vn -0.8134 -0.5817 0.0021
vn -0.7501 -0.6567 0.0783
vn -0.7302 -0.6832 0.0021
vn -0.8939 -0.4416 0.0770
vn -0.8817 -0.4717 0.0021
vn -0.9779 -0.1936 0.0783
vn -0.9740 -0.2265 0.0021
vn -0.9437 0.3213 0.0783
vn -0.9568 0.2908 0.0021
vn 0.0970 0.9953 0.0021
vn -0.0323 0.9995 0.0021
vn -0.4136 0.9104 0.0020
vn -0.2908 0.9568 0.0021
vn -0.1617 0.9868 0.0021
vn -0.5277 0.8494 0.0021
vn -0.6335 0.7737 0.0021
vn -0.7303 0.6832 0.0021
vn -0.8134 0.5816 0.0021
vn -0.9355 0.3533 0.0021
vn -0.9995 -0.0323 0.0021
vn -0.9953 0.0970 0.0021
vn -0.9740 0.2265 0.0021
vn -0.9868 -0.1618 0.0021
vn -0.9568 -0.2908 0.0021
vn -0.7737 -0.6335 0.0021
vn -0.8494 -0.5277 0.0021
vn -0.9104 -0.4136 0.0021
vn -0.8817 0.4717 0.0021
vn -0.6566 -0.7501 0.0783
vn -0.6335 -0.7737 0.0021
vn -0.6832 -0.7302 0.0021
vn -0.5533 -0.8294 0.0769
vn -0.5277 -0.8494 0.0021
vn -0.4416 -0.8939 0.0770
vn -0.4136 -0.9104 0.0021
vn -0.1936 -0.9779 0.0783
vn -0.1617 -0.9868 0.0021
vn -0.0645 -0.9949 0.0770
vn -0.0324 -0.9995 0.0021
vn -0.3213 -0.9437 0.0783
vn -0.2908 -0.9568 0.0021
vn -0.5816 -0.8134 0.0021
vn -0.4717 -0.8817 0.0021
vn -0.0971 -0.9953 0.0021
vn -0.2265 -0.9740 0.0021
vn -0.3533 -0.9355 0.0021
vn 0.0645 -0.9949 0.0769
vn 0.0970 -0.9953 0.0021
vn 0.1936 -0.9779 0.0783
vn 0.2265 -0.9740 0.0021
vn 0.4416 -0.8939 0.0770
vn 0.4718 -0.8817 0.0021
vn 0.3213 -0.9437 0.0783
vn 0.3533 -0.9355 0.0021
vn 0.6567 -0.7501 0.0783
vn 0.6832 -0.7302 0.0021
vn 0.8294 -0.5533 0.0770
vn 0.8494 -0.5277 0.0021
vn 0.8939 -0.4416 0.0770
vn 0.9105 -0.4136 0.0021
vn 0.7501 -0.6567 0.0783
vn 0.7737 -0.6335 0.0021
vn 0.5534 -0.8294 0.0769
vn 0.5816 -0.8134 0.0021
vn 0.9779 -0.1936 0.0783
vn 0.9868 -0.1618 0.0021
vn 0.9949 0.0645 0.0770
vn 0.9953 0.0970 0.0021
vn 0.9949 -0.0645 0.0770
vn 0.9995 -0.0323 0.0021
vn 0.9437 0.3213 0.0783
vn 0.9355 0.3533 0.0021
vn 0.8294 0.5534 0.0770
vn 0.8134 0.5817 0.0021
vn 0.7501 0.6567 0.0783
vn 0.7303 0.6832 0.0021
vn 0.8939 0.4416 0.0770
vn 0.8817 0.4717 0.0021
vn 0.9779 0.1936 0.0783
vn 0.9740 0.2265 0.0021
vn 0.9437 -0.3213 0.0783
vn 0.9568 -0.2908 0.0021
vn 0.0324 -0.9995 0.0020
vn 0.1617 -0.9868 0.0021
vn 0.2908 -0.9568 0.0021
vn 0.4136 -0.9104 0.0021
vn 0.6335 -0.7737 0.0021
vn 0.8817 -0.4717 0.0021
vn 0.8134 -0.5817 0.0020
vn 0.7302 -0.6832 0.0021
vn 0.5277 -0.8494 0.0020
vn 0.9355 -0.3533 0.0021
vn 0.9740 -0.2265 0.0021
vn 0.9953 -0.0970 0.0021
vn 0.9995 0.0323 0.0021
vn 0.9104 0.4136 0.0021
vn 0.9568 0.2908 0.0021
vn 0.8494 0.5278 0.0021
vn 0.7737 0.6335 0.0021
vn 0.9868 0.1618 0.0021
vn 0.7535 -0.2466 0.6095
vn 0.7126 -0.3466 0.6099
vn 0.7920 -0.0487 0.6086
vn 0.7794 -0.1472 0.6089
vn 0.7793 0.1480 0.6089
vn 0.7793 0.1480 0.6090
vn 0.7919 0.0495 0.6086
vn 0.7125 0.3468 0.6099
vn 0.7533 0.2471 0.6095
vn 0.5903 0.5292 0.6095
vn 0.6565 0.4439 0.6099
vn 0.4382 0.6615 0.6086
vn 0.5172 0.6014 0.6089
vn 0.2615 0.7489 0.6089
vn 0.3531 0.7106 0.6086
vn 0.0559 0.7905 0.6099
vn 0.0560 0.7905 0.6099
vn 0.1626 0.7759 0.6095
vn -0.1632 0.7758 0.6095
vn -0.0562 0.7905 0.6099
vn -0.0561 0.7905 0.6099
vn -0.3538 0.7102 0.6086
vn -0.2622 0.7486 0.6089
vn -0.5178 0.6009 0.6089
vn -0.5178 0.6009 0.6090
vn -0.4388 0.6611 0.6086
vn -0.6566 0.4437 0.6099
vn -0.5907 0.5288 0.6095
vn -0.7535 0.2466 0.6095
vn -0.7126 0.3466 0.6099
vn -0.7920 0.0487 0.6086
vn -0.7794 0.1472 0.6089
vn -0.7793 -0.1480 0.6089
vn -0.7919 -0.0495 0.6086
vn -0.7125 -0.3468 0.6099
vn -0.7533 -0.2471 0.6095
vn -0.5903 -0.5292 0.6095
vn -0.6565 -0.4438 0.6099
vn -0.6565 -0.4439 0.6099
vn -0.4382 -0.6615 0.6086
vn -0.5172 -0.6014 0.6089
vn -0.2615 -0.7489 0.6089
vn -0.3531 -0.7106 0.6086
vn -0.0559 -0.7905 0.6099
vn -0.0560 -0.7905 0.6099
vn -0.1626 -0.7759 0.6095
vn -0.1627 -0.7759 0.6095
vn 0.1632 -0.7758 0.6095
vn 0.0561 -0.7905 0.6099
vn 0.3538 -0.7102 0.6086
vn 0.2622 -0.7486 0.6089
vn 0.5178 -0.6009 0.6090
vn 0.5178 -0.6009 0.6089
vn 0.4389 -0.6611 0.6086
vn 0.4388 -0.6611 0.6086
vn 0.6566 -0.4437 0.6099
vn 0.5907 -0.5288 0.6095
vn 0.8966 -0.2609 0.3577
vn 0.8967 -0.2609 0.3577
vn 0.7508 -0.2185 0.6234
vn 0.7344 -0.2677 0.6237
vn 0.8773 -0.3197 0.3580
vn 0.7499 -0.2182 0.6245
vn 0.7336 -0.2674 0.6248
vn 0.7472 -0.2445 0.6180
vn 0.7135 -0.3166 0.6250
vn 0.6894 -0.3658 0.6252
vn 0.7069 -0.3438 0.6181
vn 0.8534 -0.3787 0.3582
vn 0.7144 -0.3169 0.6239
vn 0.7143 -0.3170 0.6239
vn 0.6903 -0.3662 0.6240
vn 0.6902 -0.3662 0.6241
vn 0.8247 -0.4375 0.3583
vn 0.8247 -0.4376 0.3583
vn 0.9336 -0.0284 0.3571
vn 0.7822 -0.0238 0.6226
vn 0.7791 -0.0722 0.6227
vn 0.7792 -0.0722 0.6226
vn 0.9301 -0.0862 0.3572
vn 0.9301 -0.0862 0.3571
vn 0.7813 -0.0238 0.6237
vn 0.7783 -0.0721 0.6238
vn 0.7851 -0.0483 0.6175
vn 0.7720 -0.1206 0.6240
vn 0.7627 -0.1693 0.6242
vn 0.7728 -0.1460 0.6177
vn 0.9228 -0.1442 0.3573
vn 0.7730 -0.1208 0.6228
vn 0.7636 -0.1695 0.6230
vn 0.7636 -0.1695 0.6231
vn 0.9117 -0.2024 0.3575
vn 0.9115 0.2032 0.3575
vn 0.7634 0.1702 0.6231
vn 0.7728 0.1215 0.6229
vn 0.7729 0.1215 0.6228
vn 0.9227 0.1451 0.3573
vn 0.7625 0.1700 0.6242
vn 0.7719 0.1214 0.6240
vn 0.7726 0.1467 0.6177
vn 0.7782 0.0729 0.6238
vn 0.7813 0.0246 0.6237
vn 0.7851 0.0491 0.6175
vn 0.9300 0.0871 0.3572
vn 0.9300 0.0871 0.3571
vn 0.7791 0.0730 0.6226
vn 0.7791 0.0730 0.6227
vn 0.7822 0.0246 0.6225
vn 0.7821 0.0246 0.6226
vn 0.9336 0.0294 0.3571
vn 0.8247 0.4377 0.3583
vn 0.6902 0.3663 0.6241
vn 0.7142 0.3172 0.6239
vn 0.8533 0.3790 0.3582
vn 0.6894 0.3659 0.6252
vn 0.7134 0.3169 0.6250
vn 0.7068 0.3440 0.6181
vn 0.7334 0.2678 0.6248
vn 0.7497 0.2188 0.6245
vn 0.7470 0.2451 0.6180
vn 0.8771 0.3202 0.3580
vn 0.8771 0.3203 0.3580
vn 0.7343 0.2681 0.6237
vn 0.7506 0.2191 0.6234
vn 0.7506 0.2191 0.6233
vn 0.8964 0.2616 0.3577
vn 0.6742 0.6461 0.3577
vn 0.6743 0.6460 0.3577
vn 0.5646 0.5410 0.6234
vn 0.5646 0.5410 0.6233
vn 0.5991 0.5022 0.6236
vn 0.5990 0.5022 0.6237
vn 0.7155 0.5999 0.3580
vn 0.7156 0.5999 0.3579
vn 0.5639 0.5404 0.6245
vn 0.5984 0.5016 0.6248
vn 0.5854 0.5248 0.6180
vn 0.6309 0.4596 0.6251
vn 0.6615 0.4142 0.6252
vn 0.6512 0.4403 0.6181
vn 0.7547 0.5497 0.3582
vn 0.6317 0.4601 0.6239
vn 0.6316 0.4602 0.6239
vn 0.6623 0.4147 0.6241
vn 0.7913 0.4955 0.3583
vn 0.4914 0.7944 0.3571
vn 0.4118 0.6655 0.6225
vn 0.4116 0.6655 0.6226
vn 0.4521 0.6387 0.6227
vn 0.5397 0.7624 0.3571
vn 0.5397 0.7623 0.3571
vn 0.4112 0.6647 0.6237
vn 0.4516 0.6379 0.6238
vn 0.4344 0.6558 0.6174
vn 0.4905 0.6083 0.6240
vn 0.5280 0.5758 0.6242
vn 0.5128 0.5963 0.6177
vn 0.5863 0.7270 0.3573
vn 0.5863 0.7271 0.3573
vn 0.4910 0.6090 0.6229
vn 0.4911 0.6090 0.6228
vn 0.5285 0.5765 0.6231
vn 0.5286 0.5765 0.6231
vn 0.6311 0.6884 0.3575
vn 0.2799 0.8910 0.3575
vn 0.2797 0.8910 0.3575
vn 0.2343 0.7462 0.6231
vn 0.2812 0.7301 0.6229
vn 0.2812 0.7301 0.6228
vn 0.3357 0.8716 0.3573
vn 0.3356 0.8716 0.3573
vn 0.2340 0.7454 0.6242
vn 0.2809 0.7292 0.6240
vn 0.2592 0.7425 0.6177
vn 0.3260 0.7104 0.6238
vn 0.3693 0.6889 0.6237
vn 0.3500 0.7044 0.6175
vn 0.3895 0.8489 0.3572
vn 0.3895 0.8490 0.3571
vn 0.3263 0.7112 0.6227
vn 0.3698 0.6897 0.6226
vn 0.3698 0.6897 0.6225
vn 0.4415 0.8232 0.3571
vn 0.4413 0.8232 0.3571
vn 0.0333 0.9330 0.3583
vn 0.0332 0.9330 0.3583
vn 0.0279 0.7809 0.6241
vn 0.0824 0.7771 0.6239
vn 0.0985 0.9284 0.3582
vn 0.0278 0.7800 0.6252
vn 0.0823 0.7762 0.6251
vn 0.0555 0.7841 0.6181
vn 0.1348 0.7691 0.6248
vn 0.1854 0.7587 0.6245
vn 0.1613 0.7695 0.6180
vn 0.1612 0.9197 0.3580
vn 0.1611 0.9197 0.3580
vn 0.1349 0.7700 0.6237
vn 0.1856 0.7596 0.6234
vn 0.2216 0.9071 0.3577
vn 0.2216 0.9072 0.3577
vn -0.2224 0.9070 0.3577
vn -0.1862 0.7594 0.6234
vn -0.1354 0.7699 0.6236
vn -0.1618 0.9196 0.3580
vn -0.1617 0.9196 0.3580
vn -0.1860 0.7586 0.6245
vn -0.1352 0.7690 0.6248
vn -0.1618 0.7694 0.6180
vn -0.0826 0.7762 0.6251
vn -0.0279 0.7800 0.6252
vn -0.0557 0.7841 0.6181
vn -0.0987 0.9284 0.3582
vn -0.0988 0.9284 0.3582
vn -0.0827 0.7771 0.6239
vn -0.0280 0.7809 0.6241
vn -0.0279 0.7809 0.6241
vn -0.0334 0.9330 0.3583
vn -0.0335 0.9330 0.3583
vn -0.4423 0.8228 0.3571
vn -0.4422 0.8228 0.3571
vn -0.3705 0.6893 0.6226
vn -0.3270 0.7109 0.6227
vn -0.3271 0.7109 0.6227
vn -0.3904 0.8486 0.3571
vn -0.3701 0.6885 0.6237
vn -0.3266 0.7101 0.6238
vn -0.3508 0.7041 0.6175
vn -0.2816 0.7290 0.6240
vn -0.2347 0.7451 0.6242
vn -0.2600 0.7422 0.6177
vn -0.3365 0.8713 0.3573
vn -0.2819 0.7298 0.6228
vn -0.2819 0.7298 0.6229
vn -0.2350 0.7460 0.6231
vn -0.2806 0.8908 0.3575
vn -0.6317 0.6878 0.3575
vn -0.6318 0.6878 0.3575
vn -0.5291 0.5760 0.6231
vn -0.4917 0.6085 0.6228
vn -0.5870 0.7265 0.3573
vn -0.5285 0.5753 0.6242
vn -0.4911 0.6078 0.6240
vn -0.5133 0.5958 0.6177
vn -0.4522 0.6375 0.6238
vn -0.4119 0.6643 0.6237
vn -0.4350 0.6553 0.6175
vn -0.5404 0.7618 0.3571
vn -0.4527 0.6382 0.6227
vn -0.4124 0.6651 0.6226
vn -0.4922 0.7939 0.3571
vn -0.4923 0.7938 0.3571
vn -0.7913 0.4954 0.3583
vn -0.7914 0.4953 0.3583
vn -0.6623 0.4146 0.6241
vn -0.6624 0.4146 0.6240
vn -0.6318 0.4599 0.6239
vn -0.7549 0.5494 0.3581
vn -0.7548 0.5495 0.3582
vn -0.6615 0.4141 0.6252
vn -0.6311 0.4594 0.6250
vn -0.6513 0.4401 0.6181
vn -0.5986 0.5013 0.6248
vn -0.5644 0.5399 0.6245
vn -0.5857 0.5244 0.6180
vn -0.7159 0.5995 0.3580
vn -0.5993 0.5018 0.6237
vn -0.5651 0.5405 0.6233
vn -0.5650 0.5405 0.6234
vn -0.6748 0.6455 0.3577
vn -0.8966 0.2609 0.3577
vn -0.7508 0.2185 0.6234
vn -0.7344 0.2677 0.6237
vn -0.7345 0.2677 0.6236
vn -0.8773 0.3197 0.3580
vn -0.7499 0.2182 0.6245
vn -0.7336 0.2673 0.6248
vn -0.7472 0.2445 0.6180
vn -0.7135 0.3166 0.6251
vn -0.6894 0.3658 0.6252
vn -0.7069 0.3438 0.6181
vn -0.8534 0.3787 0.3582
vn -0.7144 0.3170 0.6239
vn -0.6903 0.3662 0.6240
vn -0.6902 0.3662 0.6241
vn -0.8247 0.4376 0.3583
vn -0.9337 0.0284 0.3571
vn -0.9336 0.0284 0.3571
vn -0.7822 0.0238 0.6226
vn -0.7792 0.0722 0.6226
vn -0.7792 0.0722 0.6227
vn -0.9301 0.0862 0.3571
vn -0.9301 0.0862 0.3572
vn -0.7813 0.0238 0.6237
vn -0.7782 0.0721 0.6238
vn -0.7851 0.0483 0.6174
vn -0.7721 0.1206 0.6240
vn -0.7627 0.1693 0.6242
vn -0.7728 0.1460 0.6177
vn -0.9228 0.1442 0.3573
vn -0.7730 0.1208 0.6228
vn -0.7730 0.1208 0.6229
vn -0.7636 0.1695 0.6231
vn -0.9117 0.2024 0.3575
vn -0.9115 -0.2032 0.3575
vn -0.7634 -0.1702 0.6231
vn -0.7729 -0.1215 0.6228
vn -0.7728 -0.1215 0.6229
vn -0.9227 -0.1451 0.3573
vn -0.7625 -0.1700 0.6242
vn -0.7720 -0.1214 0.6240
vn -0.7726 -0.1467 0.6177
vn -0.7782 -0.0729 0.6238
vn -0.7813 -0.0246 0.6237
vn -0.7851 -0.0491 0.6175
vn -0.9300 -0.0871 0.3572
vn -0.9300 -0.0872 0.3572
vn -0.7791 -0.0730 0.6227
vn -0.7822 -0.0246 0.6226
vn -0.7822 -0.0246 0.6225
vn -0.9336 -0.0294 0.3571
vn -0.8247 -0.4377 0.3583
vn -0.6902 -0.3663 0.6241
vn -0.7142 -0.3172 0.6239
vn -0.8533 -0.3790 0.3582
vn -0.6894 -0.3659 0.6252
vn -0.7134 -0.3168 0.6250
vn -0.7068 -0.3440 0.6182
vn -0.7334 -0.2678 0.6248
vn -0.7498 -0.2188 0.6245
vn -0.7470 -0.2451 0.6180
vn -0.8771 -0.3203 0.3580
vn -0.7343 -0.2681 0.6237
vn -0.7506 -0.2191 0.6234
vn -0.7506 -0.2191 0.6233
vn -0.8964 -0.2616 0.3577
vn -0.6743 -0.6461 0.3577
vn -0.5646 -0.5410 0.6234
vn -0.5990 -0.5022 0.6237
vn -0.7155 -0.5999 0.3580
vn -0.7156 -0.5999 0.3580
vn -0.5639 -0.5404 0.6245
vn -0.5983 -0.5016 0.6248
vn -0.5854 -0.5248 0.6180
vn -0.6309 -0.4596 0.6251
vn -0.6615 -0.4142 0.6252
vn -0.6512 -0.4403 0.6181
vn -0.7547 -0.5497 0.3582
vn -0.6317 -0.4601 0.6239
vn -0.6623 -0.4147 0.6241
vn -0.7913 -0.4955 0.3583
vn -0.7913 -0.4954 0.3583
vn -0.4914 -0.7944 0.3571
vn -0.4117 -0.6655 0.6226
vn -0.4521 -0.6387 0.6227
vn -0.4522 -0.6386 0.6227
vn -0.5397 -0.7624 0.3571
vn -0.5397 -0.7623 0.3571
vn -0.4112 -0.6648 0.6237
vn -0.4516 -0.6379 0.6238
vn -0.4344 -0.6558 0.6174
vn -0.4905 -0.6083 0.6240
vn -0.5279 -0.5759 0.6242
vn -0.5128 -0.5962 0.6177
vn -0.5863 -0.7271 0.3573
vn -0.4911 -0.6090 0.6228
vn -0.5286 -0.5765 0.6231
vn -0.5285 -0.5766 0.6231
vn -0.6311 -0.6884 0.3575
vn -0.2799 -0.8910 0.3575
vn -0.2797 -0.8910 0.3575
vn -0.2342 -0.7462 0.6231
vn -0.2344 -0.7462 0.6231
vn -0.2812 -0.7301 0.6228
vn -0.3356 -0.8716 0.3573
vn -0.3357 -0.8716 0.3573
vn -0.2341 -0.7454 0.6242
vn -0.2809 -0.7292 0.6240
vn -0.2593 -0.7425 0.6177
vn -0.3259 -0.7104 0.6238
vn -0.3694 -0.6889 0.6237
vn -0.3500 -0.7044 0.6175
vn -0.3895 -0.8490 0.3572
vn -0.3896 -0.8489 0.3571
vn -0.3263 -0.7112 0.6227
vn -0.3698 -0.6897 0.6226
vn -0.4414 -0.8232 0.3571
vn -0.0333 -0.9330 0.3583
vn -0.0334 -0.9330 0.3583
vn -0.0280 -0.7809 0.6241
vn -0.0278 -0.7809 0.6241
vn -0.0824 -0.7771 0.6239
vn -0.0823 -0.7771 0.6239
vn -0.0983 -0.9285 0.3582
vn -0.0985 -0.9284 0.3582
vn -0.0278 -0.7800 0.6252
vn -0.0822 -0.7762 0.6251
vn -0.0555 -0.7841 0.6181
vn -0.1348 -0.7691 0.6248
vn -0.1853 -0.7587 0.6245
vn -0.1613 -0.7695 0.6180
vn -0.1612 -0.9197 0.3580
vn -0.1350 -0.7699 0.6237
vn -0.1350 -0.7700 0.6237
vn -0.1855 -0.7596 0.6234
vn -0.2216 -0.9071 0.3577
vn -0.2217 -0.9071 0.3577
vn 0.2223 -0.9070 0.3577
vn 0.2224 -0.9070 0.3577
vn 0.1862 -0.7594 0.6234
vn 0.1354 -0.7699 0.6237
vn 0.1355 -0.7699 0.6237
vn 0.1617 -0.9196 0.3580
vn 0.1618 -0.9196 0.3580
vn 0.1860 -0.7585 0.6245
vn 0.1353 -0.7690 0.6248
vn 0.1618 -0.7694 0.6180
vn 0.0825 -0.7762 0.6251
vn 0.0279 -0.7800 0.6252
vn 0.0557 -0.7841 0.6181
vn 0.0987 -0.9284 0.3582
vn 0.0988 -0.9284 0.3582
vn 0.0827 -0.7771 0.6239
vn 0.0826 -0.7771 0.6239
vn 0.0280 -0.7809 0.6240
vn 0.0279 -0.7809 0.6241
vn 0.0334 -0.9330 0.3583
vn 0.0335 -0.9330 0.3583
vn 0.4422 -0.8228 0.3571
vn 0.4423 -0.8227 0.3571
vn 0.3704 -0.6893 0.6226
vn 0.3706 -0.6893 0.6226
vn 0.3271 -0.7109 0.6226
vn 0.3904 -0.8486 0.3572
vn 0.3904 -0.8486 0.3571
vn 0.3701 -0.6885 0.6237
vn 0.3266 -0.7101 0.6238
vn 0.3508 -0.7041 0.6175
vn 0.2816 -0.7290 0.6240
vn 0.2347 -0.7451 0.6242
vn 0.2600 -0.7422 0.6177
vn 0.3365 -0.8713 0.3573
vn 0.2818 -0.7298 0.6228
vn 0.2819 -0.7298 0.6228
vn 0.2350 -0.7460 0.6231
vn 0.2806 -0.8908 0.3575
vn 0.6317 -0.6878 0.3575
vn 0.6318 -0.6878 0.3575
vn 0.5291 -0.5760 0.6231
vn 0.4917 -0.6086 0.6228
vn 0.5870 -0.7265 0.3573
vn 0.5869 -0.7265 0.3573
vn 0.5285 -0.5754 0.6242
vn 0.4910 -0.6079 0.6240
vn 0.5134 -0.5958 0.6177
vn 0.4523 -0.6374 0.6238
vn 0.4119 -0.6643 0.6237
vn 0.4350 -0.6553 0.6175
vn 0.5405 -0.7618 0.3572
vn 0.5404 -0.7618 0.3572
vn 0.4527 -0.6382 0.6227
vn 0.4528 -0.6382 0.6227
vn 0.4123 -0.6651 0.6226
vn 0.4124 -0.6651 0.6226
vn 0.4922 -0.7939 0.3571
vn 0.7913 -0.4954 0.3583
vn 0.7914 -0.4953 0.3583
vn 0.6624 -0.4146 0.6240
vn 0.6623 -0.4146 0.6241
vn 0.6318 -0.4599 0.6239
vn 0.7549 -0.5495 0.3582
vn 0.7549 -0.5494 0.3581
vn 0.6616 -0.4141 0.6252
vn 0.6311 -0.4594 0.6251
vn 0.6513 -0.4401 0.6181
vn 0.5986 -0.5013 0.6248
vn 0.5643 -0.5399 0.6245
vn 0.5857 -0.5244 0.6180
vn 0.7159 -0.5994 0.3579
vn 0.7159 -0.5995 0.3580
vn 0.5993 -0.5018 0.6237
vn 0.5994 -0.5018 0.6236
vn 0.5651 -0.5405 0.6234
vn 0.5650 -0.5405 0.6234
vn 0.6748 -0.6455 0.3577
vn 0.9335 -0.3403 0.1128
vn 0.9541 -0.2776 0.1128
vn 0.9429 -0.3086 0.1258
vn 0.8777 -0.4657 0.1130
vn 0.9082 -0.4030 0.1129
vn 0.8920 -0.4339 0.1266
vn 0.9894 -0.0917 0.1125
vn 0.9932 -0.0302 0.1125
vn 0.9903 -0.0609 0.1247
vn 0.9700 -0.2153 0.1127
vn 0.9817 -0.1534 0.1126
vn 0.9749 -0.1842 0.1250
vn 0.9816 0.1543 0.1126
vn 0.9698 0.2162 0.1127
vn 0.9747 0.1851 0.1250
vn 0.9932 0.0312 0.1125
vn 0.9893 0.0927 0.1126
vn 0.9903 0.0619 0.1247
vn 0.9081 0.4034 0.1129
vn 0.8777 0.4658 0.1130
vn 0.8919 0.4341 0.1265
vn 0.9538 0.2784 0.1128
vn 0.9333 0.3408 0.1128
vn 0.9426 0.3092 0.1257
vn 0.7614 0.6384 0.1128
vn 0.7174 0.6875 0.1128
vn 0.7387 0.6622 0.1258
vn 0.8421 0.5273 0.1130
vn 0.8031 0.5850 0.1129
vn 0.8218 0.5556 0.1266
vn 0.5742 0.8109 0.1126
vn 0.5227 0.8450 0.1125
vn 0.5479 0.8272 0.1247
vn 0.6715 0.7324 0.1127
vn 0.6236 0.7736 0.1126
vn 0.6469 0.7522 0.1250
vn 0.3572 0.9272 0.1126
vn 0.2977 0.9480 0.1127
vn 0.3271 0.9367 0.1250
vn 0.4695 0.8757 0.1125
vn 0.4143 0.9031 0.1125
vn 0.4415 0.8885 0.1247
vn 0.1047 0.9881 0.1129
vn 0.0354 0.9930 0.1130
vn 0.0701 0.9895 0.1265
vn 0.2358 0.9652 0.1128
vn 0.1716 0.9787 0.1128
vn 0.2035 0.9710 0.1257
vn -0.1721 0.9786 0.1129
vn -0.2366 0.9650 0.1127
vn -0.2042 0.9708 0.1258
vn -0.0355 0.9930 0.1130
vn -0.1051 0.9880 0.1129
vn -0.0703 0.9895 0.1266
vn -0.4152 0.9027 0.1126
vn -0.4705 0.8752 0.1125
vn -0.4424 0.8881 0.1247
vn -0.2985 0.9477 0.1127
vn -0.3580 0.9269 0.1126
vn -0.3280 0.9364 0.1250
vn -0.6245 0.7729 0.1126
vn -0.6722 0.7318 0.1127
vn -0.6476 0.7516 0.1250
vn -0.5236 0.8445 0.1125
vn -0.5749 0.8104 0.1126
vn -0.5488 0.8266 0.1247
vn -0.8034 0.5847 0.1129
vn -0.8422 0.5272 0.1130
vn -0.8219 0.5554 0.1265
vn -0.7181 0.6868 0.1128
vn -0.7618 0.6379 0.1129
vn -0.7391 0.6617 0.1257
vn -0.9335 0.3402 0.1128
vn -0.9541 0.2776 0.1128
vn -0.9428 0.3086 0.1258
vn -0.8777 0.4657 0.1130
vn -0.9082 0.4030 0.1129
vn -0.8920 0.4339 0.1266
vn -0.9894 0.0917 0.1126
vn -0.9932 0.0302 0.1125
vn -0.9903 0.0609 0.1247
vn -0.9700 0.2153 0.1127
vn -0.9817 0.1534 0.1126
vn -0.9749 0.1842 0.1250
vn -0.9816 -0.1543 0.1126
vn -0.9698 -0.2162 0.1127
vn -0.9747 -0.1851 0.1250
vn -0.9932 -0.0312 0.1125
vn -0.9893 -0.0927 0.1126
vn -0.9903 -0.0619 0.1247
vn -0.9081 -0.4033 0.1129
vn -0.8776 -0.4658 0.1130
vn -0.8919 -0.4341 0.1265
vn -0.9538 -0.2784 0.1128
vn -0.9333 -0.3408 0.1128
vn -0.9426 -0.3092 0.1257
vn -0.7614 -0.6384 0.1128
vn -0.7174 -0.6875 0.1128
vn -0.7387 -0.6622 0.1258
vn -0.8422 -0.5272 0.1130
vn -0.8031 -0.5850 0.1129
vn -0.8218 -0.5556 0.1266
vn -0.5741 -0.8110 0.1126
vn -0.5227 -0.8450 0.1125
vn -0.5479 -0.8272 0.1247
vn -0.6715 -0.7324 0.1127
vn -0.6237 -0.7735 0.1126
vn -0.6469 -0.7522 0.1250
vn -0.3571 -0.9273 0.1126
vn -0.2977 -0.9480 0.1127
vn -0.3271 -0.9367 0.1250
vn -0.4695 -0.8757 0.1125
vn -0.4143 -0.9031 0.1126
vn -0.4416 -0.8885 0.1247
vn -0.1048 -0.9881 0.1129
vn -0.0354 -0.9930 0.1130
vn -0.0700 -0.9895 0.1265
vn -0.2358 -0.9652 0.1128
vn -0.1714 -0.9787 0.1128
vn -0.2035 -0.9710 0.1257
vn 0.1721 -0.9786 0.1128
vn 0.2368 -0.9650 0.1128
vn 0.2042 -0.9708 0.1258
vn 0.0356 -0.9930 0.1130
vn 0.1051 -0.9880 0.1129
vn 0.0703 -0.9895 0.1266
vn 0.4153 -0.9027 0.1125
vn 0.4704 -0.8752 0.1125
vn 0.4424 -0.8881 0.1247
vn 0.2984 -0.9478 0.1127
vn 0.3580 -0.9269 0.1126
vn 0.3280 -0.9364 0.1250
vn 0.6244 -0.7729 0.1126
vn 0.6722 -0.7318 0.1127
vn 0.6477 -0.7516 0.1250
vn 0.5237 -0.8445 0.1125
vn 0.5749 -0.8104 0.1126
vn 0.5488 -0.8266 0.1247
vn 0.8033 -0.5848 0.1129
vn 0.8422 -0.5272 0.1130
vn 0.8219 -0.5554 0.1265
vn 0.7180 -0.6869 0.1128
vn 0.7618 -0.6379 0.1129
vn 0.7391 -0.6617 0.1257
vn 0.7443 -0.3299 0.5806
vn 0.7652 -0.2784 0.5805
vn 0.7823 -0.2272 0.5801
vn 0.7444 0.3299 0.5805
vn 0.7191 -0.3814 0.5808
vn 0.8147 0.0251 0.5793
vn 0.8114 0.0753 0.5796
vn 0.8147 -0.0251 0.5794
vn 0.7953 0.1762 0.5801
vn 0.7823 0.2272 0.5800
vn 0.8052 0.1257 0.5795
vn 0.8115 -0.0754 0.5794
vn 0.8051 -0.1257 0.5796
vn 0.7651 0.2784 0.5806
vn 0.6899 0.4321 0.5808
vn -0.0293 0.8135 0.5808
vn 0.0293 0.8135 0.5808
vn -0.0864 0.8096 0.5806
vn 0.7191 0.3814 0.5808
vn 0.6579 0.4797 0.5806
vn 0.2937 0.7602 0.5795
vn -0.1415 0.8019 0.5805
vn 0.0865 0.8096 0.5805
vn 0.1944 0.7911 0.5799
vn 0.1414 0.8018 0.5806
vn 0.2450 0.7768 0.5801
vn 0.6237 0.5234 0.5805
vn 0.7954 -0.1762 0.5799
vn 0.7675 -0.2512 0.5898
vn 0.7942 -0.1500 0.5889
vn 0.5114 0.6344 0.5796
vn 0.5503 0.6007 0.5799
vn 0.8071 -0.0496 0.5884
vn 0.8070 0.0504 0.5883
vn 0.7255 -0.3529 0.5908
vn 0.7940 0.1508 0.5889
vn 0.7255 0.3531 0.5908
vn 0.7673 0.2517 0.5898
vn 0.6012 0.5391 0.5898
vn 0.5270 0.6128 0.5889
vn 0.5879 0.5639 0.5801
vn 0.6684 0.4519 0.5908
vn 0.4710 0.6651 0.5794
vn 0.0569 0.8048 0.5908
vn 0.3856 0.7182 0.5793
vn 0.4291 0.6930 0.5794
vn -0.3405 0.7405 0.5794
vn -0.3856 0.7180 0.5794
vn -0.2938 0.7601 0.5796
vn -0.2451 0.7769 0.5799
vn 0.3405 0.7404 0.5796
vn 0.3598 0.7241 0.5884
vn 0.1657 0.7904 0.5898
vn 0.2664 0.7630 0.5889
vn -0.1662 0.7902 0.5898
vn -0.2672 0.7628 0.5889
vn -0.1944 0.7910 0.5801
vn -0.0572 0.8048 0.5908
vn 0.4465 0.6741 0.5884
vn -0.3606 0.7238 0.5884
vn -0.7191 0.3814 0.5808
vn -0.6899 0.4321 0.5808
vn -0.7443 0.3299 0.5806
vn -0.7191 -0.3814 0.5808
vn -0.7652 0.2784 0.5805
vn -0.6579 0.4797 0.5806
vn -0.8147 -0.0251 0.5793
vn -0.6237 0.5234 0.5806
vn -0.7444 -0.3299 0.5805
vn -0.8052 -0.1257 0.5795
vn -0.7953 -0.1762 0.5800
vn -0.8114 -0.0753 0.5796
vn -0.7651 -0.2784 0.5806
vn -0.6899 -0.4321 0.5809
vn 0.0864 -0.8096 0.5806
vn 0.0293 -0.8135 0.5808
vn 0.6899 -0.4321 0.5809
vn -0.6579 -0.4796 0.5806
vn -0.0865 -0.8096 0.5806
vn -0.1415 -0.8018 0.5806
vn 0.1415 -0.8019 0.5805
vn 0.6579 -0.4797 0.5805
vn -0.0293 -0.8135 0.5808
vn -0.6237 -0.5235 0.5805
vn 0.6237 -0.5234 0.5806
vn -0.7824 -0.2272 0.5799
vn -0.7954 0.1762 0.5799
vn -0.8051 0.1257 0.5796
vn -0.8115 0.0753 0.5794
vn -0.5503 -0.6007 0.5799
vn -0.5878 -0.5639 0.5801
vn -0.5115 0.6345 0.5795
vn -0.4710 0.6651 0.5796
vn -0.4472 0.6737 0.5884
vn -0.5276 0.6123 0.5889
vn -0.6017 0.5387 0.5898
vn -0.5502 0.6006 0.5801
vn -0.6685 0.4517 0.5908
vn -0.7822 0.2272 0.5801
vn -0.5879 0.5639 0.5799
vn -0.4291 0.6930 0.5793
vn -0.5115 -0.6344 0.5796
vn -0.2450 -0.7768 0.5801
vn 0.2451 -0.7769 0.5799
vn 0.2938 -0.7601 0.5796
vn 0.3856 -0.7180 0.5794
vn 0.4291 -0.6930 0.5793
vn 0.3405 -0.7405 0.5794
vn -0.2937 -0.7602 0.5795
vn -0.1944 -0.7911 0.5799
vn -0.4291 -0.6930 0.5794
vn -0.4710 -0.6651 0.5794
vn 0.1944 -0.7910 0.5801
vn -0.3856 -0.7182 0.5793
vn -0.3405 -0.7404 0.5796
vn 0.5115 -0.6345 0.5795
vn 0.4710 -0.6650 0.5796
vn 0.5502 -0.6006 0.5801
vn 0.5880 -0.5639 0.5799
vn -0.8147 0.0251 0.5794
vn -0.7255 0.3529 0.5908
vn 0.8985 -0.4370 0.0401
vn 0.9496 -0.3108 0.0400
vn 0.9973 -0.0613 0.0399
vn 0.9817 0.1864 0.0397
vn 0.9973 0.0623 0.0398
vn 0.9818 -0.1854 0.0399
vn 0.8984 0.4372 0.0401
vn 0.7440 0.6670 0.0400
vn 0.8277 0.5597 0.0401
vn 0.5517 0.8331 0.0399
vn 0.3295 0.9433 0.0397
vn 0.4446 0.8948 0.0398
vn 0.6515 0.7576 0.0399
vn 0.9494 0.3115 0.0399
vn 0.0705 0.9967 0.0401
vn -0.0708 0.9967 0.0401
vn -0.7675 0.2512 0.5898
vn -0.8071 0.0496 0.5884
vn -0.7942 0.1500 0.5889
vn -0.3303 0.9430 0.0399
vn -0.5526 0.8325 0.0398
vn -0.4455 0.8944 0.0399
vn -0.7445 0.6665 0.0399
vn -0.8985 0.4370 0.0401
vn -0.8279 0.5594 0.0401
vn -0.6522 0.7570 0.0397
vn -0.2057 0.9778 0.0400
vn 0.2050 0.9780 0.0399
vn 0.9973 -0.0616 0.0400
vn 0.6514 0.7577 0.0400
vn 0.4453 0.8945 0.0401
vn 0.3305 0.9429 0.0402
vn 0.5520 0.8329 0.0400
vn 0.9973 0.0616 0.0401
vn 0.2061 0.9777 0.0404
vn 0.9498 0.3103 0.0404
vn 0.9498 -0.3103 0.0402
vn 0.8986 0.4368 0.0404
vn 0.7436 0.6674 0.0402
vn 0.8276 0.5598 0.0402
vn 0.9819 0.1852 0.0402
vn 0.9819 -0.1852 0.0400
vn -0.6513 0.7577 0.0402
vn -0.4453 0.8945 0.0400
vn -0.5520 0.8329 0.0401
vn -0.9973 0.0616 0.0400
vn -0.9818 0.1855 0.0399
vn -0.8276 0.5599 0.0404
vn -0.7436 0.6674 0.0404
vn -0.3305 0.9429 0.0400
vn -0.2061 0.9777 0.0402
vn -0.8987 0.4368 0.0402
vn -0.9819 0.1852 0.0400
vn -0.9498 0.3103 0.0402
vn -0.9496 0.3108 0.0400
vn -0.0710 0.9967 0.0402
vn 0.0711 0.9967 0.0403
vn 0.8987 -0.4368 0.0402
vn -0.9973 0.0613 0.0399
vn -0.7940 -0.1508 0.5889
vn -0.7673 -0.2517 0.5898
vn -0.6684 -0.4519 0.5908
vn -0.5270 -0.6128 0.5889
vn -0.6013 -0.5391 0.5898
vn -0.7255 -0.3531 0.5908
vn -0.9973 -0.0623 0.0398
vn -0.9494 -0.3115 0.0399
vn -0.9817 -0.1864 0.0397
vn -0.8278 -0.5596 0.0401
vn -0.6515 -0.7576 0.0399
vn -0.7440 -0.6670 0.0400
vn -0.8984 -0.4373 0.0401
vn -0.3598 -0.7241 0.5884
vn -0.2664 -0.7630 0.5889
vn -0.0569 -0.8048 0.5908
vn 0.1662 -0.7902 0.5898
vn 0.0571 -0.8048 0.5908
vn -0.1657 -0.7904 0.5898
vn 0.3606 -0.7238 0.5884
vn -0.4446 -0.8948 0.0398
vn 0.5276 -0.6123 0.5889
vn 0.6685 -0.4517 0.5908
vn 0.6017 -0.5387 0.5898
vn 0.4472 -0.6737 0.5884
vn 0.2672 -0.7628 0.5889
vn -0.5517 -0.8331 0.0399
vn -0.4465 -0.6741 0.5884
vn -0.5520 -0.8329 0.0400
vn -0.4453 -0.8945 0.0401
vn -0.2050 -0.9780 0.0399
vn -0.3294 -0.9433 0.0397
vn -0.0706 -0.9967 0.0401
vn -0.3305 -0.9429 0.0402
vn -0.6513 -0.7577 0.0400
vn -0.8987 -0.4368 0.0404
vn -0.8276 -0.5599 0.0402
vn -0.7436 -0.6674 0.0402
vn -0.0711 -0.9967 0.0404
vn -0.2061 -0.9777 0.0404
vn -0.9498 -0.3103 0.0404
vn -0.9819 -0.1852 0.0402
vn 0.0708 -0.9967 0.0401
vn 0.2057 -0.9778 0.0400
vn 0.4456 -0.8943 0.0399
vn 0.3303 -0.9430 0.0399
vn 0.6523 -0.7570 0.0397
vn 0.8279 -0.5594 0.0401
vn 0.7445 -0.6665 0.0399
vn 0.5526 -0.8325 0.0398
vn 0.4453 -0.8945 0.0400
vn 0.2062 -0.9777 0.0402
vn 0.3305 -0.9429 0.0400
vn 0.6513 -0.7577 0.0402
vn 0.8276 -0.5599 0.0404
vn 0.7436 -0.6674 0.0404
vn 0.5520 -0.8329 0.0401
vn 0.0711 -0.9967 0.0402
vn -0.9973 -0.0616 0.0401
vn -0.8070 -0.0504 0.5883
vn 0.6587 0.7524 -0.0000
vn 0.5550 0.8319 -0.0000
vn 0.4429 0.8966 -0.0000
vn 0.3223 0.9466 -0.0000
vn 0.1942 0.9810 -0.0000
vn -0.0647 0.9979 -0.0000
vn -0.1942 0.9810 -0.0000
vn -0.3223 0.9466 -0.0000
vn -0.4429 0.8966 -0.0000
vn -0.5550 0.8318 -0.0000
vn -0.6587 0.7524 -0.0000
vn -0.7524 0.6587 -0.0000
vn -0.8319 0.5550 -0.0000
vn -0.8966 0.4429 -0.0000
vn -0.9466 0.3223 -0.0000
vn -0.9810 0.1942 -0.0000
vn -0.9979 0.0647 -0.0000
vn -0.9979 -0.0647 -0.0000
vn -0.9810 -0.1942 -0.0000
vn -0.9466 -0.3223 -0.0000
vn -0.8966 -0.4429 -0.0000
vn -0.8318 -0.5550 -0.0000
vn -0.7524 -0.6587 -0.0000
vn -0.6587 -0.7524 -0.0000
vn -0.5550 -0.8319 -0.0000
vn -0.4429 -0.8966 -0.0000
vn -0.3223 -0.9466 -0.0000
vn -0.1942 -0.9810 -0.0000
vn -0.0647 -0.9979 -0.0000
vn 0.0647 -0.9979 -0.0000
vn 0.1942 -0.9810 -0.0000
vn 0.3223 -0.9466 -0.0000
vn 0.4429 -0.8966 -0.0000
vn 0.5550 -0.8318 -0.0000
vn 0.6587 -0.7524 -0.0000
vn 0.7524 -0.6587 -0.0000
vn 0.8319 -0.5550 -0.0000
vn 0.8966 -0.4429 -0.0000
vn 0.9466 -0.3223 -0.0000
vn 0.9810 -0.1942 -0.0000
vn 0.9979 -0.0647 -0.0000
vn 0.9979 0.0647 -0.0000
vn 0.9810 0.1942 -0.0000
vn 0.9466 0.3223 -0.0000
vn 0.8966 0.4429 -0.0000
vn 0.8318 0.5550 -0.0000
vn 0.7524 0.6587 -0.0000
vn -0.5550 0.8319 -0.0000
vn -0.3222 -0.9467 -0.0000
vn 0.5550 -0.8319 -0.0000
vn 0.6335 0.7738 -0.0011
vn 0.6831 0.7303 -0.0011
vn 0.6585 0.7523 0.0212
vn 0.5277 0.8494 -0.0011
vn 0.5817 0.8134 -0.0011
vn 0.5549 0.8317 0.0208
vn 0.4136 0.9105 -0.0011
vn 0.4717 0.8817 -0.0011
vn 0.4428 0.8964 0.0208
vn 0.2909 0.9568 -0.0011
vn 0.3533 0.9355 -0.0011
vn 0.3222 0.9464 0.0212
vn 0.1618 0.9868 -0.0011
vn 0.2265 0.9740 -0.0011
vn 0.1942 0.9807 0.0212
vn 0.0323 0.9995 -0.0011
vn 0.0970 0.9953 -0.0011
vn 0.0647 0.9977 0.0208
vn -0.0970 0.9953 -0.0011
vn -0.0323 0.9995 -0.0011
vn -0.0647 0.9977 0.0208
vn -0.2265 0.9740 -0.0011
vn -0.1618 0.9868 -0.0011
vn -0.1942 0.9807 0.0212
vn -0.3534 0.9355 -0.0011
vn -0.2909 0.9568 -0.0011
vn -0.3222 0.9464 0.0212
vn -0.4718 0.8817 -0.0011
vn -0.4136 0.9105 -0.0011
vn -0.4428 0.8964 0.0208
vn -0.5816 0.8134 -0.0011
vn -0.5278 0.8494 -0.0011
vn -0.5549 0.8317 0.0208
vn -0.6831 0.7303 -0.0011
vn -0.6335 0.7737 -0.0011
vn -0.6585 0.7522 0.0212
vn -0.7737 0.6335 -0.0011
vn -0.7303 0.6831 -0.0011
vn -0.7523 0.6585 0.0212
vn -0.8494 0.5277 -0.0011
vn -0.8134 0.5817 -0.0011
vn -0.8317 0.5549 0.0208
vn -0.9105 0.4136 -0.0011
vn -0.8818 0.4717 -0.0011
vn -0.8964 0.4428 0.0208
vn -0.9568 0.2909 -0.0011
vn -0.9355 0.3533 -0.0011
vn -0.9464 0.3222 0.0212
vn -0.9868 0.1617 -0.0011
vn -0.9740 0.2265 -0.0011
vn -0.9807 0.1942 0.0212
vn -0.9995 0.0323 -0.0011
vn -0.9953 0.0970 -0.0011
vn -0.9977 0.0647 0.0208
vn -0.9953 -0.0970 -0.0011
vn -0.9995 -0.0324 -0.0011
vn -0.9977 -0.0647 0.0208
vn -0.9740 -0.2265 -0.0011
vn -0.9868 -0.1618 -0.0011
vn -0.9807 -0.1942 0.0212
vn -0.9355 -0.3533 -0.0011
vn -0.9568 -0.2908 -0.0011
vn -0.9464 -0.3222 0.0212
vn -0.8817 -0.4717 -0.0011
vn -0.9104 -0.4136 -0.0011
vn -0.8964 -0.4428 0.0208
vn -0.8134 -0.5817 -0.0011
vn -0.8494 -0.5278 -0.0011
vn -0.8317 -0.5549 0.0208
vn -0.7303 -0.6832 -0.0011
vn -0.7737 -0.6335 -0.0011
vn -0.7523 -0.6585 0.0212
vn -0.6335 -0.7737 -0.0011
vn -0.6832 -0.7303 -0.0011
vn -0.6585 -0.7523 0.0212
vn -0.5277 -0.8494 -0.0011
vn -0.5816 -0.8134 -0.0011
vn -0.5549 -0.8317 0.0208
vn -0.4136 -0.9105 -0.0011
vn -0.4717 -0.8817 -0.0011
vn -0.4428 -0.8964 0.0208
vn -0.2909 -0.9568 -0.0011
vn -0.3533 -0.9355 -0.0011
vn -0.3222 -0.9464 0.0212
vn -0.1618 -0.9868 -0.0011
vn -0.2265 -0.9740 -0.0011
vn -0.1942 -0.9807 0.0212
vn -0.0324 -0.9995 -0.0011
vn -0.0970 -0.9953 -0.0011
vn -0.0647 -0.9977 0.0208
vn 0.0971 -0.9953 -0.0011
vn 0.0324 -0.9995 -0.0011
vn 0.0647 -0.9977 0.0209
vn 0.2265 -0.9740 -0.0011
vn 0.1617 -0.9868 -0.0011
vn 0.1942 -0.9807 0.0212
vn 0.3533 -0.9355 -0.0011
vn 0.2909 -0.9568 -0.0011
vn 0.3222 -0.9464 0.0212
vn 0.4718 -0.8817 -0.0011
vn 0.4137 -0.9104 -0.0011
vn 0.4428 -0.8964 0.0208
vn 0.5817 -0.8134 -0.0011
vn 0.5277 -0.8494 -0.0011
vn 0.5549 -0.8317 0.0208
vn 0.6832 -0.7302 -0.0011
vn 0.6335 -0.7737 -0.0011
vn 0.6585 -0.7523 0.0212
vn 0.7738 -0.6335 -0.0011
vn 0.7303 -0.6832 -0.0011
vn 0.7523 -0.6585 0.0212
vn 0.8494 -0.5277 -0.0011
vn 0.8134 -0.5817 -0.0011
vn 0.8317 -0.5549 0.0208
vn 0.9105 -0.4136 -0.0011
vn 0.8818 -0.4717 -0.0011
vn 0.8964 -0.4428 0.0208
vn 0.9568 -0.2908 -0.0011
vn 0.9355 -0.3533 -0.0011
vn 0.9464 -0.3222 0.0212
vn 0.9868 -0.1617 -0.0011
vn 0.9740 -0.2265 -0.0011
vn 0.9807 -0.1942 0.0212
vn 0.9995 -0.0323 -0.0011
vn 0.9953 -0.0970 -0.0011
vn 0.9977 -0.0647 0.0208
vn 0.9953 0.0970 -0.0011
vn 0.9995 0.0324 -0.0011
vn 0.9977 0.0647 0.0208
vn 0.9740 0.2265 -0.0011
vn 0.9868 0.1618 -0.0011
vn 0.9807 0.1942 0.0212
vn 0.9355 0.3533 -0.0011
vn 0.9568 0.2909 -0.0011
vn 0.9464 0.3222 0.0212
vn 0.8817 0.4717 -0.0011
vn 0.9104 0.4136 -0.0011
vn 0.8964 0.4428 0.0208
vn 0.8134 0.5817 -0.0011
vn 0.8494 0.5278 -0.0011
vn 0.8317 0.5549 0.0208
vn 0.7303 0.6832 -0.0011
vn 0.7738 0.6335 -0.0011
vn 0.7522 0.6585 0.0212
vn 0.4030 0.4922 -0.7716
vn 0.6304 0.7699 -0.0988
vn 0.6304 0.7700 -0.0988
vn 0.6798 0.7267 -0.0988
vn 0.4346 0.4645 -0.7716
vn 0.3357 0.5404 -0.7715
vn 0.5251 0.8453 -0.0988
vn 0.5252 0.8452 -0.0988
vn 0.5788 0.8095 -0.0988
vn 0.3700 0.5175 -0.7716
vn 0.3700 0.5175 -0.7715
vn 0.2631 0.5792 -0.7716
vn 0.4116 0.9060 -0.0988
vn 0.4694 0.8774 -0.0988
vn 0.3001 0.5609 -0.7715
vn 0.3001 0.5610 -0.7715
vn 0.1850 0.6086 -0.7716
vn 0.2894 0.9521 -0.0988
vn 0.3516 0.9309 -0.0988
vn 0.2248 0.5951 -0.7716
vn 0.2247 0.5951 -0.7716
vn 0.1029 0.6278 -0.7716
vn 0.1609 0.9820 -0.0988
vn 0.1610 0.9820 -0.0988
vn 0.2254 0.9692 -0.0988
vn 0.1441 0.6196 -0.7716
vn 0.0205 0.6359 -0.7715
vn 0.0206 0.6359 -0.7715
vn 0.0322 0.9946 -0.0988
vn 0.0321 0.9946 -0.0988
vn 0.0965 0.9904 -0.0988
vn 0.0966 0.9904 -0.0988
vn 0.0617 0.6332 -0.7715
vn -0.0617 0.6332 -0.7715
vn -0.0965 0.9904 -0.0988
vn -0.0966 0.9904 -0.0988
vn -0.0322 0.9946 -0.0988
vn -0.0206 0.6359 -0.7715
vn -0.1441 0.6196 -0.7716
vn -0.2254 0.9692 -0.0988
vn -0.2254 0.9693 -0.0988
vn -0.1610 0.9820 -0.0988
vn -0.1029 0.6278 -0.7716
vn -0.2248 0.5951 -0.7716
vn -0.3516 0.9309 -0.0988
vn -0.3517 0.9309 -0.0988
vn -0.2894 0.9521 -0.0988
vn -0.1851 0.6086 -0.7716
vn -0.1850 0.6086 -0.7716
vn -0.3001 0.5609 -0.7715
vn -0.3001 0.5610 -0.7715
vn -0.4694 0.8774 -0.0988
vn -0.4695 0.8774 -0.0988
vn -0.4116 0.9060 -0.0988
vn -0.2632 0.5792 -0.7715
vn -0.2631 0.5792 -0.7716
vn -0.3701 0.5175 -0.7715
vn -0.5789 0.8094 -0.0988
vn -0.5788 0.8094 -0.0988
vn -0.5252 0.8452 -0.0988
vn -0.3358 0.5404 -0.7715
vn -0.3357 0.5404 -0.7715
vn -0.4346 0.4645 -0.7716
vn -0.6798 0.7267 -0.0988
vn -0.6304 0.7699 -0.0988
vn -0.6304 0.7700 -0.0988
vn -0.4030 0.4922 -0.7716
vn -0.4922 0.4030 -0.7716
vn -0.7699 0.6304 -0.0988
vn -0.7700 0.6304 -0.0988
vn -0.7267 0.6798 -0.0988
vn -0.4645 0.4346 -0.7716
vn -0.4646 0.4346 -0.7716
vn -0.5404 0.3357 -0.7715
vn -0.8453 0.5251 -0.0988
vn -0.8453 0.5252 -0.0988
vn -0.8094 0.5788 -0.0988
vn -0.8095 0.5788 -0.0988
vn -0.5175 0.3700 -0.7715
vn -0.5792 0.2631 -0.7715
vn -0.9060 0.4116 -0.0988
vn -0.8774 0.4694 -0.0988
vn -0.5610 0.3001 -0.7715
vn -0.5609 0.3001 -0.7716
vn -0.6086 0.1850 -0.7716
vn -0.9521 0.2894 -0.0988
vn -0.9309 0.3516 -0.0988
vn -0.5951 0.2248 -0.7716
vn -0.6278 0.1029 -0.7716
vn -0.9820 0.1609 -0.0988
vn -0.9820 0.1610 -0.0988
vn -0.9692 0.2254 -0.0988
vn -0.6196 0.1441 -0.7716
vn -0.6359 0.0206 -0.7715
vn -0.9946 0.0322 -0.0988
vn -0.9904 0.0965 -0.0988
vn -0.6332 0.0617 -0.7715
vn -0.6332 0.0617 -0.7716
vn -0.6332 -0.0617 -0.7715
vn -0.6332 -0.0617 -0.7716
vn -0.9904 -0.0966 -0.0988
vn -0.9946 -0.0322 -0.0988
vn -0.6358 -0.0206 -0.7715
vn -0.6359 -0.0206 -0.7715
vn -0.6196 -0.1441 -0.7716
vn -0.9692 -0.2254 -0.0988
vn -0.9820 -0.1610 -0.0988
vn -0.6278 -0.1029 -0.7716
vn -0.5951 -0.2248 -0.7716
vn -0.9309 -0.3516 -0.0988
vn -0.9521 -0.2894 -0.0988
vn -0.6086 -0.1850 -0.7716
vn -0.5609 -0.3001 -0.7715
vn -0.5610 -0.3001 -0.7715
vn -0.8774 -0.4694 -0.0988
vn -0.9060 -0.4116 -0.0988
vn -0.5792 -0.2631 -0.7716
vn -0.5792 -0.2631 -0.7715
vn -0.5175 -0.3701 -0.7715
vn -0.5174 -0.3701 -0.7716
vn -0.8094 -0.5788 -0.0988
vn -0.8452 -0.5252 -0.0988
vn -0.5404 -0.3358 -0.7715
vn -0.4646 -0.4346 -0.7716
vn -0.4645 -0.4346 -0.7716
vn -0.7267 -0.6798 -0.0988
vn -0.7700 -0.6304 -0.0988
vn -0.4922 -0.4030 -0.7716
vn -0.4030 -0.4922 -0.7716
vn -0.6304 -0.7700 -0.0988
vn -0.6798 -0.7267 -0.0988
vn -0.4346 -0.4645 -0.7716
vn -0.4346 -0.4646 -0.7716
vn -0.3357 -0.5404 -0.7715
vn -0.3358 -0.5404 -0.7715
vn -0.5252 -0.8452 -0.0988
vn -0.5788 -0.8095 -0.0988
vn -0.5788 -0.8094 -0.0988
vn -0.3701 -0.5175 -0.7715
vn -0.3700 -0.5175 -0.7716
vn -0.2631 -0.5792 -0.7715
vn -0.4116 -0.9060 -0.0988
vn -0.4694 -0.8774 -0.0988
vn -0.3001 -0.5610 -0.7715
vn -0.1850 -0.6086 -0.7716
vn -0.2894 -0.9521 -0.0988
vn -0.2895 -0.9521 -0.0988
vn -0.3516 -0.9309 -0.0988
vn -0.2248 -0.5951 -0.7716
vn -0.1029 -0.6278 -0.7716
vn -0.1609 -0.9820 -0.0988
vn -0.1610 -0.9820 -0.0988
vn -0.2254 -0.9692 -0.0988
vn -0.1440 -0.6196 -0.7716
vn -0.1441 -0.6196 -0.7716
vn -0.0206 -0.6359 -0.7715
vn -0.0322 -0.9946 -0.0988
vn -0.0321 -0.9946 -0.0988
vn -0.0965 -0.9904 -0.0988
vn -0.0966 -0.9904 -0.0988
vn -0.0617 -0.6332 -0.7715
vn -0.0618 -0.6332 -0.7716
vn 0.0618 -0.6332 -0.7716
vn 0.0617 -0.6332 -0.7716
vn 0.0965 -0.9904 -0.0988
vn 0.0966 -0.9904 -0.0988
vn 0.0322 -0.9946 -0.0988
vn 0.0206 -0.6358 -0.7715
vn 0.0206 -0.6359 -0.7715
vn 0.1441 -0.6196 -0.7716
vn 0.2254 -0.9692 -0.0988
vn 0.1610 -0.9820 -0.0988
vn 0.1029 -0.6278 -0.7716
vn 0.2248 -0.5951 -0.7716
vn 0.3516 -0.9309 -0.0988
vn 0.3517 -0.9309 -0.0988
vn 0.2894 -0.9521 -0.0988
vn 0.1850 -0.6086 -0.7716
vn 0.3001 -0.5609 -0.7715
vn 0.4694 -0.8774 -0.0988
vn 0.4695 -0.8774 -0.0988
vn 0.4116 -0.9060 -0.0988
vn 0.2631 -0.5792 -0.7716
vn 0.2632 -0.5792 -0.7715
vn 0.3701 -0.5175 -0.7715
vn 0.3700 -0.5175 -0.7716
vn 0.5788 -0.8094 -0.0988
vn 0.5789 -0.8094 -0.0988
vn 0.5252 -0.8452 -0.0988
vn 0.5251 -0.8453 -0.0988
vn 0.3357 -0.5404 -0.7715
vn 0.3358 -0.5404 -0.7715
vn 0.4346 -0.4645 -0.7716
vn 0.6798 -0.7267 -0.0988
vn 0.6304 -0.7699 -0.0988
vn 0.6304 -0.7700 -0.0988
vn 0.4030 -0.4922 -0.7716
vn 0.4922 -0.4030 -0.7716
vn 0.7700 -0.6304 -0.0988
vn 0.7699 -0.6304 -0.0988
vn 0.7267 -0.6798 -0.0988
vn 0.4645 -0.4346 -0.7716
vn 0.4646 -0.4346 -0.7716
vn 0.5404 -0.3357 -0.7715
vn 0.8453 -0.5251 -0.0988
vn 0.8094 -0.5788 -0.0988
vn 0.8095 -0.5788 -0.0988
vn 0.5175 -0.3700 -0.7716
vn 0.5175 -0.3700 -0.7715
vn 0.5792 -0.2631 -0.7715
vn 0.5792 -0.2631 -0.7716
vn 0.9060 -0.4116 -0.0988
vn 0.8774 -0.4694 -0.0988
vn 0.5610 -0.3001 -0.7715
vn 0.6086 -0.1850 -0.7716
vn 0.9521 -0.2894 -0.0988
vn 0.9309 -0.3516 -0.0988
vn 0.5951 -0.2248 -0.7716
vn 0.6278 -0.1029 -0.7716
vn 0.9820 -0.1609 -0.0988
vn 0.9692 -0.2254 -0.0988
vn 0.6196 -0.1441 -0.7716
vn 0.6358 -0.0206 -0.7715
vn 0.6359 -0.0206 -0.7715
vn 0.9946 -0.0322 -0.0988
vn 0.9904 -0.0965 -0.0988
vn 0.6332 -0.0617 -0.7716
vn 0.6332 -0.0617 -0.7715
vn 0.6332 0.0617 -0.7716
vn 0.9904 0.0966 -0.0988
vn 0.9946 0.0322 -0.0988
vn 0.6359 0.0206 -0.7715
vn 0.6358 0.0206 -0.7715
vn 0.6196 0.1441 -0.7716
vn 0.9692 0.2254 -0.0988
vn 0.9820 0.1610 -0.0988
vn 0.6278 0.1029 -0.7716
vn 0.5951 0.2248 -0.7716
vn 0.9309 0.3516 -0.0988
vn 0.9521 0.2894 -0.0988
vn 0.6086 0.1850 -0.7716
vn 0.5609 0.3001 -0.7715
vn 0.8774 0.4694 -0.0988
vn 0.9060 0.4116 -0.0988
vn 0.5792 0.2631 -0.7715
vn 0.5792 0.2631 -0.7716
vn 0.5175 0.3701 -0.7716
vn 0.5175 0.3700 -0.7715
vn 0.8094 0.5788 -0.0988
vn 0.8452 0.5252 -0.0988
vn 0.5404 0.3357 -0.7715
vn 0.4646 0.4346 -0.7716
vn 0.4645 0.4346 -0.7716
vn 0.7267 0.6798 -0.0988
vn 0.7266 0.6799 -0.0988
vn 0.7700 0.6304 -0.0988
vn 0.7699 0.6304 -0.0988
vn 0.4922 0.4030 -0.7716
vn 0.0174 0.0185 -0.9997
vn 0.0161 0.0197 -0.9997
vn 0.0164 0.0187 -0.9997
vn 0.0148 0.0207 -0.9997
vn 0.0134 0.0216 -0.9997
vn 0.0138 0.0207 -0.9997
vn 0.0120 0.0224 -0.9997
vn 0.0105 0.0231 -0.9997
vn 0.0110 0.0223 -0.9997
vn 0.0090 0.0238 -0.9997
vn 0.0074 0.0243 -0.9997
vn 0.0080 0.0236 -0.9997
vn 0.0058 0.0247 -0.9997
vn 0.0041 0.0251 -0.9997
vn 0.0048 0.0244 -0.9997
vn 0.0025 0.0253 -0.9997
vn 0.0008 0.0254 -0.9997
vn 0.0016 0.0249 -0.9997
vn -0.0008 0.0254 -0.9997
vn -0.0025 0.0253 -0.9997
vn -0.0016 0.0249 -0.9997
vn -0.0041 0.0251 -0.9997
vn -0.0058 0.0247 -0.9997
vn -0.0048 0.0244 -0.9997
vn -0.0074 0.0243 -0.9997
vn -0.0090 0.0238 -0.9997
vn -0.0080 0.0236 -0.9997
vn -0.0105 0.0231 -0.9997
vn -0.0120 0.0224 -0.9997
vn -0.0110 0.0223 -0.9997
vn -0.0134 0.0216 -0.9997
vn -0.0148 0.0207 -0.9997
vn -0.0138 0.0207 -0.9997
vn -0.0161 0.0197 -0.9997
vn -0.0174 0.0185 -0.9997
vn -0.0164 0.0187 -0.9997
vn -0.0185 0.0174 -0.9997
vn -0.0197 0.0161 -0.9997
vn -0.0187 0.0164 -0.9997
vn -0.0207 0.0148 -0.9997
vn -0.0216 0.0134 -0.9997
vn -0.0207 0.0138 -0.9997
vn -0.0224 0.0120 -0.9997
vn -0.0231 0.0105 -0.9997
vn -0.0223 0.0110 -0.9997
vn -0.0238 0.0090 -0.9997
vn -0.0243 0.0074 -0.9997
vn -0.0236 0.0080 -0.9997
vn -0.0247 0.0058 -0.9997
vn -0.0251 0.0041 -0.9997
vn -0.0244 0.0048 -0.9997
vn -0.0253 0.0025 -0.9997
vn -0.0254 0.0008 -0.9997
vn -0.0249 0.0016 -0.9997
vn -0.0254 -0.0008 -0.9997
vn -0.0253 -0.0025 -0.9997
vn -0.0249 -0.0016 -0.9997
vn -0.0251 -0.0041 -0.9997
vn -0.0247 -0.0058 -0.9997
vn -0.0244 -0.0048 -0.9997
vn -0.0243 -0.0074 -0.9997
vn -0.0238 -0.0090 -0.9997
vn -0.0236 -0.0080 -0.9997
vn -0.0231 -0.0105 -0.9997
vn -0.0224 -0.0120 -0.9997
vn -0.0223 -0.0110 -0.9997
vn -0.0216 -0.0134 -0.9997
vn -0.0207 -0.0148 -0.9997
vn -0.0207 -0.0138 -0.9997
vn -0.0197 -0.0161 -0.9997
vn -0.0185 -0.0174 -0.9997
vn -0.0187 -0.0164 -0.9997
vn -0.0174 -0.0185 -0.9997
vn -0.0161 -0.0197 -0.9997
vn -0.0164 -0.0187 -0.9997
vn -0.0148 -0.0207 -0.9997
vn -0.0134 -0.0216 -0.9997
vn -0.0138 -0.0207 -0.9997
vn -0.0120 -0.0224 -0.9997
vn -0.0105 -0.0231 -0.9997
vn -0.0110 -0.0223 -0.9997
vn -0.0090 -0.0238 -0.9997
vn -0.0074 -0.0243 -0.9997
vn -0.0080 -0.0236 -0.9997
vn -0.0058 -0.0247 -0.9997
vn -0.0041 -0.0251 -0.9997
vn -0.0048 -0.0244 -0.9997
vn -0.0025 -0.0253 -0.9997
vn -0.0008 -0.0254 -0.9997
vn -0.0016 -0.0249 -0.9997
vn 0.0008 -0.0254 -0.9997
vn 0.0025 -0.0253 -0.9997
vn 0.0016 -0.0249 -0.9997
vn 0.0041 -0.0251 -0.9997
vn 0.0058 -0.0247 -0.9997
vn 0.0048 -0.0244 -0.9997
vn 0.0074 -0.0243 -0.9997
vn 0.0090 -0.0238 -0.9997
vn 0.0080 -0.0236 -0.9997
vn 0.0105 -0.0231 -0.9997
vn 0.0120 -0.0224 -0.9997
vn 0.0110 -0.0223 -0.9997
vn 0.0134 -0.0216 -0.9997
vn 0.0148 -0.0207 -0.9997
vn 0.0138 -0.0207 -0.9997
vn 0.0161 -0.0197 -0.9997
vn 0.0174 -0.0185 -0.9997
vn 0.0164 -0.0187 -0.9997
vn 0.0185 -0.0174 -0.9997
vn 0.0197 -0.0161 -0.9997
vn 0.0187 -0.0164 -0.9997
vn 0.0207 -0.0148 -0.9997
vn 0.0216 -0.0134 -0.9997
vn 0.0207 -0.0138 -0.9997
vn 0.0224 -0.0120 -0.9997
vn 0.0231 -0.0105 -0.9997
vn 0.0223 -0.0110 -0.9997
vn 0.0238 -0.0090 -0.9997
vn 0.0243 -0.0074 -0.9997
vn 0.0236 -0.0080 -0.9997
vn 0.0247 -0.0058 -0.9997
vn 0.0251 -0.0041 -0.9997
vn 0.0244 -0.0048 -0.9997
vn 0.0253 -0.0025 -0.9997
vn 0.0254 -0.0008 -0.9997
vn 0.0249 -0.0016 -0.9997
vn 0.0254 0.0008 -0.9997
vn 0.0253 0.0025 -0.9997
vn 0.0249 0.0016 -0.9997
vn 0.0251 0.0041 -0.9997
vn 0.0247 0.0058 -0.9997
vn 0.0244 0.0048 -0.9997
vn 0.0243 0.0074 -0.9997
vn 0.0238 0.0090 -0.9997
vn 0.0236 0.0080 -0.9997
vn 0.0231 0.0105 -0.9997
vn 0.0224 0.0120 -0.9997
vn 0.0223 0.0110 -0.9997
vn 0.0216 0.0134 -0.9997
vn 0.0207 0.0148 -0.9997
vn 0.0207 0.0138 -0.9997
vn 0.0197 0.0161 -0.9997
vn 0.0185 0.0174 -0.9997
vn 0.0187 0.0164 -0.9997
vn -0.0000 -0.0001 -1.0000
vn 0.0001 -0.0000 -1.0000
vn -0.0000 0.0001 -1.0000
vn -0.0001 -0.0000 -1.0000
vn 0.6832 0.7303 -0.0000
vn 0.6335 0.7737 -0.0000
vn 0.5277 0.8494 -0.0000
vn 0.4136 0.9105 -0.0000
vn 0.4717 0.8818 -0.0000
vn 0.5817 0.8134 -0.0000
vn 0.2908 0.9568 -0.0000
vn 0.1618 0.9868 -0.0000
vn 0.2265 0.9740 -0.0000
vn 0.0323 0.9995 -0.0000
vn -0.0970 0.9953 -0.0000
vn -0.0323 0.9995 -0.0000
vn 0.0970 0.9953 -0.0000
vn 0.3533 0.9355 -0.0000
vn -0.2265 0.9740 -0.0000
vn -0.2908 0.9568 -0.0000
vn -0.4137 0.9104 -0.0000
vn -0.5278 0.8494 -0.0000
vn -0.4717 0.8818 -0.0000
vn -0.3533 0.9355 -0.0000
vn -0.6335 0.7737 -0.0000
vn -0.7303 0.6831 -0.0000
vn -0.6832 0.7303 -0.0000
vn -0.8134 0.5817 -0.0000
vn -0.8817 0.4717 -0.0000
vn -0.8494 0.5277 -0.0000
vn -0.7737 0.6335 -0.0000
vn -0.5817 0.8134 -0.0000
vn -0.1618 0.9868 -0.0000
vn 0.5548 0.8317 -0.0222
vn 0.4428 0.8964 -0.0222
vn 0.1942 0.9807 -0.0226
vn -0.0647 0.9977 -0.0222
vn 0.0647 0.9977 -0.0222
vn 0.3222 0.9464 -0.0226
vn -0.3222 0.9464 -0.0226
vn -0.5549 0.8316 -0.0222
vn -0.4428 0.8963 -0.0222
vn -0.7522 0.6585 -0.0226
vn -0.9096 0.4132 -0.0443
vn -0.8317 0.5548 -0.0222
vn -0.6585 0.7522 -0.0226
vn -0.1942 0.9807 -0.0226
vn -0.9355 0.3533 -0.0000
vn -0.9740 0.2265 -0.0000
vn -0.9568 0.2909 -0.0000
vn -0.9953 0.0970 -0.0000
vn -0.9995 -0.0323 -0.0000
vn -0.9995 0.0323 -0.0000
vn -0.9868 0.1617 -0.0000
vn -0.9807 0.1942 -0.0226
vn -0.9943 -0.0969 -0.0443
vn -0.9977 0.0647 -0.0222
vn -0.9868 -0.1617 -0.0000
vn -0.9730 -0.2263 -0.0451
vn -0.9464 0.3222 -0.0226
vn 0.6585 0.7522 -0.0226
vn -0.9355 -0.3533 -0.0000
vn -0.9105 -0.4136 -0.0000
vn -0.8494 -0.5277 -0.0000
vn -0.7738 -0.6335 -0.0000
vn -0.8134 -0.5817 -0.0000
vn -0.8817 -0.4718 -0.0000
vn -0.6832 -0.7303 -0.0000
vn -0.5817 -0.8134 -0.0000
vn -0.6335 -0.7737 -0.0000
vn -0.4717 -0.8817 -0.0000
vn -0.3534 -0.9355 -0.0000
vn -0.4136 -0.9105 -0.0000
vn -0.5277 -0.8494 -0.0000
vn -0.7302 -0.6832 -0.0000
vn -0.2265 -0.9740 -0.0000
vn -0.1618 -0.9868 -0.0000
vn -0.0323 -0.9995 -0.0000
vn 0.0970 -0.9953 -0.0000
vn 0.0323 -0.9995 -0.0000
vn -0.0970 -0.9953 -0.0000
vn 0.2265 -0.9740 -0.0000
vn 0.3533 -0.9355 -0.0000
vn 0.2909 -0.9568 -0.0000
vn 0.4717 -0.8817 -0.0000
vn 0.5817 -0.8134 -0.0000
vn 0.5277 -0.8494 -0.0000
vn 0.4137 -0.9104 -0.0000
vn 0.1617 -0.9868 -0.0000
vn -0.2909 -0.9568 -0.0000
vn 0.6832 -0.7303 -0.0000
vn 0.7302 -0.6832 -0.0000
vn 0.8134 -0.5817 -0.0000
vn 0.8817 -0.4717 -0.0000
vn 0.8494 -0.5277 -0.0000
vn 0.7737 -0.6335 -0.0000
vn -0.8316 -0.5549 -0.0222
vn 0.6335 -0.7737 -0.0000
vn -0.7522 -0.6585 -0.0226
vn 0.9355 -0.3533 -0.0000
vn 0.9740 -0.2265 -0.0000
vn 0.9568 -0.2908 -0.0000
vn 0.9105 -0.4136 -0.0000
vn -0.8963 -0.4428 -0.0222
vn -0.9464 -0.3222 -0.0226
vn 0.9868 -0.1618 -0.0000
vn 0.9995 -0.0323 -0.0000
vn 0.9953 -0.0970 -0.0000
vn 0.9953 0.0970 -0.0000
vn 0.9740 0.2265 -0.0000
vn 0.9868 0.1618 -0.0000
vn 0.9995 0.0323 -0.0000
vn 0.9355 0.3533 -0.0000
vn 0.8818 0.4717 -0.0000
vn 0.9105 0.4136 -0.0000
vn 0.8134 0.5817 -0.0000
vn 0.7303 0.6831 -0.0000
vn 0.7738 0.6335 -0.0000
vn 0.8494 0.5278 -0.0000
vn 0.9568 0.2909 -0.0000
vn -0.6585 -0.7522 -0.0226
vn -0.9568 -0.2908 -0.0000
vn -0.0002 -0.0003 -1.0000
vn -0.0001 -0.0003 -1.0000
vn -0.0000 -0.0003 -1.0000
vn 0.0001 -0.0003 -1.0000
vn 0.0002 -0.0003 -1.0000
vn 0.0002 -0.0001 -1.0000
vn 0.0002 -0.0002 -1.0000
vn 0.0003 -0.0001 -1.0000
vn -0.5548 -0.8317 -0.0222
vn -0.3222 -0.9464 -0.0226
vn -0.4428 -0.8963 -0.0222
vn 0.0003 -0.0000 -1.0000
vn 0.0003 0.0001 -1.0000
vn 0.0002 0.0001 -1.0000
vn 0.0002 0.0003 -1.0000
vn 0.0002 0.0002 -1.0000
vn -0.0000 -0.0004 -1.0000
vn 0.0003 -0.0002 -1.0000
vn 0.0003 0.0002 -1.0000
vn 0.0001 0.0003 -1.0000
vn -0.0647 -0.9977 -0.0222
vn 0.0647 -0.9977 -0.0222
vn 0.3222 -0.9464 -0.0226
vn 0.5549 -0.8316 -0.0222
vn 0.4428 -0.8963 -0.0222
vn 0.1942 -0.9807 -0.0226
vn -0.0000 0.0003 -1.0000
vn -0.0001 0.0003 -1.0000
vn -0.0002 0.0003 -1.0000
vn 0.6585 -0.7522 -0.0226
vn 0.8317 -0.5549 -0.0222
vn 0.8964 -0.4428 -0.0222
vn 0.9807 -0.1942 -0.0226
vn 0.9977 0.0647 -0.0222
vn 0.9977 -0.0647 -0.0222
vn 0.9464 -0.3222 -0.0226
vn -0.0002 0.0001 -1.0000
vn -0.0002 0.0002 -1.0000
vn 0.8963 0.4428 -0.0222
vn 0.7522 0.6585 -0.0226
vn 0.8316 0.5549 -0.0222
vn 0.9464 0.3222 -0.0226
vn 0.9807 0.1942 -0.0226
vn 0.7522 -0.6585 -0.0226
vn -0.0000 0.0004 -1.0000
vn -0.0003 0.0001 -1.0000
vn -0.0003 0.0002 -1.0000
vn -0.0003 -0.0000 -1.0000
vn -0.0003 -0.0001 -1.0000
vn -0.0002 -0.0001 -1.0000
vn -0.0002 -0.0002 -1.0000
vn -0.0003 -0.0002 -1.0000
vn -0.1941 -0.9807 -0.0226
s 0
f 1//1 2//1 3//1
f 1//1 3//1 4//1
f 4//1 3//1 6//1
f 4//1 6//1 8//1
f 9//1 10//1 11//1
f 9//1 11//1 12//1
f 12//1 11//1 13//1
f 12//1 13//1 14//1
f 15//1 16//1 17//1
f 15//1 17//1 18//1
f 18//1 17//1 10//1
f 18//1 10//1 9//1
f 19//1 20//1 21//1
f 19//1 21//1 22//1
f 22//1 21//1 16//1
f 22//1 16//1 15//1
f 24//2 27//2 28//2
f 24//2 28//2 31//2
f 33//3 30//3 35//3
f 33//3 35//3 37//3
f 41//4 43//4 49//4
f 52//5 56//5 38//5
f 47//6 53//6 40//6
f 56//5 59//5 60//5
f 57//7 61//7 39//7
f 41//4 63//4 64//4
f 42//8 65//8 44//8
f 50//9 46//9 26//9
f 50//9 26//9 23//9
f 69//10 71//10 72//10
f 69//10 72//10 75//10
f 77//11 74//11 55//11
f 77//11 55//11 51//11
f 78//12 79//12 80//12
f 78//12 80//12 81//12
f 81//12 80//12 70//12
f 81//12 70//12 68//12
f 82//12 83//12 84//12
f 82//12 84//12 85//12
f 85//12 84//12 86//12
f 85//12 86//12 87//12
f 88//12 89//12 90//12
f 88//12 90//12 91//12
f 91//12 90//12 83//12
f 91//12 83//12 82//12
f 92//13 94//13 98//13
f 92//13 98//13 101//13
f 99//12 96//12 89//12
f 99//12 89//12 88//12
f 104//14 106//14 108//14
f 104//14 108//14 113//14
f 112//15 116//15 118//15
f 112//15 118//15 103//15
f 108//14 119//14 124//14
f 109//16 125//16 114//16
f 112//15 122//15 127//15
f 112//15 127//15 116//15
s 1
f 115//17 126//17 130//17
s 0
f 115//17 130//17 132//17
f 131//18 128//18 134//18
f 131//18 134//18 95//18
s 1
f 136//17 117//17 115//17
f 136//17 115//17 132//17
s 0
f 131//18 95//18 93//18
f 131//18 93//18 135//18
f 137//19 139//19 144//19
f 137//19 144//19 149//19
f 146//20 141//20 110//20
f 147//21 111//21 107//21
f 150//22 152//22 153//22
f 150//22 153//22 154//22
f 154//22 153//22 140//22
f 154//22 140//22 138//22
f 155//22 156//22 157//22
f 155//22 157//22 158//22
f 158//22 157//22 159//22
f 158//22 159//22 160//22
f 161//22 162//22 163//22
f 161//22 163//22 164//22
f 164//22 163//22 156//22
f 164//22 156//22 155//22
f 165//22 166//22 167//22
f 165//22 167//22 168//22
f 168//22 167//22 162//22
f 168//22 162//22 161//22
s 1
f 171//23 174//23 175//23
s 0
f 171//23 175//23 179//23
f 181//24 177//24 183//24
f 182//25 185//25 187//25
f 192//26 194//26 198//26
f 202//27 207//27 189//27
f 196//28 203//28 190//28
s 1
f 207//27 210//27 212//27
s 0
f 206//29 211//29 188//29
f 192//26 215//26 217//26
f 191//30 216//30 193//30
f 200//31 195//31 173//31
f 199//32 172//32 169//32
f 220//33 222//33 223//33
f 220//33 223//33 227//33
f 229//34 226//34 205//34
f 229//34 205//34 201//34
f 230//35 231//35 232//35
f 230//35 232//35 233//35
f 233//35 232//35 221//35
f 233//35 221//35 219//35
f 234//35 235//35 236//35
f 234//35 236//35 237//35
f 237//35 236//35 238//35
f 237//35 238//35 239//35
f 240//35 241//35 242//35
f 240//35 242//35 243//35
f 243//35 242//35 235//35
f 243//35 235//35 234//35
f 244//36 248//36 252//36
f 244//36 252//36 255//36
f 253//35 250//35 241//35
f 253//35 241//35 240//35
f 257//37 262//37 266//37
f 271//38 274//38 260//38
f 267//39 269//39 258//39
f 274//38 277//38 284//38
f 273//40 283//40 259//40
f 256//41 280//41 287//41
f 257//37 288//37 262//37
s 1
f 261//42 286//42 293//42
f 261//42 293//42 296//42
s 0
f 294//43 291//43 299//43
f 294//43 299//43 249//43
f 294//43 249//43 245//43
s 1
f 265//42 261//42 296//42
s 0
f 246//44 263//44 295//44
f 7//45 5//45 304//45
f 7//45 304//45 308//45
f 306//46 302//46 276//46
f 305//47 275//47 272//47
f 4//1 8//1 313//1
f 314//1 1//1 4//1
f 313//1 314//1 4//1
f 315//1 14//1 1//1
f 315//1 1//1 314//1
f 12//1 14//1 315//1
f 316//1 9//1 12//1
f 315//1 316//1 12//1
f 18//1 9//1 316//1
f 317//1 15//1 18//1
f 316//1 317//1 18//1
f 22//1 15//1 317//1
f 318//1 19//1 22//1
f 317//1 318//1 22//1
f 322//1 36//1 19//1
f 322//1 19//1 318//1
f 325//2 24//2 31//2
f 33//3 37//3 323//3
f 321//48 329//48 327//48
f 326//49 32//49 319//49
f 331//50 335//50 336//50
f 331//50 336//50 338//50
f 335//50 54//50 48//50
f 335//50 48//50 336//50
f 337//9 50//9 23//9
f 337//9 23//9 324//9
f 339//9 337//9 324//9
f 339//9 324//9 328//9
f 77//11 51//11 334//11
f 332//51 330//51 342//51
f 341//10 69//10 75//10
f 76//52 333//52 343//52
f 81//12 68//12 340//12
f 345//12 78//12 81//12
f 340//12 345//12 81//12
f 346//12 347//12 87//12
f 78//12 345//12 346//12
f 87//12 78//12 346//12
f 348//12 349//12 82//12
f 348//12 82//12 85//12
f 85//12 87//12 347//12
f 85//12 347//12 348//12
f 355//53 356//53 360//53
f 358//13 92//13 101//13
f 100//54 366//54 351//54
f 353//55 359//55 102//55
f 364//12 99//12 88//12
f 364//12 88//12 367//12
f 368//56 372//56 377//56
f 368//56 377//56 382//56
f 381//57 375//57 388//57
f 380//58 387//58 391//58
f 377//56 372//56 395//56
f 402//58 387//58 374//58
f 393//59 403//59 376//59
f 392//14 106//14 104//14
f 394//16 105//16 404//16
f 400//15 103//15 118//15
f 400//15 118//15 410//15
f 416//60 386//60 401//60
f 408//61 420//61 411//61
f 399//62 409//62 413//62
f 427//63 418//63 407//63
f 431//64 436//64 423//64
f 405//65 432//65 424//65
f 406//17 117//17 136//17
s 1
f 406//17 136//17 433//17
s 0
f 429//18 135//18 93//18
f 429//18 93//18 363//18
f 439//66 434//66 430//66
f 361//67 357//67 437//67
f 428//68 362//68 438//68
f 441//69 422//69 435//69
f 443//64 436//64 450//64
f 446//66 434//66 439//66
f 448//70 440//70 455//70
f 451//67 437//67 357//67
f 451//67 357//67 458//67
f 461//19 137//19 149//19
f 461//19 149//19 468//19
f 396//71 373//71 469//71
f 473//72 465//72 148//72
f 147//21 107//21 398//21
f 397//73 471//73 145//73
f 475//22 476//22 155//22
f 475//22 155//22 158//22
f 158//22 160//22 477//22
f 158//22 477//22 475//22
f 478//22 479//22 161//22
f 478//22 161//22 164//22
f 164//22 155//22 476//22
f 164//22 476//22 478//22
f 168//22 161//22 479//22
f 480//22 165//22 168//22
f 479//22 480//22 168//22
f 484//22 186//22 165//22
f 484//22 165//22 480//22
f 488//23 171//23 179//23
f 182//25 187//25 485//25
f 483//74 493//74 490//74
f 489//75 180//75 481//75
f 495//76 499//76 500//76
f 495//76 500//76 503//76
f 499//76 204//76 197//76
f 499//76 197//76 500//76
f 502//31 200//31 170//31
f 501//32 169//32 486//32
f 505//31 502//31 487//31
f 504//32 486//32 491//32
f 229//34 201//34 498//34
f 496//77 494//77 508//77
f 507//33 220//33 227//33
f 228//78 497//78 509//78
f 233//35 219//35 506//35
f 511//35 230//35 233//35
f 506//35 511//35 233//35
f 512//35 239//35 230//35
f 512//35 230//35 511//35
f 237//35 239//35 512//35
f 513//35 234//35 237//35
f 512//35 513//35 237//35
f 243//35 234//35 513//35
f 514//35 240//35 243//35
f 513//35 514//35 243//35
f 520//36 244//36 255//36
f 253//35 240//35 514//35
f 515//79 522//79 518//79
f 519//80 254//80 516//80
s 1
f 524//81 526//81 531//81
s 0
f 524//81 531//81 533//81
f 526//81 270//81 268//81
f 526//81 268//81 531//81
f 530//82 264//82 247//82
f 530//82 247//82 521//82
f 532//82 530//82 521//82
f 532//82 521//82 523//82
f 305//47 272//47 527//47
f 529//83 525//83 311//83
f 312//45 7//45 308//45
f 307//84 528//84 309//84
f 534//1 535//1 314//1
f 313//1 537//1 534//1
f 314//1 313//1 534//1
f 538//1 315//1 314//1
f 538//1 314//1 535//1
f 539//1 540//1 316//1
f 315//1 538//1 539//1
f 316//1 315//1 539//1
f 541//1 542//1 317//1
f 316//1 540//1 541//1
f 317//1 316//1 541//1
f 543//1 544//1 318//1
f 317//1 542//1 543//1
f 318//1 317//1 543//1
f 545//1 322//1 318//1
f 545//1 318//1 544//1
f 547//2 551//2 553//2
f 555//48 329//48 321//48
f 323//3 546//3 549//3
f 548//85 554//85 320//85
f 559//50 563//50 564//50
f 559//50 564//50 567//50
f 563//50 331//50 338//50
f 563//50 338//50 564//50
f 565//9 339//9 328//9
f 565//9 328//9 552//9
f 569//9 565//9 552//9
f 569//9 552//9 550//9
f 562//11 556//11 572//11
f 570//10 574//10 341//10
f 342//51 330//51 560//51
f 561//86 571//86 344//86
f 575//12 576//12 577//12
f 577//12 345//12 340//12
f 340//12 573//12 575//12
f 575//12 577//12 340//12
f 578//12 346//12 345//12
f 578//12 345//12 577//12
f 579//22 476//22 475//22
f 579//22 475//22 580//22
f 582//22 583//22 584//22
f 582//22 584//22 586//22
f 583//22 479//22 478//22
f 583//22 478//22 584//22
f 584//22 478//22 476//22
f 584//22 476//22 579//22
f 583//22 582//22 588//22
f 588//22 589//22 480//22
f 480//22 479//22 583//22
f 583//22 588//22 480//22
f 591//22 484//22 480//22
f 591//22 480//22 589//22
f 593//23 599//23 602//23
f 604//74 493//74 483//74
f 485//25 592//25 596//25
f 594//87 603//87 482//87
f 608//76 612//76 613//76
f 608//76 613//76 617//76
f 612//76 495//76 503//76
f 612//76 503//76 613//76
f 615//31 505//31 492//31
f 614//32 491//32 600//32
f 620//31 615//31 601//31
f 619//32 600//32 597//32
f 611//34 605//34 623//34
f 621//33 625//33 507//33
f 508//77 494//77 609//77
f 610//88 622//88 510//88
f 626//35 627//35 511//35
f 506//35 624//35 626//35
f 511//35 506//35 626//35
f 628//35 512//35 511//35
f 628//35 511//35 627//35
f 629//35 630//35 513//35
f 512//35 628//35 629//35
f 513//35 512//35 629//35
f 631//35 632//35 514//35
f 513//35 630//35 631//35
f 514//35 513//35 631//35
f 635//36 636//36 642//36
f 640//79 522//79 515//79
f 514//35 632//35 633//35
f 634//89 641//89 517//89
f 645//81 649//81 654//81
f 645//81 654//81 660//81
f 649//81 524//81 533//81
f 649//81 533//81 654//81
f 653//82 532//82 523//82
f 653//82 523//82 643//82
f 656//82 653//82 643//82
f 656//82 643//82 639//82
f 650//47 647//47 661//47
f 664//45 536//45 312//45
f 311//83 525//83 652//83
f 651//90 663//90 310//90
f 665//1 535//1 534//1
f 665//1 534//1 666//1
f 666//1 534//1 537//1
f 666//1 537//1 668//1
f 669//1 540//1 539//1
f 669//1 539//1 670//1
f 670//1 539//1 538//1
f 670//1 538//1 671//1
f 672//1 542//1 541//1
f 672//1 541//1 673//1
f 673//1 541//1 540//1
f 673//1 540//1 669//1
f 674//1 544//1 543//1
f 674//1 543//1 675//1
f 675//1 543//1 542//1
f 675//1 542//1 672//1
f 677//2 551//2 547//2
f 677//2 547//2 678//2
f 680//3 549//3 546//3
f 680//3 546//3 682//3
f 684//5 687//5 688//5
f 685//7 689//7 693//7
f 695//4 691//4 696//4
f 695//4 696//4 698//4
f 688//5 687//5 557//5
f 568//4 696//4 691//4
f 558//91 566//91 690//91
f 697//9 569//9 550//9
f 697//9 550//9 676//9
f 701//10 574//10 570//10
f 701//10 570//10 702//10
f 704//11 572//11 556//11
f 704//11 556//11 686//11
f 705//12 576//12 575//12
f 706//12 707//12 705//12
f 575//12 706//12 705//12
f 706//12 575//12 573//12
f 706//12 573//12 700//12
f 708//12 709//12 710//12
f 711//12 712//12 708//12
f 710//12 711//12 708//12
f 713//12 714//12 715//12
f 713//12 715//12 716//12
f 576//12 705//12 717//12
f 715//12 717//12 705//12
f 707//12 716//12 715//12
f 705//12 707//12 715//12
f 713//12 716//12 718//12
f 710//12 709//12 713//12
f 718//12 710//12 713//12
f 718//12 716//12 707//12
f 718//12 707//12 719//12
f 720//22 722//22 724//22
f 582//22 586//22 720//22
f 724//22 582//22 720//22
f 725//22 727//22 722//22
f 720//22 728//22 725//22
f 723//92 721//92 726//92
f 720//22 586//22 731//22
f 720//22 731//22 728//22
f 727//22 725//22 734//22
f 727//22 734//22 736//22
f 734//22 725//22 728//22
f 736//22 734//22 737//22
f 736//22 737//22 740//22
f 742//22 722//22 727//22
f 742//22 727//22 743//22
f 736//22 740//22 744//22
f 743//22 727//22 736//22
f 744//22 743//22 736//22
f 745//22 589//22 588//22
f 745//22 588//22 746//22
f 746//22 588//22 582//22
f 746//22 582//22 724//22
f 749//23 599//23 593//23
f 749//23 593//23 750//23
f 752//24 595//24 590//24
f 753//25 592//25 755//25
f 759//27 761//27 763//27
f 758//29 762//29 767//29
f 770//30 765//30 772//30
f 771//26 773//26 776//26
f 763//27 761//27 606//27
f 618//26 773//26 766//26
f 607//93 616//93 764//93
f 775//31 620//31 598//31
f 774//32 597//32 747//32
f 780//33 625//33 621//33
f 780//33 621//33 781//33
f 784//34 623//34 605//34
f 784//34 605//34 760//34
f 785//35 627//35 626//35
f 785//35 626//35 786//35
f 786//35 626//35 624//35
f 786//35 624//35 779//35
f 787//35 630//35 629//35
f 787//35 629//35 788//35
f 788//35 629//35 628//35
f 788//35 628//35 789//35
f 790//35 632//35 631//35
f 790//35 631//35 791//35
f 791//35 631//35 630//35
f 791//35 630//35 787//35
f 792//36 636//36 635//36
f 792//36 635//36 796//36
f 794//35 633//35 632//35
f 794//35 632//35 790//35
f 798//38 801//38 807//38
f 797//40 806//40 811//40
f 808//41 803//41 814//41
f 809//37 815//37 818//37
f 807//38 801//38 646//38
f 658//37 815//37 804//37
f 644//94 659//94 805//94
f 821//42 813//42 657//42
f 637//43 793//43 819//43
f 655//95 638//95 820//95
f 816//42 813//42 821//42
f 817//96 822//96 826//96
f 823//43 819//43 793//43
f 823//43 793//43 828//43
f 667//45 536//45 664//45
f 667//45 664//45 832//45
f 830//46 662//46 648//46
f 829//47 647//47 802//47
f 3//1 834//1 838//1
f 838//1 6//1 3//1
f 840//1 834//1 2//1
f 840//1 2//1 13//1
f 842//1 840//1 11//1
f 842//1 11//1 10//1
f 844//1 21//1 846//1
f 849//1 846//1 20//1
f 849//1 20//1 34//1
f 17//1 844//1 842//1
f 3//1 2//1 834//1
f 13//1 2//1 1//1
f 13//1 1//1 14//1
f 842//1 10//1 17//1
f 840//1 13//1 11//1
f 844//1 16//1 21//1
f 34//1 20//1 19//1
f 34//1 19//1 36//1
f 850//3 35//3 30//3
f 846//1 21//1 20//1
f 844//1 17//1 16//1
f 854//97 848//97 29//97
f 67//9 858//9 852//9
f 860//98 73//98 867//98
f 863//99 856//99 62//99
f 862//5 60//5 59//5
f 868//12 870//12 79//12
f 868//12 79//12 86//12
f 874//100 97//100 876//100
f 98//13 133//13 877//13
f 872//12 880//12 83//12
f 872//12 83//12 90//12
f 870//12 864//12 80//12
f 870//12 80//12 79//12
f 25//101 45//101 66//101
f 84//12 880//12 868//12
f 26//9 67//9 852//9
f 74//11 861//11 58//11
f 883//102 879//102 129//102
f 128//18 878//18 134//18
s 1
f 884//17 130//17 126//17
s 0
f 885//15 127//15 122//15
f 888//103 886//103 123//103
f 64//4 63//4 857//4
f 27//2 853//2 28//2
f 58//11 55//11 74//11
f 864//12 70//12 80//12
f 866//10 72//10 71//10
f 86//12 79//12 78//12
f 86//12 78//12 87//12
f 880//12 84//12 83//12
f 868//12 86//12 84//12
f 349//12 367//12 91//12
f 367//12 88//12 91//12
f 349//12 91//12 82//12
f 872//12 90//12 89//12
f 894//104 897//104 352//104
f 893//105 350//105 365//105
f 908//106 417//106 426//106
s 1
f 917//107 412//107 421//107
s 0
f 356//53 355//53 457//53
f 133//13 98//13 94//13
f 899//108 452//108 459//108
f 447//109 454//109 920//109
f 900//110 919//110 453//110
f 442//111 449//111 921//111
f 898//112 456//112 354//112
f 419//113 912//113 916//113
f 907//114 425//114 445//114
f 918//115 930//115 414//115
f 415//116 932//116 385//116
f 906//117 444//117 922//117
f 389//118 384//118 931//118
f 367//12 892//12 364//12
f 872//12 89//12 96//12
f 143//119 936//119 891//119
f 940//22 942//22 152//22
f 940//22 152//22 159//22
f 942//22 938//22 153//22
f 163//22 944//22 946//22
f 949//22 952//22 166//22
f 949//22 166//22 184//22
f 954//31 173//31 218//31
f 952//22 944//22 162//22
f 952//22 162//22 167//22
f 946//22 940//22 157//22
f 142//21 121//21 111//21
f 144//19 139//19 937//19
f 140//22 153//22 938//22
f 942//22 153//22 152//22
f 159//22 152//22 150//22
f 159//22 150//22 160//22
f 157//22 156//22 946//22
f 156//22 163//22 946//22
f 159//22 157//22 940//22
f 120//20 141//20 890//20
f 889//14 124//14 119//14
f 956//120 948//120 176//120
f 961//121 963//121 213//121
s 1
f 960//27 212//27 210//27
s 0
f 966//35 232//35 970//35
f 224//122 969//122 958//122
f 972//35 975//35 235//35
f 972//35 235//35 242//35
f 252//36 297//36 979//36
f 983//82 980//82 300//82
f 982//123 298//123 290//123
f 251//124 978//124 974//124
f 987//35 970//35 231//35
f 987//35 231//35 238//35
f 959//125 208//125 225//125
f 292//126 285//126 984//126
f 975//35 987//35 238//35
f 975//35 238//35 236//35
f 993//127 303//127 836//127
f 986//128 282//128 990//128
f 991//38 284//38 277//38
f 985//129 289//129 281//129
f 279//46 302//46 992//46
f 216//30 214//30 964//30
f 218//31 965//31 954//31
f 162//22 944//22 163//22
f 463//22 154//22 138//22
f 150//22 477//22 160//22
f 150//22 154//22 463//22
f 184//22 166//22 165//22
f 184//22 165//22 186//22
f 952//22 167//22 166//22
s 1
f 369//130 383//130 1000//130
s 0
f 934//131 379//131 390//131
f 470//132 371//132 1001//132
f 933//133 999//133 378//133
f 469//71 373//71 370//71
f 460//134 467//134 1009//134
f 474//135 1008//135 466//135
f 464//136 1016//136 151//136
f 1007//137 472//137 1002//137
s 1
f 955//23 175//23 174//23
s 0
f 209//34 205//34 226//34
f 218//31 173//31 195//31
f 966//35 221//35 232//35
f 238//35 231//35 230//35
f 238//35 230//35 239//35
f 970//35 232//35 231//35
f 968//33 223//33 222//33
f 972//35 242//35 241//35
f 297//36 252//36 248//36
f 278//47 275//47 301//47
f 837//45 304//45 5//45
f 972//35 241//35 250//35
f 975//35 236//35 235//35
f 1019//138 462//138 1010//138
f 950//25 185//25 178//25
f 545//1 544//1 674//1
f 545//1 674//1 681//1
f 578//12 577//12 1021//12
f 576//12 1021//12 577//12
f 717//12 1025//12 576//12
f 717//12 715//12 1030//12
f 1021//12 576//12 1025//12
f 1030//12 1025//12 717//12
f 538//1 535//1 665//1
f 538//1 665//1 671//1
f 1036//1 666//1 668//1
f 671//1 665//1 1038//1
f 671//1 1038//1 1040//1
f 1040//1 670//1 671//1
f 665//1 666//1 1038//1
f 1042//1 672//1 673//1
f 1042//1 675//1 672//1
f 673//1 669//1 1044//1
f 669//1 670//1 1044//1
f 1045//12 1030//12 715//12
f 347//12 1049//12 348//12
f 1052//12 367//12 349//12
f 1057//12 1052//12 349//12
f 1057//12 349//12 348//12
f 1052//12 1060//12 367//12
f 892//12 367//12 1060//12
f 150//22 1015//22 477//22
f 578//12 347//12 346//12
f 1064//12 578//12 1021//12
f 1068//12 1045//12 714//12
f 712//12 1071//12 1068//12
f 1045//12 715//12 714//12
f 1049//12 1057//12 348//12
f 578//12 1064//12 1075//12
f 1049//12 347//12 1075//12
f 714//12 709//12 1068//12
f 1075//12 347//12 578//12
f 682//3 1083//3 680//3
f 1085//9 699//9 676//9
f 1086//2 677//2 678//2
f 1090//4 695//4 698//4
f 1095//5 684//5 692//5
f 699//9 697//9 676//9
f 704//11 686//11 683//11
f 681//1 674//1 1098//1
f 681//1 1098//1 1082//1
f 1044//1 1042//1 673//1
f 1042//1 1098//1 675//1
f 1040//1 1044//1 670//1
f 699//9 1085//9 1091//9
f 694//139 1089//139 1096//139
f 679//140 1081//140 1087//140
f 675//1 1098//1 674//1
f 1038//1 666//1 1036//1
f 704//11 683//11 1094//11
f 700//12 1099//12 706//12
f 719//12 707//12 706//12
f 1068//12 709//12 708//12
f 711//12 1103//12 1071//12
f 1105//12 1110//12 1114//12
f 1068//12 708//12 712//12
f 1101//10 701//10 702//10
f 714//12 713//12 709//12
f 1116//12 718//12 719//12
f 710//12 718//12 1116//12
f 1116//12 719//12 706//12
f 1103//12 710//12 1116//12
f 1116//12 706//12 1099//12
f 1110//12 1103//12 1114//12
f 710//12 1103//12 711//12
f 1114//12 1118//12 1105//12
f 1071//12 1103//12 1110//12
f 1102//141 703//141 1093//141
f 711//12 1071//12 712//12
f 1124//22 477//22 1127//22
f 1015//22 1127//22 477//22
f 475//22 477//22 1124//22
f 1132//22 475//22 1124//22
f 1132//22 580//22 475//22
f 1137//22 584//22 579//22
f 580//22 1144//22 579//22
f 1144//22 1137//22 579//22
f 1145//136 581//136 1133//136
f 741//136 738//136 1150//136
f 1156//142 1151//142 739//142
f 744//22 740//22 1149//22
f 734//22 1155//22 737//22
f 730//143 733//143 1161//143
f 729//144 1160//144 1165//144
f 1138//136 1159//136 732//136
f 735//144 729//144 1165//144
f 1155//22 734//22 1164//22
f 731//22 586//22 1137//22
f 587//92 585//92 1139//92
f 1167//22 746//22 724//22
f 724//22 722//22 742//22
f 591//22 589//22 745//22
f 591//22 745//22 754//22
f 628//35 627//35 785//35
f 628//35 785//35 789//35
f 745//22 746//22 1169//22
f 1173//25 753//25 755//25
f 778//31 775//31 748//31
f 749//23 750//23 1177//23
f 1181//33 780//33 781//33
f 1183//35 785//35 786//35
f 789//35 785//35 1183//35
f 789//35 1183//35 1185//35
f 786//35 779//35 1179//35
f 784//34 760//34 757//34
f 754//22 745//22 1169//22
f 754//22 1169//22 1172//22
f 1190//22 1195//22 1199//22
f 1201//22 743//22 744//22
f 1203//22 744//22 1149//22
f 1190//22 1199//22 1203//22
f 743//22 1201//22 742//22
f 776//26 1206//26 771//26
f 768//27 1211//27 759//27
f 751//145 1171//145 1178//145
f 742//22 1167//22 724//22
f 1203//22 1201//22 744//22
f 756//125 1210//125 783//125
f 742//22 1201//22 1167//22
f 747//32 1175//32 777//32
f 1167//22 1169//22 746//22
f 769//146 1205//146 1212//146
f 1179//35 1183//35 786//35
f 1209//147 1182//147 782//147
f 778//31 1176//31 1207//31
f 788//35 789//35 1185//35
f 787//35 1213//35 791//35
f 790//35 1215//35 794//35
f 1220//36 827//36 796//36
f 1215//35 790//35 791//35
f 1035//45 667//45 832//45
f 829//47 802//47 799//47
f 827//36 792//36 796//36
f 1213//35 787//35 788//35
f 825//42 1225//42 816//42
f 1217//148 1219//148 795//148
f 828//43 1221//43 823//43
f 1215//35 791//35 1213//35
f 1222//149 1224//149 824//149
f 1230//38 798//38 812//38
f 810//150 1227//150 1229//150
f 1232//151 1034//151 831//151
f 1226//37 809//37 818//37
f 800//46 1231//46 830//46
f 1213//35 788//35 1185//35
f 1203//22 1149//22 1190//22
f 1015//22 463//22 1020//22
f 1233//152 1234//152 1235//152
f 1233//152 1235//152 1236//152
f 1235//152 1237//152 1238//152
f 1235//152 1238//152 1239//152
f 1240//152 1241//152 1233//152
f 1240//152 1233//152 1242//152
f 1243//152 1242//152 1244//152
f 1240//152 1243//152 1245//152
f 1242//152 1243//152 1240//152
f 1244//152 1246//152 1243//152
f 1247//152 1245//152 1243//152
f 1247//152 1243//152 1246//152
f 1248//152 1249//152 1241//152
f 1248//152 1241//152 1240//152
f 1250//152 1248//152 1240//152
f 1250//152 1240//152 1245//152
f 1251//152 1252//152 1253//152
f 1251//152 1253//152 1249//152
f 1254//152 1255//152 1256//152
f 1254//152 1256//152 1257//152
f 1256//152 1258//152 1250//152
f 1256//152 1250//152 1259//152
f 1238//152 1208//152 1204//152
f 1237//152 1208//152 1238//152
f 1174//152 1238//152 1204//152
f 1239//152 1174//152 1170//152
f 1236//152 1239//152 1170//152
f 1238//152 1174//152 1239//152
f 1237//152 1180//152 1208//152
f 1241//152 1184//152 1234//152
f 1234//152 1184//152 1180//152
f 1239//152 1236//152 1235//152
f 1234//152 1233//152 1241//152
f 1235//152 1234//152 1237//152
f 1242//152 1233//152 1236//152
f 1186//152 1184//152 1241//152
f 1180//152 1237//152 1234//152
f 1168//152 1236//152 1170//152
f 1166//152 1200//152 1242//152
f 1202//152 1242//152 1200//152
f 1244//152 1196//152 1260//152
f 1196//152 1244//152 1202//152
f 1265//152 1244//152 1260//152
f 1166//152 1236//152 1168//152
f 1202//152 1244//152 1242//152
f 1166//152 1242//152 1236//152
f 1115//152 1246//152 1119//152
f 1246//152 1265//152 1119//152
f 1104//152 1247//152 1115//152
f 1246//152 1115//152 1247//152
f 1247//152 1259//152 1250//152
f 1247//152 1250//152 1245//152
f 1244//152 1265//152 1246//152
f 1241//152 1214//152 1186//152
f 1253//152 1216//152 1214//152
f 1252//152 1216//152 1253//152
f 1241//152 1249//152 1253//152
f 1251//152 1249//152 1248//152
f 1033//152 1252//152 1251//152
f 1039//152 1251//152 1248//152
f 1252//152 1218//152 1216//152
f 1252//152 1228//152 1223//152
f 1228//152 1252//152 1033//152
f 1251//152 1037//152 1033//152
f 1037//152 1251//152 1039//152
f 1041//152 1043//152 1248//152
f 1043//152 1039//152 1248//152
f 1252//152 1223//152 1218//152
f 1258//152 1041//152 1248//152
f 1258//152 1248//152 1250//152
f 1259//152 1247//152 1117//152
f 1104//152 1117//152 1247//152
f 1256//152 1259//152 1257//152
f 1259//152 1117//152 1100//152
f 1100//152 1257//152 1259//152
f 1256//152 1255//152 1258//152
f 1254//152 1084//152 1255//152
f 1080//152 1255//152 1084//152
f 1258//152 1255//152 1080//152
f 1092//152 1254//152 1257//152
f 1254//152 1092//152 1088//152
f 1088//152 1084//152 1254//152
f 1100//152 1092//152 1257//152
f 1080//152 1097//152 1258//152
f 1258//152 1097//152 1041//152
f 1241//152 1253//152 1214//152
f 1270//153 1271//153 1272//153
f 1270//153 1272//153 1273//153
f 1274//153 1275//153 1276//153
f 1274//153 1276//153 1277//153
f 1278//153 1279//153 1280//153
f 1278//153 1280//153 1275//153
f 1281//153 1282//153 1270//153
f 1281//153 1270//153 1283//153
f 1284//153 1281//153 1283//153
f 1284//153 1283//153 1279//153
f 1285//153 1286//153 1282//153
f 1285//153 1282//153 1281//153
f 1287//153 1285//153 1281//153
f 1287//153 1281//153 1284//153
f 1288//153 1289//153 1290//153
f 1288//153 1290//153 1286//153
f 1291//153 1292//153 1293//153
f 1291//153 1293//153 1289//153
f 1294//153 1295//153 1287//153
f 1294//153 1287//153 1296//153
f 882//153 887//153 1272//153
f 1272//153 887//153 935//153
f 941//153 1273//153 935//153
f 1273//153 941//153 939//153
f 939//153 945//153 1283//153
f 875//153 882//153 1272//153
f 1271//153 873//153 1272//153
f 875//153 1272//153 873//153
f 1282//153 881//153 1271//153
f 873//153 1271//153 881//153
f 1283//153 1270//153 1273//153
f 1282//153 1271//153 1270//153
f 939//153 1283//153 1273//153
f 1282//153 869//153 881//153
f 935//153 1273//153 1272//153
f 943//153 1283//153 945//153
f 1280//153 947//153 1276//153
f 1280//153 951//153 947//153
f 943//153 951//153 1280//153
f 953//153 1276//153 947//153
f 1277//153 953//153 962//153
f 1274//153 1277//153 957//153
f 962//153 957//153 1277//153
f 1277//153 1276//153 953//153
f 1276//153 1275//153 1280//153
f 1278//153 971//153 1284//153
f 1280//153 1283//153 943//153
f 1274//153 1278//153 1275//153
f 957//153 967//153 1274//153
f 967//153 1278//153 1274//153
f 971//153 1278//153 967//153
f 988//153 1284//153 971//153
f 1279//153 1278//153 1284//153
f 1280//153 1279//153 1283//153
f 1290//153 871//153 1282//153
f 865//153 871//153 1290//153
f 1290//153 1282//153 1286//153
f 1290//153 1289//153 1293//153
f 1293//153 865//153 1290//153
f 1293//153 859//153 865//153
f 855//153 859//153 1292//153
f 1292//153 851//153 855//153
f 1291//153 851//153 1292//153
f 847//153 1291//153 1288//153
f 1291//153 1289//153 1288//153
f 1288//153 845//153 847//153
f 847//153 851//153 1291//153
f 1285//153 1288//153 1286//153
f 859//153 1293//153 1292//153
f 845//153 1288//153 843//153
f 1285//153 1287//153 1295//153
f 1295//153 839//153 1285//153
f 1296//153 1287//153 1284//153
f 973//153 1296//153 976//153
f 1284//153 976//153 1296//153
f 977//153 1294//153 973//153
f 1296//153 973//153 1294//153
f 1294//153 835//153 1295//153
f 988//153 976//153 1284//153
f 833//153 1295//153 835//153
f 1285//153 839//153 841//153
f 839//153 1295//153 833//153
f 981//153 1294//153 977//153
f 989//153 1294//153 981//153
f 1294//153 989//153 835//153
f 843//153 1285//153 841//153
f 843//153 1288//153 1285//153
f 869//153 1282//153 871//153
f 1298//154 1303//154 1312//154
f 1298//154 1312//154 1318//154
f 1314//155 1308//155 1322//155
f 1315//156 1323//156 1328//156
f 1331//157 1333//157 1341//157
f 1331//157 1341//157 1347//157
f 1344//158 1339//158 1351//158
f 1344//158 1351//158 1358//158
f 1340//159 1313//159 1327//159
f 1340//159 1327//159 1352//159
f 1334//160 1297//160 1316//160
f 1335//161 1317//161 1342//161
f 1361//162 1364//162 1373//162
f 1362//163 1374//163 1380//163
f 1377//164 1370//164 1384//164
f 1378//165 1385//165 1392//165
f 1372//166 1343//166 1357//166
f 1371//167 1356//167 1386//167
f 1367//168 1329//168 1346//168
f 1366//169 1345//169 1375//169
f 1395//170 1398//170 1405//170
f 1395//170 1405//170 1412//170
f 1408//171 1402//171 1415//171
f 1409//172 1416//172 1422//172
f 1404//173 1376//173 1391//173
f 1403//174 1390//174 1417//174
f 1400//175 1359//175 1379//175
f 1400//175 1379//175 1406//175
f 1425//176 1428//176 1435//176
s 1
f 1426//177 1436//177 1443//177
s 0
f 1439//178 1433//178 1447//178
f 1440//179 1448//179 1454//179
f 1434//180 1407//180 1421//180
f 1434//180 1421//180 1449//180
f 1430//181 1393//181 1410//181
f 1431//182 1411//182 1437//182
f 1456//183 1438//183 1453//183
f 1456//183 1453//183 1463//183
f 1468//184 1423//184 1442//184
f 1467//185 1441//185 1460//185
f 1472//186 1336//186 1332//186
f 1472//186 1332//186 1480//186
f 1337//187 1474//187 1483//187
s 1
f 1338//188 1484//188 1299//188
s 0
f 1489//189 1365//189 1363//189
f 1489//189 1363//189 1495//189
f 1369//190 1491//190 1478//190
f 1368//191 1477//191 1330//191
f 1497//192 1399//192 1396//192
f 1498//193 1397//193 1504//193
f 1401//194 1500//194 1493//194
s 1
f 1401//194 1493//194 1360//194
s 0
f 1506//195 1429//195 1427//195
f 1506//195 1427//195 1513//195
f 1432//196 1508//196 1502//196
f 1432//196 1502//196 1394//196
f 1518//197 1522//197 1524//197
f 1519//198 1525//198 1532//198
f 1534//199 1527//199 1536//199
f 1535//200 1538//200 1486//200
f 1545//201 1549//201 1553//201
f 1544//202 1552//202 1560//202
f 1562//203 1555//203 1470//203
f 1563//204 1471//204 1479//204
f 1556//205 1533//205 1481//205
f 1557//206 1482//206 1473//206
f 1550//207 1517//207 1530//207
f 1551//208 1531//208 1554//208
f 1567//209 1572//209 1575//209
f 1568//210 1576//210 1582//210
f 1584//211 1578//211 1488//211
f 1584//211 1488//211 1494//211
f 1580//212 1561//212 1476//212
f 1579//213 1475//213 1490//213
f 1574//214 1543//214 1559//214
f 1573//215 1558//215 1577//215
f 1589//216 1593//216 1596//216
f 1588//217 1595//217 1601//217
f 1603//218 1598//218 1496//218
f 1603//218 1496//218 1503//218
f 1599//219 1583//219 1492//219
f 1599//219 1492//219 1499//219
f 1594//220 1566//220 1581//220
f 1594//220 1581//220 1597//220
f 1609//221 1613//221 1616//221
s 1
f 1608//222 1615//222 1622//222
s 0
f 1624//223 1618//223 1505//223
f 1624//223 1505//223 1512//223
f 1619//224 1602//224 1501//224
f 1619//224 1501//224 1507//224
f 1614//225 1587//225 1600//225
f 1614//225 1600//225 1617//225
f 1627//226 1633//226 1636//226
f 1628//227 1637//227 1643//227
s 1
f 1634//228 1623//228 1509//228
s 0
f 1635//229 1510//229 1639//229
f 1649//230 1606//230 1620//230
f 1650//231 1621//231 1632//231
f 1548//232 1655//232 1514//232
f 1664//233 1546//233 1542//233
f 1654//234 1547//234 1665//234
f 1571//235 1662//235 1541//235
f 1671//236 1569//236 1565//236
f 1660//237 1570//237 1672//237
f 1592//238 1669//238 1564//238
f 1678//239 1590//239 1586//239
f 1668//240 1591//240 1679//240
f 1612//241 1676//241 1585//241
f 1684//242 1610//242 1607//242
f 1675//243 1611//243 1685//243
f 1691//244 1696//244 1658//244
f 1692//245 1659//245 1670//245
f 1705//246 1688//246 1666//246
f 1706//247 1667//247 1677//247
f 1709//248 1689//248 1720//248
s 1
f 1694//249 1713//249 1723//249
s 0
f 1690//250 1711//250 1693//250
f 1702//251 1715//251 1687//251
f 1730//252 1732//252 1739//252
f 1729//253 1738//253 1746//253
f 1736//254 1748//254 1755//254
f 1735//255 1754//255 1742//255
f 1740//256 1762//256 1747//256
f 1766//257 1743//257 1756//257
f 1763//258 1741//258 1765//258
f 1775//259 1768//259 1758//259
f 1780//260 1778//260 1785//260
f 1770//261 1776//261 1779//261
f 1752//262 1789//262 1774//262
f 1751//263 1773//263 1757//263
f 1767//264 1717//264 1764//264
f 1708//265 1771//265 1781//265
f 1719//266 1769//266 1707//266
f 1794//267 1800//267 1806//267
f 1716//268 1797//268 1761//268
f 1801//269 1795//269 1714//269
f 1810//270 1745//270 1759//270
f 1811//271 1760//271 1796//271
f 1325//272 1111//272 1108//272
f 1113//273 1321//273 1073//273
f 1112//274 1326//274 1319//274
f 1350//275 1324//275 1107//275
f 1354//276 1812//276 1820//276
f 1382//277 1818//277 1825//277
f 1813//278 1355//278 1348//278
f 1819//279 1383//279 1353//279
f 1349//280 1106//280 1814//280
f 1381//281 1824//281 1389//281
f 1307//282 1072//282 1320//282
f 1046//283 1070//283 1310//283
f 1029//284 1032//284 1306//284
f 1305//285 1031//285 1048//285
f 1023//284 1029//284 1540//284
f 1047//286 1311//286 1302//286
f 1300//287 1027//287 1304//287
f 1022//288 1539//288 1528//288
s 1
f 1028//289 1301//289 1487//289
s 0
f 1026//290 1485//290 1537//290
f 1529//291 1067//291 1024//291
f 1074//292 1309//292 1069//292
f 1419//293 1829//293 1837//293
f 1832//294 1414//294 1388//294
s 1
f 1830//295 1420//295 1413//295
s 0
f 1387//296 1823//296 1831//296
f 1446//297 1418//297 1836//297
f 1451//298 1191//298 1189//298
f 1835//299 1193//299 1445//299
f 1444//300 1192//300 1452//300
f 1148//301 1457//301 1464//301
f 1187//302 1147//302 1461//302
f 1188//303 1462//303 1450//303
f 1469//304 1640//304 1511//304
f 1469//304 1511//304 1424//304
f 1844//305 1465//305 1458//305
f 1638//306 1466//306 1846//306
f 1638//306 1846//306 1644//306
f 1162//307 1841//307 1153//307
f 1459//308 1154//308 1845//308
f 1157//309 1842//309 1163//309
f 1135//309 1641//309 1157//309
f 1843//310 1158//310 1642//310
f 1629//311 1645//311 1136//311
f 1146//312 1152//312 1455//312
f 1079//313 1065//313 1521//313
f 1051//314 1077//314 1657//314
f 1520//315 1516//315 1078//315
f 1059//316 1050//316 1653//316
f 1076//317 1515//317 1656//317
f 1055//318 1652//318 1661//318
f 1063//319 1054//319 1697//319
f 1663//320 1698//320 1056//320
f 1724//321 1061//321 1695//321
f 1053//322 1058//322 1651//322
f 904//323 1722//323 1710//323
f 1062//324 1725//324 896//324
f 895//325 1721//325 903//325
f 1787//326 902//326 1782//326
f 1712//327 1783//327 905//327
f 926//328 901//328 1786//328
f 923//329 1772//329 1788//329
f 910//330 1790//330 1753//330
f 1749//331 914//331 909//331
f 924//332 1791//332 911//332
f 925//333 1784//333 1777//333
f 1750//334 1737//334 915//334
f 1683//335 1013//335 1674//335
f 1700//336 1673//336 1011//336
f 1017//337 1701//337 1012//337
f 1126//338 1014//338 1686//338
f 1131//339 1682//339 1605//339
f 1626//340 1142//340 1630//340
f 1143//341 1647//341 1631//341
f 1128//342 1646//342 1141//342
f 1134//343 1140//343 1625//343
f 1648//344 1130//344 1604//344
f 1129//345 1122//345 1680//345
f 1123//346 1125//346 1681//346
f 1731//347 929//347 1734//347
f 913//348 1733//348 928//348
f 1727//349 1744//349 1809//349
f 927//350 1728//350 998//350
f 1018//351 1006//351 1703//351
f 1003//352 1798//352 1699//352
f 1804//353 1799//353 1005//353
f 1805//354 996//354 1793//354
f 1726//355 1808//355 997//355
f 1004//356 994//356 1803//356
f 1792//357 995//357 1807//357
f 1718//358 1704//358 1802//358
f 1523//359 1066//359 1526//359
f 1121//360 1817//360 1109//360
f 1268//361 1822//361 1815//361
f 1269//362 1816//362 1120//362
f 1828//363 1821//363 1267//363
f 1834//364 1826//364 1263//364
f 1840//365 1833//365 1262//365
f 1261//366 1198//366 1839//366
s 1
f 1194//367 1838//367 1197//367
s 0
f 1266//368 1264//368 1827//368
f 1847//22 1848//22 1849//22
f 1847//22 1849//22 1850//22
f 1848//22 1852//22 1854//22
f 1848//22 1854//22 1849//22
f 1848//22 1847//22 1855//22
f 1860//22 1852//22 1848//22
f 1855//22 1860//22 1848//22
f 1861//22 1863//22 1860//22
f 1855//22 1864//22 1861//22
f 1860//22 1855//22 1861//22
f 1865//22 1867//22 1863//22
f 1865//22 1863//22 1861//22
f 1868//22 1865//22 1861//22
f 1868//22 1861//22 1864//22
f 1869//22 1855//22 1847//22
f 1869//22 1847//22 1870//22
f 1871//22 1864//22 1855//22
f 1871//22 1855//22 1869//22
f 1872//22 1873//22 1874//22
f 1872//22 1874//22 1875//22
f 1873//22 1870//22 1876//22
f 1873//22 1876//22 1874//22
f 1873//22 1872//22 1877//22
f 1869//22 1870//22 1873//22
f 1877//22 1869//22 1873//22
f 1878//22 1871//22 1869//22
f 1877//22 1879//22 1878//22
f 1869//22 1877//22 1878//22
f 1880//22 1881//22 1871//22
f 1880//22 1871//22 1878//22
f 1882//22 1880//22 1878//22
f 1882//22 1878//22 1879//22
f 1883//22 1884//22 1885//22
f 1883//22 1885//22 1886//22
f 1884//22 1872//22 1875//22
f 1884//22 1875//22 1885//22
f 1884//22 1883//22 1887//22
f 1877//22 1872//22 1884//22
f 1887//22 1877//22 1884//22
f 1888//22 1879//22 1877//22
f 1887//22 1889//22 1888//22
f 1877//22 1887//22 1888//22
f 1890//22 1882//22 1879//22
f 1890//22 1879//22 1888//22
f 1891//22 1890//22 1888//22
f 1891//22 1888//22 1889//22
f 1892//22 1893//22 1894//22
f 1892//22 1894//22 1895//22
f 1893//22 1883//22 1886//22
f 1893//22 1886//22 1894//22
f 1893//22 1892//22 1896//22
f 1887//22 1883//22 1893//22
f 1896//22 1887//22 1893//22
f 1897//22 1889//22 1887//22
f 1896//22 1898//22 1897//22
f 1887//22 1896//22 1897//22
f 1899//22 1891//22 1889//22
f 1899//22 1889//22 1897//22
f 1900//22 1899//22 1897//22
f 1900//22 1897//22 1898//22
f 1904//22 1896//22 1892//22
f 1904//22 1892//22 1906//22
f 1908//22 1898//22 1896//22
f 1908//22 1896//22 1904//22
f 1912//369 1914//369 1918//369
f 1911//370 1917//370 1922//370
f 1916//371 1907//371 1924//371
f 1916//371 1924//371 1920//371
f 1913//370 1911//370 1926//370
f 1928//372 1930//372 1903//372
f 1905//371 1907//371 1916//371
f 1915//373 1927//373 1902//373
f 1932//370 1936//370 1937//370
f 1940//371 1909//371 1905//371
f 1903//372 1930//372 1934//372
f 1933//374 1939//374 1901//374
f 1944//371 1946//371 1909//371
f 1944//371 1909//371 1940//371
f 1949//369 1942//369 1938//369
f 1948//370 1937//370 1936//370
f 1950//375 1955//375 1958//375
f 1964//376 1966//376 1953//376
f 1959//377 1961//377 1951//377
f 1965//378 1910//378 1921//378
f 1965//378 1921//378 1967//378
f 1955//375 1950//375 1969//375
f 1956//379 1970//379 1976//379
f 1953//376 1966//376 1979//376
f 1952//380 1978//380 1971//380
f 1983//381 1985//381 1988//381
f 1982//382 1987//382 1993//382
f 1986//378 1929//378 1925//378
f 1986//378 1925//378 1989//378
f 1989//378 1925//378 1910//378
f 1989//378 1910//378 1965//378
f 1994//381 1988//381 1963//381
f 1993//382 1962//382 1960//382
f 1999//381 2001//381 2005//381
s 1
f 1998//382 2004//382 2010//382
s 0
f 2003//378 1935//378 1931//378
f 2003//378 1931//378 2006//378
f 2006//378 1931//378 1929//378
f 2006//378 1929//378 1986//378
f 2011//381 2005//381 1985//381
f 2010//382 1984//382 1982//382
f 2015//376 2016//376 2019//376
f 2014//383 2018//383 2023//383
f 2026//375 2012//375 2021//375
f 2026//375 2021//375 2028//375
f 2020//378 1947//378 1935//378
f 2020//378 1935//378 2003//378
f 2024//376 2019//376 2002//376
f 1996//375 2028//375 2021//375
f 2000//384 1997//384 2022//384
f 2030//385 2031//385 2034//385
f 2030//385 2034//385 2039//385
f 2033//386 1957//386 1954//386
f 2033//386 1954//386 2037//386
f 1992//386 1957//386 2033//386
f 2031//385 2030//385 2041//385
f 2042//387 1981//387 1990//387
f 1991//388 2032//388 2043//388
f 2047//386 1995//386 2009//386
f 2007//387 1981//387 2042//387
f 2041//385 2049//385 2045//385
f 2046//389 2008//389 2044//389
f 2052//386 2027//386 1995//386
f 2052//386 1995//386 2047//386
f 2054//385 2050//385 2045//385
f 2054//385 2045//385 2049//385
f 2055//12 2056//12 2057//12
f 2055//12 2057//12 2058//12
f 2056//12 2029//12 2038//12
f 2056//12 2038//12 2057//12
f 2056//12 2055//12 2059//12
f 2040//12 2029//12 2056//12
f 2059//12 2040//12 2056//12
f 2060//12 2061//12 2062//12
f 2062//12 2048//12 2040//12
f 2040//12 2059//12 2060//12
f 2060//12 2062//12 2040//12
f 2063//12 2053//12 2048//12
f 2063//12 2048//12 2062//12
f 2064//12 2065//12 2063//12
f 2062//12 2061//12 2064//12
f 2063//12 2062//12 2064//12
f 2066//12 2059//12 2055//12
f 2067//12 2068//12 2066//12
f 2055//12 2067//12 2066//12
f 2069//12 2060//12 2059//12
f 2069//12 2059//12 2066//12
f 2070//12 2071//12 2065//12
f 2070//12 2065//12 2072//12
f 2073//12 2074//12 2075//12
f 2070//12 2072//12 2073//12
f 2075//12 2070//12 2073//12
f 2074//12 2073//12 2076//12
f 2074//12 2076//12 2077//12
f 2073//12 2072//12 2078//12
f 2073//12 2078//12 2076//12
f 2078//12 2072//12 2065//12
f 2064//12 2079//12 2078//12
f 2065//12 2064//12 2078//12
f 2079//12 2064//12 2061//12
f 2080//12 2081//12 2082//12
f 2080//12 2082//12 2083//12
f 2081//12 2067//12 2084//12
f 2081//12 2084//12 2082//12
f 2085//12 2068//12 2067//12
f 2085//12 2067//12 2081//12
f 2081//12 2080//12 2086//12
f 2081//12 2086//12 2085//12
f 2087//12 2088//12 2089//12
f 2087//12 2089//12 2090//12
f 2088//12 2080//12 2083//12
f 2088//12 2083//12 2089//12
f 2091//390 2095//390 2099//390
f 2091//390 2099//390 2100//390
f 2093//12 2087//12 2090//12
f 2093//12 2090//12 2097//12
f 2102//12 2105//12 2087//12
f 2102//12 2087//12 2093//12
f 2108//391 2112//391 2120//391
f 2116//392 2104//392 2094//392
f 2095//390 2091//390 2106//390
f 2107//393 2118//393 2096//393
f 2122//394 2126//394 2129//394
f 2121//395 2128//395 2130//395
f 2132//396 2133//396 2136//396
f 2132//396 2136//396 2123//396
f 2138//397 2092//397 2101//397
f 2138//397 2101//397 2141//397
s 1
f 2142//398 2127//398 2124//398
f 2142//398 2124//398 2140//398
s 0
f 2127//398 2142//398 2146//398
f 2127//398 2146//398 2148//398
f 2141//397 2101//397 2152//397
f 2141//397 2152//397 2143//397
f 2133//396 2132//396 2156//396
f 2133//396 2156//396 2157//396
f 2131//394 2129//394 2150//394
f 2130//395 2149//395 2153//395
f 2163//399 2168//399 2173//399
f 2162//400 2172//400 2174//400
f 2180//401 2165//401 2177//401
f 2178//402 2176//402 2183//402
f 2187//403 2195//403 2113//403
f 2189//404 2114//404 2198//404
f 2205//405 2192//405 2202//405
f 2203//406 2201//406 2209//406
f 2214//407 2206//407 2211//407
f 2213//408 2210//408 2218//408
f 2219//409 2212//409 2227//409
f 2233//410 2238//410 2223//410
f 2229//411 2231//411 2220//411
f 2197//403 2113//403 2109//403
f 2226//412 2208//412 2200//412
f 2110//413 2224//413 2199//413
f 2225//397 2111//397 2092//397
f 2225//397 2092//397 2138//397
f 2230//414 2228//414 2139//414
f 2232//398 2140//398 2124//398
f 2174//400 2172//400 2246//400
f 2251//401 2184//401 2177//401
f 2247//415 2249//415 2175//415
f 2255//416 2240//416 2234//416
f 2245//417 2170//417 2259//417
f 2235//418 2243//418 2257//418
f 2244//394 2236//394 2126//394
f 2242//395 2125//395 2121//395
f 2250//396 2248//396 2123//396
f 2250//396 2123//396 2136//396
f 2262//419 2269//419 2274//419
f 2261//420 2273//420 2275//420
f 2266//421 2137//421 2135//421
f 2265//422 2134//422 2270//422
f 2277//423 2185//423 2252//423
f 2254//421 2137//421 2266//421
f 2267//424 2285//424 2283//424
f 2280//425 2253//425 2264//425
f 2290//419 2287//419 2269//419
f 2289//420 2268//420 2261//420
f 2293//1 2294//1 2295//1
f 2293//1 2295//1 2296//1
f 2294//1 2263//1 2276//1
f 2294//1 2276//1 2295//1
f 2297//1 2292//1 2263//1
f 2297//1 2263//1 2294//1
f 2299//1 2297//1 2294//1
f 2299//1 2294//1 2293//1
f 2300//1 2301//1 2303//1
f 2300//1 2303//1 2304//1
f 2305//1 2304//1 2306//1
f 2305//1 2306//1 2307//1
f 2308//1 2305//1 2307//1
f 2308//1 2307//1 2309//1
f 2310//1 2311//1 2312//1
f 2310//1 2312//1 2313//1
f 2311//1 2314//1 2315//1
f 2311//1 2315//1 2312//1
f 2316//1 2317//1 2314//1
f 2316//1 2314//1 2311//1
f 2311//1 2310//1 2318//1
f 2311//1 2318//1 2316//1
f 2319//1 2321//1 2316//1
f 2319//1 2316//1 2318//1
f 2323//1 2324//1 2325//1
f 2326//1 2327//1 2329//1
f 2324//1 2323//1 2326//1
f 2329//1 2324//1 2326//1
f 2330//1 2331//1 2332//1
f 2330//1 2332//1 2333//1
f 2331//1 2310//1 2313//1
f 2331//1 2313//1 2332//1
f 2334//1 2318//1 2310//1
f 2334//1 2310//1 2331//1
f 2331//1 2330//1 2335//1
f 2331//1 2335//1 2334//1
f 2336//1 2337//1 2338//1
f 2336//1 2338//1 2339//1
f 2338//1 2319//1 2318//1
f 2338//1 2318//1 2334//1
f 2339//1 2338//1 2334//1
f 2339//1 2334//1 2335//1
f 2340//1 2342//1 2344//1
f 2329//1 2327//1 2340//1
f 2344//1 2329//1 2340//1
f 2345//1 2344//1 2342//1
f 2345//1 2342//1 2346//1
f 2347//1 2350//1 2352//1
f 2346//1 2342//1 2347//1
f 2352//1 2346//1 2347//1
f 2342//1 2340//1 2353//1
f 2343//426 2354//426 2348//426
f 2340//1 2327//1 2357//1
f 2341//427 2359//427 2355//427
f 2351//427 2349//427 2355//427
f 2352//1 2350//1 2360//1
f 2352//1 2360//1 2337//1
f 2352//1 2337//1 2336//1
f 2361//1 2346//1 2352//1
f 2336//1 2361//1 2352//1
f 2362//1 2363//1 2364//1
f 2362//1 2364//1 2365//1
f 2363//1 2330//1 2333//1
f 2363//1 2333//1 2364//1
f 2363//1 2362//1 2366//1
f 2335//1 2330//1 2363//1
f 2366//1 2335//1 2363//1
f 2367//1 2336//1 2339//1
f 2339//1 2335//1 2366//1
f 2366//1 2368//1 2367//1
f 2367//1 2339//1 2366//1
f 2369//1 2361//1 2336//1
f 2369//1 2336//1 2367//1
f 2370//1 2369//1 2367//1
f 2370//1 2367//1 2368//1
f 2374//1 2366//1 2362//1
f 2374//1 2362//1 2376//1
f 2378//1 2368//1 2366//1
f 2378//1 2366//1 2374//1
f 2382//428 2384//428 2388//428
f 2381//429 2387//429 2392//429
f 2386//430 2377//430 2394//430
f 2386//430 2394//430 2390//430
f 2383//429 2381//429 2396//429
f 2398//431 2400//431 2373//431
f 2375//430 2377//430 2386//430
f 2385//432 2397//432 2371//432
f 2402//429 2406//429 2407//429
f 2410//430 2379//430 2375//430
f 2373//431 2400//431 2404//431
f 2403//433 2409//433 2372//433
f 2414//430 2416//430 2379//430
f 2414//430 2379//430 2410//430
f 2419//428 2412//428 2408//428
f 2418//429 2407//429 2406//429
f 2421//434 2427//434 2429//434
f 2435//435 2437//435 2423//435
f 2430//436 2432//436 2422//436
f 2436//437 2380//437 2391//437
f 2436//437 2391//437 2439//437
f 2426//438 2420//438 2441//438
f 2427//434 2442//434 2447//434
f 2424//439 2438//439 2450//439
f 2423//435 2449//435 2443//435
f 2453//440 2455//440 2458//440
f 2454//441 2459//441 2465//441
f 2457//437 2399//437 2395//437
f 2457//437 2395//437 2460//437
f 2460//437 2395//437 2380//437
f 2460//437 2380//437 2436//437
f 2464//440 2458//440 2433//440
f 2465//441 2434//441 2431//441
f 2469//440 2472//440 2475//440
f 2470//441 2476//441 2482//441
f 2474//437 2405//437 2401//437
f 2474//437 2401//437 2477//437
f 2477//437 2401//437 2399//437
f 2477//437 2399//437 2457//437
f 2481//440 2475//440 2455//440
f 2482//441 2456//441 2454//441
f 2486//435 2487//435 2489//435
f 2486//435 2489//435 2494//435
f 2496//438 2483//438 2491//438
f 2497//434 2492//434 2499//434
f 2490//437 2417//437 2405//437
f 2490//437 2405//437 2474//437
f 2494//435 2489//435 2473//435
f 2467//434 2499//434 2492//434
f 2471//442 2468//442 2493//442
f 2501//443 2502//443 2505//443
f 2501//443 2505//443 2509//443
f 2504//444 2428//444 2425//444
f 2504//444 2425//444 2507//444
f 2463//444 2428//444 2504//444
f 2502//443 2501//443 2511//443
f 2512//445 2452//445 2461//445
f 2462//446 2503//446 2513//446
f 2517//444 2466//444 2480//444
f 2478//445 2452//445 2512//445
f 2511//443 2519//443 2515//443
f 2516//447 2479//447 2514//447
f 2522//444 2498//444 2466//444
f 2522//444 2466//444 2517//444
f 2524//443 2520//443 2515//443
f 2524//443 2515//443 2519//443
f 2525//35 2526//35 2527//35
f 2525//35 2527//35 2528//35
f 2526//35 2500//35 2508//35
f 2526//35 2508//35 2527//35
f 2526//35 2525//35 2529//35
f 2510//35 2500//35 2526//35
f 2529//35 2510//35 2526//35
f 2530//35 2518//35 2510//35
f 2529//35 2531//35 2530//35
f 2510//35 2529//35 2530//35
f 2532//35 2523//35 2518//35
f 2532//35 2518//35 2530//35
f 2533//35 2532//35 2530//35
f 2533//35 2530//35 2531//35
f 2534//35 2529//35 2525//35
f 2534//35 2525//35 2535//35
f 2536//35 2531//35 2529//35
f 2536//35 2529//35 2534//35
f 2537//35 2538//35 2539//35
f 2537//35 2539//35 2540//35
f 2538//35 2535//35 2541//35
f 2538//35 2541//35 2539//35
f 2538//35 2537//35 2542//35
f 2534//35 2535//35 2538//35
f 2542//35 2534//35 2538//35
f 2543//35 2536//35 2534//35
f 2542//35 2544//35 2543//35
f 2534//35 2542//35 2543//35
f 2545//35 2546//35 2536//35
f 2545//35 2536//35 2543//35
f 2547//35 2545//35 2543//35
f 2547//35 2543//35 2544//35
f 2548//35 2549//35 2550//35
f 2548//35 2550//35 2551//35
f 2549//35 2537//35 2540//35
f 2549//35 2540//35 2550//35
f 2549//35 2548//35 2552//35
f 2542//35 2537//35 2549//35
f 2552//35 2542//35 2549//35
f 2556//35 2544//35 2542//35
f 2552//35 2557//35 2556//35
f 2542//35 2552//35 2556//35
f 2558//35 2547//35 2544//35
f 2558//35 2544//35 2556//35
f 2559//35 2558//35 2556//35
f 2559//35 2556//35 2557//35
f 2560//448 2566//448 2569//448
f 2560//448 2569//448 2570//448
f 2564//35 2548//35 2551//35
f 2564//35 2551//35 2567//35
f 2566//448 2560//448 2574//448
f 2572//449 2576//449 2553//449
f 2552//35 2548//35 2564//35
f 2565//450 2573//450 2554//450
f 2580//448 2582//448 2588//448
f 2586//35 2557//35 2552//35
f 2553//449 2576//449 2578//449
f 2579//451 2587//451 2555//451
f 2589//35 2559//35 2557//35
f 2589//35 2557//35 2586//35
f 2592//448 2591//448 2588//448
f 2592//448 2588//448 2582//448
f 2597//452 2599//452 2605//452
f 2610//453 2616//453 2595//453
f 2603//454 2611//454 2596//454
s 1
f 2619//455 2615//455 2609//455
s 0
f 2561//456 2571//456 2617//456
f 2607//457 2562//457 2618//457
f 2615//455 2619//455 2623//455
f 2614//458 2622//458 2625//458
f 2617//456 2571//456 2630//456
f 2617//456 2630//456 2620//456
f 2600//459 2598//459 2633//459
f 2600//459 2633//459 2634//459
f 2595//453 2616//453 2628//453
f 2594//460 2627//460 2631//460
f 2638//461 2642//461 2645//461
s 1
f 2637//462 2644//462 2646//462
s 0
f 2640//463 2577//463 2575//463
f 2640//463 2575//463 2643//463
f 2643//463 2575//463 2563//463
f 2643//463 2563//463 2608//463
f 2647//461 2645//461 2613//461
f 2646//462 2612//462 2604//462
f 2653//461 2662//461 2665//461
f 2652//462 2664//462 2666//462
f 2658//463 2585//463 2581//463
f 2658//463 2581//463 2663//463
f 2663//463 2581//463 2577//463
f 2663//463 2577//463 2640//463
f 2667//461 2665//461 2642//461
f 2666//462 2641//462 2637//462
f 2671//453 2676//453 2678//453
f 2671//453 2678//453 2679//453
f 2684//459 2674//459 2682//459
f 2683//452 2681//452 2686//452
f 2688//456 2692//456 2593//456
f 2688//456 2593//456 2693//456
s 1
f 2675//455 2690//455 2695//455
s 0
f 2675//455 2695//455 2677//455
f 2693//456 2593//456 2583//456
f 2659//455 2677//455 2695//455
f 2584//464 2657//464 2694//464
f 2679//453 2678//453 2660//453
f 2654//452 2686//452 2681//452
f 2661//465 2651//465 2680//465
f 1851//466 2699//466 2703//466
f 1851//466 2703//466 1853//466
f 2697//467 2606//467 2602//467
f 2696//468 2601//468 2700//468
f 2648//467 2606//467 2697//467
f 2699//466 1851//466 1859//466
f 1858//469 2639//469 2650//469
f 2649//470 2698//470 1856//470
f 2705//467 2656//467 2668//467
f 2670//469 2639//469 1858//469
f 1859//466 1862//466 2707//466
f 2706//471 2669//471 1857//471
f 2709//467 2687//467 2656//467
f 2708//468 2655//468 2704//468
f 1866//466 2711//466 2707//466
f 1866//466 2707//466 1862//466
f 1849//22 2715//22 2717//22
f 1874//22 1876//22 2719//22
f 2719//22 1876//22 1850//22
f 2719//22 1850//22 2717//22
f 1849//22 1854//22 2715//22
f 2717//22 1850//22 1849//22
f 2721//22 2723//22 1885//22
f 1876//22 1870//22 1847//22
f 1876//22 1847//22 1850//22
f 2719//22 2721//22 1875//22
f 2719//22 1875//22 1874//22
f 2726//22 1923//22 1895//22
f 2726//22 1895//22 2729//22
f 1980//378 2731//378 2738//378
f 2736//381 2742//381 1977//381
f 2735//472 1975//472 1968//472
f 2733//473 1919//473 2725//473
f 2731//378 1980//378 1921//378
f 1972//376 1979//376 2737//376
f 2740//474 2746//474 2035//474
f 2743//12 2747//12 2058//12
f 2743//12 2058//12 2057//12
f 1973//475 2741//475 2036//475
f 1894//22 2723//22 2729//22
f 2723//22 1886//22 1885//22
f 2723//22 1894//22 1886//22
f 1885//22 1875//22 2721//22
f 1892//22 1895//22 1923//22
f 1892//22 1923//22 1906//22
f 1895//22 1894//22 2729//22
f 2732//370 1922//370 1917//370
f 1974//386 2037//386 1954//386
f 1967//378 1921//378 1980//378
f 2055//12 2058//12 2084//12
f 2055//12 2084//12 2067//12
f 2057//12 2038//12 2743//12
f 2039//385 2034//385 2745//385
f 1920//371 1924//371 2727//371
f 2058//12 2747//12 2749//12
f 2058//12 2749//12 2084//12
f 2749//12 2082//12 2084//12
f 2751//12 2082//12 2749//12
f 2751//12 2753//12 2089//12
f 2751//12 2089//12 2083//12
f 2757//476 2098//476 2755//476
f 2751//12 2083//12 2082//12
f 2753//12 2090//12 2089//12
f 2753//12 2097//12 2090//12
f 2099//390 2758//390 2151//390
f 2143//397 2152//397 2759//397
f 2147//414 2145//414 2763//414
f 2767//477 2155//477 2765//477
f 2144//478 2760//478 2762//478
f 2769//479 2271//479 2159//479
f 2768//396 2157//396 2156//396
f 2158//422 2270//422 2134//422
f 2154//394 2150//394 2764//394
f 2772//480 2272//480 2770//480
f 2099//390 2151//390 2100//390
f 2105//12 2088//12 2087//12
f 2086//12 2080//12 2088//12
f 2115//481 2776//481 2103//481
f 2784//482 2196//482 2188//482
f 2120//391 2112//391 2194//391
f 2775//12 2105//12 2102//12
f 2105//12 2086//12 2088//12
f 2790//483 2217//483 2221//483
f 2256//484 2799//484 2241//484
f 2237//485 2791//485 2222//485
f 2803//486 2207//486 2215//486
f 2278//487 2181//487 2186//487
f 2171//488 2813//488 2260//488
s 1
f 2284//489 2821//489 2282//489
s 0
f 2802//490 2191//490 2204//490
f 2822//491 2286//491 2288//491
f 2783//492 2119//492 2193//492
f 2827//22 1867//22 1865//22
f 1871//22 1881//22 1868//22
f 1871//22 1868//22 1864//22
f 1881//22 2829//22 2831//22
f 1881//22 2831//22 1868//22
f 2833//22 1880//22 1882//22
f 2833//22 1882//22 1890//22
f 2829//22 1881//22 1880//22
f 2831//22 1865//22 1868//22
f 2834//12 2061//12 2060//12
f 1908//22 1945//22 1900//22
f 1908//22 1900//22 1898//22
f 2839//22 1899//22 1900//22
f 2843//371 1946//371 1944//371
f 2846//370 1941//370 1948//370
f 1945//22 2842//22 2839//22
f 1945//22 2839//22 1900//22
f 2849//22 1891//22 1899//22
f 2849//22 1890//22 1891//22
f 2831//22 2827//22 1865//22
f 2833//22 2829//22 1880//22
f 2845//378 1947//378 2017//378
f 1947//378 2020//378 2017//378
f 2849//22 2833//22 1890//22
f 2847//493 2841//493 1943//493
f 2849//22 1899//22 2839//22
f 2845//378 2017//378 2853//378
f 2025//386 2027//386 2052//386
f 2854//12 2053//12 2063//12
f 2858//12 2854//12 2063//12
f 2856//385 2050//385 2054//385
f 2864//494 2851//494 2013//494
f 2863//375 2012//375 2026//375
f 2016//376 2015//376 2852//376
f 2025//386 2052//386 2862//386
f 2857//495 2861//495 2051//495
f 2071//12 2063//12 2065//12
f 2069//12 2066//12 2068//12
f 2105//12 2865//12 2868//12
f 2105//12 2775//12 2865//12
f 2872//12 2068//12 2085//12
f 2068//12 2872//12 2875//12
f 2068//12 2875//12 2069//12
f 2880//12 2086//12 2868//12
f 2868//12 2086//12 2105//12
f 2085//12 2880//12 2872//12
f 2085//12 2086//12 2880//12
f 2060//12 2069//12 2834//12
f 2798//496 2795//496 2239//496
f 2800//497 2258//497 2811//497
f 2161//498 2815//498 2167//498
f 2169//499 2166//499 2812//499
s 1
f 2179//500 2889//500 2164//500
s 0
f 2782//501 2777//501 2117//501
f 2160//502 2888//502 2814//502
f 2279//503 2890//503 2182//503
f 2891//504 2281//504 2820//504
f 2216//505 2789//505 2804//505
s 1
f 2785//506 2190//506 2801//506
s 0
f 2079//12 2061//12 2892//12
f 2078//12 2079//12 2897//12
f 2079//12 2892//12 2897//12
f 2900//12 2078//12 2897//12
f 2063//12 2071//12 2858//12
f 2070//12 2858//12 2071//12
f 2900//12 2076//12 2078//12
f 2075//12 2858//12 2070//12
f 2076//12 2900//12 2077//12
f 2061//12 2834//12 2892//12
f 2904//12 2074//12 2077//12
f 2069//12 2875//12 2908//12
f 2904//12 2077//12 2900//12
f 2075//12 2074//12 2904//12
f 2858//12 2075//12 2912//12
f 2912//12 2075//12 2904//12
f 2914//12 2918//12 2921//12
f 2912//12 2918//12 2914//12
f 2912//12 2904//12 2918//12
f 2908//12 2834//12 2069//12
f 2773//420 2275//420 2273//420
f 2295//1 2276//1 2774//1
f 2296//1 2295//1 2927//1
f 2295//1 2774//1 2927//1
f 2929//1 2315//1 2296//1
f 2929//1 2296//1 2927//1
f 2293//1 2296//1 2315//1
f 2293//1 2315//1 2314//1
f 2929//1 2312//1 2315//1
f 2299//1 2293//1 2314//1
f 2312//1 2929//1 2931//1
f 2312//1 2931//1 2313//1
f 2931//1 2332//1 2313//1
f 2933//1 2332//1 2931//1
f 2933//1 2935//1 2364//1
f 2933//1 2364//1 2333//1
f 2938//1 2393//1 2365//1
f 2938//1 2365//1 2935//1
f 2933//1 2333//1 2332//1
f 2935//1 2365//1 2364//1
f 2394//430 2939//430 2390//430
f 2393//1 2376//1 2362//1
f 2393//1 2362//1 2365//1
f 2823//507 2291//507 2943//507
f 2297//1 2944//1 2292//1
f 2299//1 2949//1 2297//1
f 2317//1 2299//1 2314//1
f 2945//508 2298//508 2950//508
f 2317//1 2953//1 2299//1
f 2953//1 2949//1 2299//1
f 2958//1 2962//1 2316//1
f 2317//1 2962//1 2953//1
f 2321//1 2958//1 2316//1
f 2317//1 2316//1 2962//1
f 2966//1 2321//1 2319//1
f 2972//1 2319//1 2338//1
f 2973//508 2967//508 2320//508
f 2972//1 2337//1 2360//1
f 2337//1 2972//1 2338//1
f 2968//509 2959//509 2322//509
f 2360//1 2978//1 2972//1
f 2451//437 2980//437 2987//437
f 2507//444 2445//444 2990//444
f 2995//510 2506//510 2989//510
f 2985//441 2991//441 2448//441
f 2984//511 2446//511 2440//511
f 2444//439 2450//439 2986//439
f 2996//35 2541//35 2528//35
f 2996//35 2528//35 2998//35
f 2996//35 3000//35 2539//35
f 2996//35 2539//35 2541//35
f 2527//35 2992//35 2998//35
f 2391//437 2980//437 2451//437
f 3003//512 2568//512 3009//512
f 2632//513 3014//513 3016//513
f 2701//467 2636//467 3018//467
f 3006//514 3011//514 2621//514
f 3005//456 2620//456 2630//456
f 3013//460 2631//460 2627//460
f 3017//459 2634//459 2633//459
f 2626//515 2624//515 3012//515
f 2702//516 3019//516 2713//516
f 3000//35 3007//35 2550//35
f 3000//35 2550//35 2540//35
f 2629//448 2569//448 3004//448
f 2981//429 2392//429 2387//429
f 2445//444 2507//444 2425//444
f 2439//437 2391//437 2451//437
f 2992//35 2527//35 2508//35
f 2525//35 2528//35 2541//35
f 2525//35 2541//35 2535//35
f 2528//35 2527//35 2998//35
f 2509//443 2505//443 2994//443
f 3000//35 2540//35 2539//35
f 3007//35 2551//35 2550//35
f 3007//35 2567//35 2551//35
f 2635//468 2700//468 2601//468
f 2714//466 1853//466 2703//466
f 2570//448 2569//448 2629//448
f 2937//517 2982//517 2389//517
f 2325//1 3023//1 3027//1
f 3031//1 2323//1 3027//1
f 2356//518 3030//518 3036//518
f 2326//1 2323//1 3031//1
f 2358//426 2328//426 3032//426
f 2303//1 3043//1 2306//1
f 3043//1 2307//1 2306//1
f 2325//1 3027//1 2323//1
f 3031//1 2327//1 2326//1
f 3023//1 2307//1 3043//1
f 2353//1 2357//1 3037//1
f 3046//1 2978//1 2360//1
f 3046//1 2360//1 2350//1
f 3046//1 2350//1 2353//1
f 2370//1 2368//1 2378//1
f 2370//1 2378//1 2415//1
f 3037//1 3046//1 2353//1
f 2369//1 3048//1 2361//1
f 2370//1 3050//1 2369//1
f 2361//1 2345//1 2346//1
f 2415//1 3053//1 3050//1
f 2415//1 3050//1 2370//1
f 2304//1 2303//1 2306//1
f 3023//1 2309//1 2307//1
f 2300//1 2304//1 2305//1
f 3056//1 3061//1 2301//1
f 3056//1 2301//1 2300//1
f 2303//1 2301//1 3061//1
f 2300//1 2305//1 3056//1
f 3063//1 3056//1 2308//1
f 2305//1 2308//1 3056//1
f 2309//1 3023//1 2308//1
f 3042//519 2302//519 3060//519
f 3065//1 2325//1 2324//1
f 3065//1 2329//1 2344//1
f 3065//1 2344//1 2345//1
f 3065//1 2324//1 2329//1
f 2325//1 3065//1 3063//1
f 2361//1 3048//1 2345//1
f 3050//1 3048//1 2369//1
f 3048//1 3065//1 2345//1
f 3063//1 2308//1 3023//1
f 3063//1 3023//1 2325//1
f 3054//430 2416//430 2414//430
f 3068//429 2411//429 2418//429
f 2533//35 2531//35 2536//35
f 2533//35 2536//35 2546//35
f 2488//437 2417//437 2490//437
f 2495//444 2498//444 2522//444
f 3070//35 2523//35 2532//35
f 3074//35 2532//35 2533//35
f 3072//443 2520//443 2524//443
f 3076//35 2546//35 2545//35
f 3078//35 2547//35 2558//35
f 3080//35 2558//35 2559//35
f 3078//35 2545//35 2547//35
f 2691//448 2591//448 2592//448
f 2685//467 2687//467 2709//467
f 2826//466 2711//466 1866//466
f 3080//35 2559//35 2589//35
f 2546//35 3076//35 3074//35
f 2546//35 3074//35 2533//35
f 3086//437 3067//437 2488//437
f 2417//437 2488//437 3067//437
s 1
f 3091//520 3084//520 2485//520
s 0
f 3090//434 2484//434 2497//434
f 2487//435 2486//435 3085//435
f 2522//444 3089//444 2495//444
f 3074//35 3070//35 2532//35
f 2545//35 3078//35 3076//35
f 3088//521 2521//521 3073//521
f 3095//456 2692//456 2688//456
f 3100//453 2676//453 2671//453
f 3104//452 2673//452 2683//452
f 3099//455 2690//455 2675//455
f 3093//522 3082//522 2590//522
f 2672//523 3103//523 3101//523
f 2709//467 3105//467 2685//467
f 3098//524 3096//524 2689//524
f 3106//525 2710//525 2825//525
f 2558//35 3080//35 3078//35
f 3094//448 2591//448 2691//448
f 3052//526 2413//526 3069//526
f 3107//153 3108//153 3109//153
f 3107//153 3109//153 3110//153
f 3109//153 3111//153 3112//153
f 3109//153 3112//153 3113//153
f 3114//153 3115//153 3116//153
f 3114//153 3116//153 3117//153
f 3118//153 3119//153 3107//153
f 3118//153 3107//153 3120//153
f 3121//153 3118//153 3120//153
f 3121//153 3120//153 3115//153
f 3122//153 3123//153 3119//153
f 3122//153 3119//153 3118//153
f 3124//153 3122//153 3118//153
f 3124//153 3118//153 3121//153
f 3125//153 3126//153 3127//153
f 3125//153 3127//153 3123//153
f 3128//153 3129//153 3130//153
f 3128//153 3130//153 3131//153
f 3130//153 3132//153 3124//153
f 3130//153 3124//153 3133//153
f 3112//153 2739//153 2734//153
f 3111//153 2739//153 3112//153
f 2730//153 3112//153 2734//153
f 3113//153 2730//153 2724//153
f 3110//153 3113//153 2724//153
f 3112//153 2730//153 3113//153
f 3111//153 2744//153 2739//153
f 3108//153 3111//153 3109//153
f 2744//153 3111//153 3108//153
f 2748//153 2744//153 3108//153
f 2750//153 2748//153 3119//153
f 3108//153 3107//153 3119//153
f 3119//153 2748//153 3108//153
f 3120//153 3107//153 3110//153
f 3119//153 2752//153 2750//153
f 3113//153 3110//153 3109//153
f 2728//153 3110//153 2724//153
f 2716//153 3116//153 2718//153
f 2722//153 2720//153 3120//153
f 2718//153 3120//153 2720//153
f 2712//153 3015//153 3117//153
f 3015//153 3010//153 3117//153
f 2716//153 2712//153 3116//153
f 2722//153 3110//153 2728//153
f 3010//153 3002//153 3117//153
f 3116//153 3115//153 3120//153
f 3120//153 2718//153 3116//153
f 3008//153 3117//153 3002//153
f 3008//153 3001//153 3114//153
f 3114//153 3001//153 3121//153
f 3008//153 3114//153 3117//153
f 3121//153 3115//153 3114//153
f 3116//153 2712//153 3117//153
f 2722//153 3120//153 3110//153
f 3127//153 2754//153 2752//153
f 3126//153 2754//153 3127//153
f 3119//153 3123//153 3127//153
f 3125//153 3123//153 3122//153
f 3125//153 2926//153 2771//153
f 3125//153 2771//153 3126//153
f 2928//153 3125//153 3122//153
f 3126//153 2756//153 2754//153
f 3126//153 2766//153 2761//153
f 2766//153 3126//153 2771//153
f 3122//153 2930//153 2928//153
f 2928//153 2926//153 3125//153
f 2930//153 3122//153 2932//153
f 3126//153 2761//153 2756//153
f 3132//153 2932//153 3122//153
f 3133//153 3124//153 3121//153
f 3124//153 3132//153 3122//153
f 2999//153 3133//153 3121//153
f 2999//153 3121//153 2997//153
f 3130//153 3133//153 3131//153
f 3133//153 2999//153 2993//153
f 2993//153 3131//153 3133//153
f 3130//153 3129//153 3132//153
f 3001//153 2997//153 3121//153
f 3128//153 2979//153 3129//153
f 2936//153 3129//153 2979//153
f 3132//153 3129//153 2936//153
f 2988//153 3128//153 3131//153
f 3128//153 2988//153 2983//153
f 2983//153 2979//153 3128//153
f 2993//153 2988//153 3131//153
f 2936//153 2934//153 3132//153
f 2932//153 3132//153 2934//153
f 3127//153 2752//153 3119//153
f 3134//152 3135//152 3136//152
f 3134//152 3136//152 3137//152
f 3138//152 3139//152 3140//152
f 3138//152 3140//152 3141//152
f 3142//152 3143//152 3144//152
f 3142//152 3144//152 3139//152
f 3145//152 3146//152 3134//152
f 3145//152 3134//152 3147//152
f 3148//152 3145//152 3147//152
f 3148//152 3147//152 3143//152
f 3149//152 3150//152 3146//152
f 3149//152 3146//152 3145//152
f 3151//152 3148//152 3152//152
f 3145//152 3151//152 3149//152
f 3148//152 3151//152 3145//152
f 3153//152 3154//152 3155//152
f 3153//152 3155//152 3150//152
f 3156//152 3157//152 3158//152
f 3156//152 3158//152 3154//152
f 3159//152 3160//152 3161//152
f 3159//152 3161//152 3162//152
f 3162//152 3163//152 3164//152
f 3165//152 3162//152 3161//152
f 3163//152 3162//152 3165//152
f 3161//152 3166//152 3167//152
f 3161//152 3167//152 3165//152
f 3165//152 3152//152 3163//152
f 3151//152 3165//152 3167//152
f 3152//152 3165//152 3151//152
f 3167//152 3168//152 3149//152
f 3167//152 3149//152 3151//152
f 3136//152 3097//152 3102//152
f 3097//152 3136//152 3092//152
f 3081//152 3092//152 3136//152
f 2824//152 3136//152 3102//152
f 2824//152 2830//152 3137//152
f 3147//152 2828//152 2832//152
f 2830//152 2828//152 3137//152
f 2824//152 3137//152 3136//152
f 3079//152 3081//152 3135//152
f 3146//152 3079//152 3135//152
f 3077//152 3079//152 3146//152
f 3147//152 3134//152 3137//152
f 3146//152 3135//152 3134//152
f 2828//152 3147//152 3137//152
f 3081//152 3136//152 3135//152
f 2848//152 3147//152 2832//152
f 2838//152 2840//152 3144//152
f 2844//152 3140//152 2840//152
f 2840//152 3140//152 3144//152
f 3144//152 2848//152 2838//152
f 3141//152 2844//152 2850//152
f 3138//152 3141//152 2860//152
f 2850//152 2860//152 3141//152
f 3141//152 3140//152 2844//152
f 3140//152 3139//152 3144//152
f 3143//152 3147//152 3144//152
f 3144//152 3147//152 2848//152
f 3148//152 3143//152 3142//152
f 2860//152 2855//152 3138//152
f 3142//152 3138//152 2855//152
f 3142//152 2859//152 3148//152
f 2913//152 3148//152 2859//152
f 2855//152 2859//152 3142//152
f 3142//152 3139//152 3138//152
f 2913//152 2915//152 3148//152
f 3075//152 3077//152 3146//152
f 3146//152 3150//152 3155//152
f 3071//152 3075//152 3155//152
f 3155//152 3158//152 3071//152
f 3087//152 3071//152 3158//152
f 3154//152 3158//152 3155//152
f 3149//152 3168//152 3153//152
f 3149//152 3153//152 3150//152
f 3156//152 3154//152 3153//152
f 3083//152 3087//152 3157//152
f 3158//152 3157//152 3087//152
f 3157//152 3066//152 3083//152
f 3156//152 3066//152 3157//152
f 3153//152 3047//152 3049//152
f 3049//152 3051//152 3153//152
f 3051//152 3066//152 3156//152
f 3051//152 3156//152 3153//152
f 3047//152 3153//152 3168//152
f 3168//152 3167//152 3166//152
f 3166//152 3064//152 3168//152
f 2915//152 3169//152 3148//152
f 3163//152 3174//152 3164//152
f 3152//152 3169//152 3174//152
f 3152//152 3174//152 3163//152
f 3169//152 3152//152 3148//152
f 3160//152 3166//152 3161//152
f 3062//152 3166//152 3160//152
f 3062//152 3064//152 3166//152
f 3055//152 3062//152 3160//152
f 3159//152 3162//152 3164//152
f 3057//152 3055//152 3159//152
f 3160//152 3159//152 3055//152
f 3164//152 3057//152 3159//152
f 3174//152 3057//152 3164//152
f 3064//152 3047//152 3168//152
f 3146//152 3155//152 3075//152
f 3179//527 3187//527 3194//527
f 3180//528 3195//528 3199//528
f 3202//529 3209//529 3216//529
f 3201//530 3215//530 3219//530
f 3217//531 3213//531 3225//531
f 3217//531 3225//531 3229//531
f 3211//532 3198//532 3235//532
f 3212//533 3236//533 3224//533
f 3207//534 3183//534 3200//534
f 3207//534 3200//534 3214//534
f 3238//535 3244//535 3250//535
f 3238//535 3250//535 3254//535
f 3251//536 3248//536 3261//536
f 3252//537 3262//537 3265//537
s 1
f 3247//538 3218//538 3231//538
s 0
f 3246//539 3230//539 3260//539
f 3242//540 3205//540 3220//540
f 3242//540 3220//540 3249//540
f 3268//541 3276//541 3282//541
f 3268//541 3282//541 3285//541
f 3283//542 3280//542 3292//542
f 3283//542 3292//542 3296//542
f 3278//543 3253//543 3266//543
f 3279//544 3267//544 3291//544
f 3273//545 3240//545 3255//545
f 3274//546 3256//546 3281//546
f 3300//547 3307//547 3315//547
f 3299//547 3314//547 3318//547
f 3316//548 3312//548 3325//548
f 3316//548 3325//548 3328//548
f 3311//549 3284//549 3298//549
f 3310//550 3297//550 3324//550
f 3306//551 3271//551 3287//551
f 3305//552 3286//552 3313//552
f 3332//553 3340//553 3349//553
f 3331//554 3348//554 3352//554
f 3350//555 3346//555 3358//555
f 3350//555 3358//555 3362//555
f 3344//556 3317//556 3329//556
f 3345//557 3330//557 3357//557
f 3339//558 3301//558 3320//558
f 3338//559 3319//559 3347//559
f 3365//560 3333//560 3353//560
f 3365//560 3353//560 3373//560
f 3378//561 3210//561 3203//561
f 3379//562 3204//562 3381//562
f 3208//563 3376//563 3389//563
f 3208//563 3389//563 3184//563
f 3393//564 3245//564 3239//564
f 3393//564 3239//564 3395//564
f 3243//565 3391//565 3383//565
f 3243//565 3383//565 3206//565
f 3402//566 3277//566 3269//566
f 3403//567 3270//567 3405//567
s 1
f 3275//568 3400//568 3398//568
f 3275//568 3398//568 3241//568
s 0
f 3412//569 3309//569 3302//569
f 3413//570 3303//570 3415//570
f 3308//571 3409//571 3407//571
s 1
f 3308//571 3407//571 3272//571
s 0
f 3424//572 3343//572 3334//572
f 3425//573 3335//573 3427//573
f 3341//574 3421//574 3418//574
f 3342//575 3419//575 3304//575
f 3436//576 3442//576 3446//576
f 3435//577 3445//577 3449//577
f 3451//578 3448//578 3455//578
f 3451//578 3455//578 3385//578
f 3459//579 3464//579 3466//579
f 3459//579 3466//579 3470//579
f 3472//580 3469//580 3377//580
f 3472//580 3377//580 3380//580
f 3468//581 3452//581 3388//581
f 3467//582 3387//582 3375//582
f 3463//583 3438//583 3450//583
f 3463//583 3450//583 3465//583
f 3476//584 3482//584 3484//584
f 3476//584 3484//584 3487//584
f 3490//585 3486//585 3392//585
f 3490//585 3392//585 3394//585
f 3485//586 3473//586 3382//586
f 3485//586 3382//586 3390//586
f 3481//587 3460//587 3471//587
f 3481//587 3471//587 3483//587
s 1
f 3495//588 3502//588 3505//588
s 0
f 3494//589 3504//589 3509//589
f 3512//590 3508//590 3401//590
f 3512//590 3401//590 3404//590
f 3507//591 3491//591 3397//591
f 3506//592 3396//592 3399//592
f 3501//593 3477//593 3489//593
f 3500//594 3488//594 3503//594
f 3517//595 3524//595 3527//595
f 3516//596 3526//596 3530//596
f 3533//597 3529//597 3410//597
f 3534//598 3411//598 3414//598
f 3528//599 3513//599 3406//599
f 3528//599 3406//599 3408//599
f 3522//600 3496//600 3510//600
f 3523//601 3511//601 3525//601
f 3539//602 3546//602 3548//602
f 3539//602 3548//602 3552//602
f 3555//603 3551//603 3422//603
f 3556//604 3423//604 3426//604
f 3549//605 3535//605 3416//605
f 3550//606 3417//606 3420//606
s 1
f 3545//607 3518//607 3532//607
s 0
f 3544//608 3531//608 3547//608
s 1
f 3561//609 3557//609 3429//609
s 0
f 3560//610 3428//610 3564//610
f 3570//611 3540//611 3553//611
s 1
f 3571//612 3554//612 3558//612
s 0
f 3576//613 3462//613 3457//613
f 3461//614 3574//614 3433//614
f 3478//615 3579//615 3458//615
f 3583//616 3480//616 3474//616
f 3580//617 3479//617 3582//617
f 3497//618 3586//618 3475//618
f 3592//619 3499//619 3492//619
f 3587//620 3498//620 3589//620
f 3519//621 3593//621 3493//621
f 3599//622 3521//622 3514//622
f 3594//623 3520//623 3597//623
f 3541//624 3601//624 3515//624
f 3606//625 3543//625 3536//625
f 3602//626 3542//626 3605//626
f 3613//627 3621//627 3578//627
s 1
f 3612//628 3577//628 3581//628
f 3625//629 3616//629 3585//629
s 0
f 3624//630 3584//630 3588//630
f 3633//631 3628//631 3590//631
f 3634//632 3591//632 3595//632
f 3641//633 3623//633 3644//633
f 3614//634 3637//634 3651//634
f 3622//635 3640//635 3615//635
f 3653//636 3663//636 3666//636
f 3654//637 3667//637 3670//637
f 3659//638 3679//638 3684//638
f 3660//639 3685//639 3664//639
f 3669//640 3643//640 3671//640
f 3638//641 3665//641 3686//641
f 3642//642 3668//642 3639//642
f 3682//643 3690//643 3649//643
f 3683//644 3650//644 3636//644
f 3692//645 3675//645 3645//645
f 3692//645 3645//645 3695//645
f 3222//646 3022//646 3038//646
f 3020//647 3232//647 3024//647
f 3021//648 3221//648 3233//648
f 3226//649 3223//649 3039//649
f 3258//650 3702//650 3706//650
f 3701//651 3257//651 3228//651
f 3707//652 3263//652 3259//652
f 3227//653 3040//653 3700//653
f 3289//654 3264//654 3709//654
f 3193//655 3026//655 3237//655
f 3033//656 3029//656 3192//656
f 2974//657 3045//657 3186//657
f 3044//658 3034//658 3185//658
f 2970//657 2974//657 3453//657
f 3035//659 3196//659 3188//659
f 3190//660 3234//660 3197//660
f 3181//661 3384//661 2975//661
f 2977//662 3189//662 3182//662
f 2976//663 3386//663 3456//663
f 3028//664 3025//664 3191//664
f 3294//665 3714//665 3718//665
f 3713//666 3293//666 3290//666
f 3719//667 3321//667 3295//667
f 3288//668 3708//668 3712//668
f 3723//669 3322//669 3720//669
f 2919//670 3360//670 2924//670
f 3726//671 2922//671 3355//671
f 3725//672 3354//672 3327//672
f 2923//673 3359//673 3356//673
f 3326//674 3323//674 3724//674
f 2905//675 3361//675 2920//675
f 3363//676 2906//676 3370//676
f 2894//677 3336//677 3367//677
f 3431//678 3337//678 2895//678
f 2902//679 3366//679 3374//679
f 2907//680 2901//680 3372//680
f 2903//681 2898//681 3368//681
f 2836//682 3567//682 2896//682
f 3369//682 2899//682 2896//682
f 3566//683 2835//683 3562//683
f 3430//684 2893//684 3565//684
f 3351//685 3364//685 3371//685
f 2971//686 3454//686 3447//686
f 3441//687 2965//687 3444//687
f 2969//688 3443//688 2963//688
f 2956//689 3440//689 3432//689
f 2964//690 3439//690 2954//690
f 2955//691 3731//691 2960//691
f 3575//692 3735//692 3437//692
f 3734//693 2957//693 3434//693
f 3618//694 3733//694 3573//694
f 2952//695 3736//695 2948//695
f 2941//696 3620//696 3610//696
f 3730//697 3617//697 2946//697
f 3732//698 2951//698 2961//698
f 2942//699 3611//699 2819//699
f 3688//700 2818//700 3648//700
f 2816//701 3609//701 3647//701
f 2884//702 2817//702 3687//702
f 3680//703 2885//703 3689//703
f 2947//704 3619//704 2940//704
f 2886//705 3681//705 3676//705
f 2809//706 3678//706 3657//706
f 3658//707 2796//707 2810//707
f 2887//708 3677//708 2808//708
f 2792//709 2797//709 3661//709
f 2870//710 3596//710 2881//710
f 3698//711 3627//711 3630//711
f 3635//712 3600//712 2871//712
f 2882//713 3598//713 3603//713
f 2910//714 3572//714 3559//714
f 2879//715 3569//715 2909//715
f 2837//716 2911//716 3563//716
f 2874//717 3608//717 2877//717
f 3538//718 3568//718 2878//718
f 2883//719 3604//719 2873//719
f 3537//720 2876//720 3607//720
s 1
f 3691//721 2787//721 3674//721
s 0
f 2805//722 2794//722 3655//722
f 3672//723 2806//723 3656//723
f 2807//724 3673//724 2786//724
f 2869//725 2867//725 3632//725
f 3631//726 2781//726 3699//726
f 2866//727 2779//727 3629//727
f 2788//728 3694//728 2780//728
s 1
f 3696//729 2778//729 3693//729
s 0
f 3646//730 3626//730 3697//730
f 2793//731 3662//731 3652//731
f 3176//732 3710//732 3705//732
f 3041//733 3058//733 3703//733
f 3175//734 3704//734 3059//734
f 3177//735 3715//735 3711//735
f 3727//736 3722//736 3172//736
f 2925//737 3729//737 2917//737
f 3717//738 3171//738 3721//738
f 2916//739 3728//739 3173//739
f 3178//740 3170//740 3716//740
f 3737//1 3738//1 3739//1
f 3737//1 3739//1 3740//1
f 3738//1 3742//1 3744//1
f 3738//1 3744//1 3739//1
f 3738//1 3737//1 3745//1
f 3750//1 3742//1 3738//1
f 3745//1 3750//1 3738//1
f 3751//1 3753//1 3750//1
f 3745//1 3754//1 3751//1
f 3750//1 3745//1 3751//1
f 3755//1 3757//1 3753//1
f 3755//1 3753//1 3751//1
f 3758//1 3755//1 3751//1
f 3758//1 3751//1 3754//1
f 3759//1 3745//1 3737//1
f 3759//1 3737//1 3760//1
f 3761//1 3754//1 3745//1
f 3761//1 3745//1 3759//1
f 3762//1 3763//1 3764//1
f 3762//1 3764//1 3765//1
f 3763//1 3760//1 3766//1
f 3763//1 3766//1 3764//1
f 3763//1 3762//1 3767//1
f 3759//1 3760//1 3763//1
f 3767//1 3759//1 3763//1
f 3768//1 3761//1 3759//1
f 3767//1 3769//1 3768//1
f 3759//1 3767//1 3768//1
f 3770//1 3771//1 3761//1
f 3770//1 3761//1 3768//1
f 3772//1 3770//1 3768//1
f 3772//1 3768//1 3769//1
f 3773//1 3774//1 3775//1
f 3773//1 3775//1 3776//1
f 3774//1 3762//1 3765//1
f 3774//1 3765//1 3775//1
f 3774//1 3773//1 3777//1
f 3767//1 3762//1 3774//1
f 3777//1 3767//1 3774//1
f 3778//1 3769//1 3767//1
f 3777//1 3779//1 3778//1
f 3767//1 3777//1 3778//1
f 3780//1 3772//1 3769//1
f 3780//1 3769//1 3778//1
f 3781//1 3780//1 3778//1
f 3781//1 3778//1 3779//1
f 3782//1 3783//1 3784//1
f 3782//1 3784//1 3785//1
f 3783//1 3773//1 3776//1
f 3783//1 3776//1 3784//1
f 3783//1 3782//1 3786//1
f 3777//1 3773//1 3783//1
f 3786//1 3777//1 3783//1
f 3787//1 3779//1 3777//1
f 3786//1 3788//1 3787//1
f 3777//1 3786//1 3787//1
f 3789//1 3781//1 3779//1
f 3789//1 3779//1 3787//1
f 3790//1 3789//1 3787//1
f 3790//1 3787//1 3788//1
f 3794//1 3786//1 3782//1
f 3794//1 3782//1 3796//1
f 3798//1 3788//1 3786//1
f 3798//1 3786//1 3794//1
f 3801//428 3802//428 3805//428
f 3801//428 3805//428 3810//428
f 3804//430 3797//430 3812//430
f 3804//430 3812//430 3807//430
f 3802//428 3801//428 3814//428
f 3816//431 3818//431 3793//431
f 3795//430 3797//430 3804//430
f 3803//432 3815//432 3791//432
f 3820//428 3824//428 3825//428
f 3827//430 3799//430 3795//430
f 3793//431 3818//431 3822//431
f 3821//433 3826//433 3792//433
f 3830//430 3832//430 3799//430
f 3830//430 3799//430 3827//430
f 3834//428 3828//428 3825//428
f 3834//428 3825//428 3824//428
f 3835//438 3841//438 3844//438
f 3849//741 3851//741 3838//741
f 3845//742 3847//742 3837//742
f 3850//437 3800//437 3809//437
f 3850//437 3809//437 3854//437
f 3842//434 3836//434 3857//434
f 3841//438 3856//438 3861//438
f 3839//439 3852//439 3864//439
f 3838//741 3863//741 3858//741
f 3868//441 3869//441 3871//441
f 3868//441 3871//441 3876//441
f 3870//437 3817//437 3813//437
f 3870//437 3813//437 3872//437
f 3872//437 3813//437 3800//437
f 3872//437 3800//437 3850//437
f 3876//441 3871//441 3848//441
f 3876//441 3848//441 3846//441
f 3880//441 3882//441 3885//441
f 3880//441 3885//441 3890//441
f 3884//437 3823//437 3819//437
f 3884//437 3819//437 3886//437
f 3886//437 3819//437 3817//437
f 3886//437 3817//437 3870//437
f 3890//441 3885//441 3869//441
f 3890//441 3869//441 3868//441
f 3894//741 3895//741 3897//741
f 3894//741 3897//741 3902//741
f 3905//434 3892//434 3900//434
f 3904//438 3899//438 3907//438
f 3898//437 3833//437 3823//437
f 3898//437 3823//437 3884//437
f 3902//741 3897//741 3883//741
f 3878//438 3907//438 3899//438
f 3881//743 3879//743 3901//743
f 3909//443 3910//443 3913//443
f 3909//443 3913//443 3917//443
f 3912//444 3843//444 3840//444
f 3912//444 3840//444 3915//444
f 3875//444 3843//444 3912//444
f 3910//443 3909//443 3919//443
f 3920//445 3867//445 3873//445
f 3874//446 3911//446 3921//446
f 3925//444 3877//444 3889//444
f 3887//445 3867//445 3920//445
f 3919//443 3927//443 3923//443
f 3924//447 3888//447 3922//447
f 3930//444 3906//444 3877//444
f 3930//444 3877//444 3925//444
f 3932//443 3928//443 3923//443
f 3932//443 3923//443 3927//443
f 3933//35 3934//35 3935//35
f 3933//35 3935//35 3936//35
f 3934//35 3908//35 3916//35
f 3934//35 3916//35 3935//35
f 3934//35 3933//35 3937//35
f 3918//35 3908//35 3934//35
f 3937//35 3918//35 3934//35
f 3938//35 3939//35 3940//35
f 3940//35 3926//35 3918//35
f 3918//35 3937//35 3938//35
f 3938//35 3940//35 3918//35
f 3941//35 3931//35 3926//35
f 3941//35 3926//35 3940//35
f 3942//35 3943//35 3941//35
f 3940//35 3939//35 3942//35
f 3941//35 3940//35 3942//35
f 3944//35 3937//35 3933//35
f 3945//35 3946//35 3944//35
f 3933//35 3945//35 3944//35
f 3947//35 3938//35 3937//35
f 3947//35 3937//35 3944//35
f 3948//35 3949//35 3943//35
f 3948//35 3943//35 3950//35
f 3951//35 3952//35 3953//35
f 3948//35 3950//35 3951//35
f 3953//35 3948//35 3951//35
f 3952//35 3951//35 3954//35
f 3952//35 3954//35 3955//35
f 3951//35 3950//35 3956//35
f 3951//35 3956//35 3954//35
f 3956//35 3950//35 3943//35
f 3942//35 3957//35 3956//35
f 3943//35 3942//35 3956//35
f 3957//35 3942//35 3939//35
f 3958//35 3959//35 3960//35
f 3958//35 3960//35 3961//35
f 3959//35 3945//35 3962//35
f 3959//35 3962//35 3960//35
f 3963//35 3946//35 3945//35
f 3963//35 3945//35 3959//35
f 3959//35 3958//35 3964//35
f 3959//35 3964//35 3963//35
f 3965//35 3966//35 3967//35
f 3965//35 3967//35 3968//35
f 3966//35 3958//35 3961//35
f 3966//35 3961//35 3967//35
f 3969//448 3973//448 3977//448
f 3969//448 3977//448 3978//448
f 3971//35 3965//35 3968//35
f 3971//35 3968//35 3975//35
f 3980//35 3983//35 3965//35
f 3980//35 3965//35 3971//35
f 3986//744 3990//744 3997//744
f 3993//745 3982//745 3972//745
f 3973//448 3969//448 3984//448
f 3985//746 3995//746 3974//746
f 3998//453 4002//453 4004//453
f 3998//453 4004//453 4005//453
f 4006//452 4008//452 4012//452
f 4006//452 4012//452 3999//452
f 4014//456 3970//456 3979//456
f 4014//456 3979//456 4016//456
s 1
f 4017//455 4003//455 4001//455
f 4017//455 4001//455 4015//455
s 0
f 4003//455 4017//455 4020//455
f 4003//455 4020//455 4021//455
f 4016//456 3979//456 4024//456
f 4016//456 4024//456 4018//456
f 4009//459 4007//459 4028//459
f 4008//452 4027//452 4029//452
f 4005//453 4004//453 4022//453
f 4005//453 4022//453 4025//453
f 4034//747 4040//747 4044//747
f 4035//748 4045//748 4047//748
f 4050//749 4036//749 4049//749
f 4050//749 4049//749 4054//749
f 4056//750 4063//750 3991//750
f 4056//750 3991//750 4065//750
f 4071//751 4060//751 4068//751
f 4069//752 4067//752 4074//752
f 4079//753 4073//753 4076//753
f 4077//754 4075//754 4082//754
f 4083//753 4076//753 4091//753
f 4096//755 4101//755 4087//755
f 4092//756 4094//756 4084//756
f 4065//750 3991//750 3987//750
f 4090//752 4074//752 4067//752
f 3988//757 4088//757 4066//757
f 4089//456 3989//456 3970//456
f 4089//456 3970//456 4014//456
s 1
f 4095//455 4093//455 4015//455
s 0
f 4095//455 4015//455 4001//455
f 4046//747 4044//747 4108//747
f 4114//749 4054//749 4049//749
f 4109//758 4112//758 4048//758
f 4118//759 4103//759 4097//759
f 4107//760 4043//760 4123//760
f 4098//761 4105//761 4120//761
f 4106//453 4099//453 4002//453
f 4106//453 4002//453 3998//453
f 4113//459 4110//459 4000//459
f 4111//452 3999//452 4012//452
f 4124//466 4130//466 4134//466
f 4124//466 4134//466 4135//466
f 4128//467 4013//467 4011//467
f 4127//468 4010//468 4131//468
f 4137//762 4055//762 4115//762
f 4117//467 4013//467 4128//467
f 4129//763 4143//763 4141//763
f 4139//764 4116//764 4126//764
f 4148//466 4146//466 4130//466
f 4148//466 4130//466 4124//466
f 4151//22 4152//22 4153//22
f 4151//22 4153//22 4154//22
f 4152//22 4125//22 4136//22
f 4152//22 4136//22 4153//22
f 4155//22 4150//22 4125//22
f 4155//22 4125//22 4152//22
f 4156//22 4155//22 4152//22
f 4156//22 4152//22 4151//22
f 4157//22 4158//22 4160//22
f 4161//22 4157//22 4162//22
f 4161//22 4162//22 4164//22
f 4166//22 4161//22 4164//22
f 4166//22 4164//22 4167//22
f 4168//22 4169//22 4170//22
f 4168//22 4170//22 4171//22
f 4169//22 4172//22 4173//22
f 4169//22 4173//22 4170//22
f 4174//22 4175//22 4172//22
f 4174//22 4172//22 4169//22
f 4169//22 4168//22 4176//22
f 4169//22 4176//22 4174//22
f 4177//22 4179//22 4174//22
f 4177//22 4174//22 4176//22
f 4181//22 4182//22 4183//22
f 4184//22 4185//22 4187//22
f 4182//22 4181//22 4184//22
f 4187//22 4182//22 4184//22
f 4188//22 4189//22 4190//22
f 4188//22 4190//22 4191//22
f 4189//22 4168//22 4171//22
f 4189//22 4171//22 4190//22
f 4192//22 4176//22 4168//22
f 4192//22 4168//22 4189//22
f 4189//22 4188//22 4193//22
f 4189//22 4193//22 4192//22
f 4194//22 4195//22 4197//22
f 4194//22 4197//22 4199//22
f 4197//22 4177//22 4176//22
f 4197//22 4176//22 4192//22
f 4199//22 4197//22 4192//22
f 4199//22 4192//22 4193//22
f 4200//22 4201//22 4202//22
f 4187//22 4185//22 4200//22
f 4202//22 4187//22 4200//22
f 4203//22 4202//22 4201//22
f 4203//22 4201//22 4204//22
f 4206//22 4208//22 4211//22
f 4204//22 4201//22 4206//22
f 4212//136 4205//136 4207//136
f 4201//22 4200//22 4213//22
f 4201//22 4213//22 4206//22
f 4200//22 4185//22 4214//22
f 4200//22 4214//22 4213//22
f 4208//22 4206//22 4213//22
f 4211//22 4208//22 4216//22
f 4211//22 4216//22 4195//22
f 4211//22 4195//22 4194//22
f 4218//22 4204//22 4211//22
f 4194//22 4218//22 4211//22
f 4219//22 4220//22 4221//22
f 4219//22 4221//22 4222//22
f 4220//22 4188//22 4191//22
f 4220//22 4191//22 4221//22
f 4220//22 4219//22 4223//22
f 4193//22 4188//22 4220//22
f 4223//22 4193//22 4220//22
f 4224//22 4194//22 4199//22
f 4199//22 4193//22 4223//22
f 4223//22 4225//22 4224//22
f 4224//22 4199//22 4223//22
f 4226//22 4218//22 4194//22
f 4226//22 4194//22 4224//22
f 4227//22 4226//22 4224//22
f 4227//22 4224//22 4225//22
f 4231//22 4223//22 4219//22
f 4231//22 4219//22 4233//22
f 4236//22 4225//22 4223//22
f 4236//22 4223//22 4231//22
f 4240//369 4241//369 4245//369
s 1
f 4240//369 4245//369 4251//369
s 0
f 4244//371 4234//371 4254//371
f 4243//765 4252//765 4247//765
f 4241//369 4240//369 4257//369
f 4259//372 4262//372 4230//372
f 4232//371 4234//371 4244//371
f 4242//766 4258//766 4228//766
f 4265//369 4270//369 4271//369
f 4274//371 4237//371 4232//371
f 4230//372 4262//372 4267//372
f 4266//374 4272//374 4229//374
f 4278//371 4280//371 4237//371
f 4277//765 4235//765 4273//765
f 4283//369 4275//369 4271//369
f 4283//369 4271//369 4270//369
f 4285//379 4291//379 4293//379
f 4298//376 4302//376 4288//376
f 4294//377 4296//377 4286//377
f 4299//767 4238//767 4249//767
f 4300//378 4250//378 4303//378
f 4290//375 4284//375 4305//375
s 1
f 4291//379 4306//379 4312//379
s 0
f 4287//383 4301//383 4314//383
f 4288//376 4315//376 4308//376
f 4318//381 4319//381 4322//381
f 4318//381 4322//381 4328//381
f 4320//767 4260//767 4255//767
f 4321//378 4256//378 4324//378
f 4323//767 4255//767 4238//767
f 4324//378 4239//378 4300//378
f 4328//381 4322//381 4297//381
f 4328//381 4297//381 4295//381
f 4332//381 4334//381 4338//381
f 4332//381 4338//381 4344//381
f 4336//767 4268//767 4263//767
f 4337//378 4264//378 4340//378
f 4339//767 4263//767 4260//767
f 4340//378 4261//378 4321//378
f 4344//381 4338//381 4319//381
f 4344//381 4319//381 4318//381
f 4349//376 4350//376 4354//376
f 4348//383 4353//383 4360//383
f 4363//375 4345//375 4357//375
f 4364//379 4358//379 4366//379
f 4355//767 4281//767 4268//767
f 4356//378 4269//378 4337//378
f 4361//376 4354//376 4335//376
f 4330//379 4366//379 4358//379
f 4333//384 4331//384 4359//384
f 4368//385 4369//385 4372//385
f 4368//385 4372//385 4377//385
f 4371//386 4292//386 4289//386
f 4371//386 4289//386 4375//386
f 4327//386 4292//386 4371//386
f 4369//385 4368//385 4379//385
f 4380//387 4317//387 4325//387
f 4326//388 4370//388 4381//388
f 4385//386 4329//386 4343//386
f 4341//387 4317//387 4380//387
f 4379//385 4387//385 4383//385
f 4384//389 4342//389 4382//389
f 4390//386 4365//386 4329//386
f 4390//386 4329//386 4385//386
f 4392//385 4388//385 4383//385
f 4392//385 4383//385 4387//385
f 4393//12 4394//12 4395//12
f 4393//12 4395//12 4396//12
f 4394//12 4367//12 4376//12
f 4394//12 4376//12 4395//12
f 4394//12 4393//12 4397//12
f 4378//12 4367//12 4394//12
f 4397//12 4378//12 4394//12
f 4398//12 4386//12 4378//12
f 4397//12 4399//12 4398//12
f 4378//12 4397//12 4398//12
f 4400//12 4391//12 4386//12
f 4400//12 4386//12 4398//12
f 4401//12 4400//12 4398//12
f 4401//12 4398//12 4399//12
f 4402//12 4397//12 4393//12
f 4402//12 4393//12 4403//12
f 4404//12 4399//12 4397//12
f 4404//12 4397//12 4402//12
f 4405//12 4406//12 4407//12
f 4405//12 4407//12 4408//12
f 4406//12 4403//12 4409//12
f 4406//12 4409//12 4407//12
f 4406//12 4405//12 4410//12
f 4402//12 4403//12 4406//12
f 4410//12 4402//12 4406//12
f 4411//12 4404//12 4402//12
f 4410//12 4412//12 4411//12
f 4402//12 4410//12 4411//12
f 4413//12 4414//12 4404//12
f 4413//12 4404//12 4411//12
f 4415//12 4413//12 4411//12
f 4415//12 4411//12 4412//12
f 4416//12 4417//12 4418//12
f 4416//12 4418//12 4419//12
f 4417//12 4405//12 4408//12
f 4417//12 4408//12 4418//12
f 4417//12 4416//12 4420//12
f 4410//12 4405//12 4417//12
f 4420//12 4410//12 4417//12
f 4424//12 4412//12 4410//12
f 4420//12 4425//12 4424//12
f 4410//12 4420//12 4424//12
f 4426//12 4415//12 4412//12
f 4426//12 4412//12 4424//12
f 4427//12 4426//12 4424//12
f 4427//12 4424//12 4425//12
f 4428//390 4434//390 4437//390
f 4428//390 4437//390 4438//390
f 4432//12 4416//12 4419//12
f 4432//12 4419//12 4435//12
f 4434//390 4428//390 4442//390
f 4440//768 4444//768 4421//768
f 4420//12 4416//12 4432//12
f 4433//769 4441//769 4422//769
f 4448//390 4450//390 4456//390
f 4454//12 4425//12 4420//12
f 4421//768 4444//768 4446//768
f 4447//770 4455//770 4423//770
f 4457//12 4427//12 4425//12
f 4457//12 4425//12 4454//12
f 4460//390 4459//390 4456//390
f 4460//390 4456//390 4450//390
f 4466//396 4468//396 4473//396
f 4478//394 4482//394 4463//394
f 4471//771 4479//771 4464//771
s 1
f 4485//398 4481//398 4477//398
s 0
f 4429//397 4439//397 4483//397
f 4475//772 4430//772 4484//772
s 1
f 4481//398 4485//398 4489//398
f 4481//398 4489//398 4491//398
s 0
f 4483//397 4439//397 4496//397
f 4483//397 4496//397 4486//397
f 4467//773 4465//773 4500//773
f 4468//396 4501//396 4502//396
f 4463//394 4482//394 4493//394
f 4462//395 4492//395 4497//395
f 4504//774 4507//774 4509//774
s 1
f 4504//774 4509//774 4510//774
s 0
f 4506//775 4445//775 4443//775
f 4506//775 4443//775 4508//775
f 4508//775 4443//775 4431//775
f 4508//775 4431//775 4476//775
f 4510//774 4509//774 4480//774
f 4510//774 4480//774 4472//774
f 4515//774 4524//774 4526//774
f 4515//774 4526//774 4527//774
f 4520//775 4453//775 4449//775
f 4520//775 4449//775 4525//775
f 4525//775 4449//775 4445//775
f 4525//775 4445//775 4506//775
f 4527//774 4526//774 4507//774
f 4527//774 4507//774 4504//774
f 4532//394 4538//394 4541//394
f 4531//395 4540//395 4542//395
f 4547//773 4534//773 4545//773
f 4548//396 4546//396 4550//396
f 4552//397 4557//397 4461//397
f 4552//397 4461//397 4558//397
f 4537//776 4555//776 4561//776
f 4536//398 4560//398 4539//398
f 4558//397 4461//397 4451//397
f 4521//398 4539//398 4560//398
f 4452//777 4519//777 4559//777
f 4543//394 4541//394 4522//394
f 4516//396 4550//396 4546//396
f 4523//778 4514//778 4544//778
f 3741//419 4565//419 4569//419
f 3741//419 4569//419 3743//419
f 4562//779 4474//779 4469//779
f 4563//421 4470//421 4567//421
f 4511//779 4474//779 4562//779
f 4565//419 3741//419 3749//419
f 3748//780 4505//780 4513//780
f 4512//781 4564//781 3746//781
f 4570//779 4517//779 4528//779
f 4530//780 4505//780 3748//780
f 3749//419 3752//419 4573//419
f 4572//782 4529//782 3747//782
f 4574//779 4551//779 4517//779
f 4575//421 4518//421 4571//421
f 3756//419 4577//419 4573//419
f 3756//419 4573//419 3752//419
f 3739//1 4581//1 4583//1
f 3764//1 3766//1 4585//1
f 4585//1 3766//1 3740//1
f 4585//1 3740//1 4583//1
f 3739//1 3744//1 4581//1
f 4583//1 3740//1 3739//1
f 4587//1 4589//1 3775//1
f 3766//1 3760//1 3737//1
f 3766//1 3737//1 3740//1
f 4585//1 4587//1 3765//1
f 4585//1 3765//1 3764//1
f 4592//1 3811//1 3785//1
f 4592//1 3785//1 4595//1
f 3866//437 4597//437 4604//437
f 4602//441 4608//441 3862//441
f 4601//783 3860//783 3855//783
f 4599//517 3806//517 4591//517
f 4597//437 3866//437 3809//437
f 3858//741 3863//741 4603//741
f 4606//510 4612//510 3914//510
f 4609//35 4613//35 3936//35
f 4609//35 3936//35 3935//35
f 3859//444 4607//444 3915//444
f 3784//1 4589//1 4595//1
f 4589//1 3776//1 3775//1
f 4589//1 3784//1 3776//1
f 3775//1 3765//1 4587//1
f 3782//1 3785//1 3811//1
f 3782//1 3811//1 3796//1
f 3785//1 3784//1 4595//1
f 4598//428 3810//428 3805//428
f 3859//444 3915//444 3840//444
f 3853//784 3808//784 3865//784
f 3933//35 3936//35 3962//35
f 3933//35 3962//35 3945//35
f 3935//35 3916//35 4609//35
f 3917//443 3913//443 4611//443
f 3807//430 3812//430 4593//430
f 3936//35 4613//35 4615//35
f 3936//35 4615//35 3962//35
f 4615//35 3960//35 3962//35
f 4617//35 3960//35 4615//35
f 4617//35 4619//35 3967//35
f 4617//35 3967//35 3961//35
f 4623//512 3976//512 4621//512
f 4617//35 3961//35 3960//35
f 4619//35 3968//35 3967//35
f 4619//35 3975//35 3968//35
f 3977//448 4624//448 4023//448
f 4018//456 4024//456 4625//456
f 4021//455 4020//455 4629//455
f 4633//785 4026//785 4631//785
f 4019//514 4626//514 4628//514
f 4635//468 4131//468 4030//468
f 4634//452 4029//452 4027//452
f 4031//467 4132//467 4011//467
f 4025//453 4022//453 4630//453
f 4638//516 4133//516 4636//516
f 3977//448 4023//448 3978//448
f 3983//35 3966//35 3965//35
f 3964//35 3958//35 3966//35
f 3992//786 4642//786 3981//786
f 4650//787 4064//787 4057//787
f 3997//744 3990//744 4062//744
f 4641//35 3983//35 3980//35
f 3983//35 3964//35 3966//35
f 4656//788 4081//788 4085//788
s 1
f 4119//789 4665//789 4104//789
s 0
f 4100//790 4657//790 4086//790
f 4669//791 4072//791 4078//791
f 4137//762 4052//762 4055//762
f 4042//792 4679//792 4122//792
f 4144//793 4687//793 4142//793
f 4668//794 4059//794 4070//794
f 4688//795 4145//795 4147//795
f 4649//796 3996//796 4061//796
f 4693//1 3757//1 3755//1
f 3761//1 3771//1 3758//1
f 3761//1 3758//1 3754//1
f 3771//1 4695//1 4697//1
f 3771//1 4697//1 3758//1
f 4699//1 3770//1 3772//1
f 4699//1 3772//1 3780//1
f 4695//1 3771//1 3770//1
f 4697//1 3755//1 3758//1
f 4700//35 3939//35 3938//35
f 3798//1 3831//1 3790//1
f 3798//1 3790//1 3788//1
f 4705//1 3789//1 3790//1
f 4709//430 3832//430 3830//430
f 4712//428 3828//428 3834//428
f 3831//1 4708//1 4705//1
f 3831//1 4705//1 3790//1
f 4715//1 3781//1 3789//1
f 4715//1 3780//1 3781//1
f 4697//1 4693//1 3755//1
f 4699//1 4695//1 3770//1
f 4711//437 3833//437 3896//437
f 3833//437 3898//437 3896//437
f 4715//1 4699//1 3780//1
f 4713//526 4707//526 3829//526
f 4715//1 3789//1 4705//1
f 4711//437 3896//437 4719//437
f 3903//444 3906//444 3930//444
f 4720//35 3931//35 3941//35
f 4724//35 4720//35 3941//35
f 4722//443 3928//443 3932//443
f 4730//797 4717//797 3893//797
f 4729//438 3891//438 3904//438
f 3895//741 3894//741 4718//741
f 3903//444 3930//444 4728//444
f 4723//521 4727//521 3929//521
f 3949//35 3941//35 3943//35
f 3947//35 3944//35 3946//35
f 3983//35 4731//35 4734//35
f 3983//35 4641//35 4731//35
f 4738//35 3946//35 3963//35
f 3946//35 4738//35 4741//35
f 3946//35 4741//35 3947//35
f 4746//35 3964//35 4734//35
f 4734//35 3964//35 3983//35
f 3963//35 4746//35 4738//35
f 3963//35 3964//35 4746//35
f 3938//35 3947//35 4700//35
f 4664//798 4661//798 4102//798
f 4666//799 4121//799 4677//799
f 4033//800 4681//800 4039//800
f 4041//801 4038//801 4678//801
s 1
f 4051//802 4755//802 4037//802
s 0
f 4648//803 4643//803 3994//803
f 4032//804 4754//804 4680//804
f 4138//805 4756//805 4053//805
f 4757//806 4140//806 4686//806
f 4080//807 4655//807 4670//807
f 4651//808 4058//808 4667//808
f 4758//35 3956//35 3957//35
f 4761//35 4758//35 3957//35
f 3939//35 4761//35 3957//35
f 4766//35 3956//35 4758//35
f 3941//35 3949//35 4724//35
f 3948//35 4724//35 3949//35
f 4766//35 3954//35 3956//35
f 3953//35 4724//35 3948//35
f 3954//35 4766//35 3955//35
f 3939//35 4700//35 4761//35
f 4770//35 3952//35 3955//35
f 3947//35 4741//35 4774//35
f 4770//35 3955//35 4766//35
f 3953//35 3952//35 4770//35
f 4724//35 3953//35 4778//35
f 4778//35 3953//35 4770//35
f 4780//35 4784//35 4787//35
f 4778//35 4784//35 4780//35
f 4778//35 4770//35 4784//35
f 4774//35 4700//35 3947//35
f 4639//466 4135//466 4134//466
f 4153//22 4136//22 4640//22
f 4154//22 4153//22 4793//22
f 4153//22 4640//22 4793//22
f 4795//22 4173//22 4154//22
f 4795//22 4154//22 4793//22
f 4151//22 4154//22 4173//22
f 4151//22 4173//22 4172//22
f 4795//22 4170//22 4173//22
f 4156//22 4151//22 4172//22
f 4170//22 4795//22 4797//22
f 4170//22 4797//22 4171//22
f 4797//22 4190//22 4171//22
f 4799//22 4190//22 4797//22
f 4799//22 4801//22 4221//22
f 4799//22 4221//22 4191//22
f 4804//22 4253//22 4222//22
f 4804//22 4222//22 4801//22
f 4799//22 4191//22 4190//22
f 4801//22 4222//22 4221//22
f 4254//371 4805//371 4248//371
f 4253//22 4233//22 4219//22
f 4253//22 4219//22 4222//22
f 4689//809 4149//809 4809//809
f 4155//22 4810//22 4150//22
f 4156//22 4814//22 4155//22
f 4175//22 4156//22 4172//22
f 4810//22 4155//22 4814//22
f 4175//22 4817//22 4156//22
f 4817//22 4814//22 4156//22
f 4822//22 4826//22 4174//22
f 4175//22 4826//22 4817//22
f 4179//22 4822//22 4174//22
f 4175//22 4174//22 4826//22
f 4830//22 4179//22 4177//22
f 4836//22 4177//22 4197//22
f 4838//143 4832//143 4178//143
f 4836//22 4195//22 4216//22
f 4196//136 4837//136 4198//136
f 4831//92 4823//92 4180//92
f 4216//22 4842//22 4836//22
f 4316//378 4846//378 4853//378
f 4374//475 4309//475 4856//475
f 4861//474 4373//474 4855//474
f 4851//810 4857//810 4313//810
f 4850//472 4311//472 4304//472
f 4307//383 4314//383 4852//383
f 4862//12 4409//12 4396//12
f 4862//12 4396//12 4864//12
f 4862//12 4866//12 4407//12
f 4862//12 4407//12 4409//12
f 4395//12 4858//12 4864//12
f 4250//378 4846//378 4316//378
f 4869//476 4436//476 4875//476
f 4499//811 4880//811 4882//811
f 4566//779 4503//779 4884//779
f 4872//812 4877//812 4487//812
f 4871//397 4486//397 4496//397
f 4879//813 4498//813 4494//813
f 4883//396 4502//396 4501//396
f 4490//814 4488//814 4878//814
f 4568//815 4885//815 4579//815
f 4866//12 4873//12 4418//12
f 4866//12 4418//12 4408//12
f 4495//390 4437//390 4870//390
s 1
f 4847//369 4251//369 4245//369
s 0
f 4310//386 4375//386 4289//386
f 4303//378 4250//378 4316//378
f 4858//12 4395//12 4376//12
f 4393//12 4396//12 4409//12
f 4393//12 4409//12 4403//12
f 4396//12 4395//12 4864//12
f 4377//385 4372//385 4860//385
f 4866//12 4408//12 4407//12
f 4873//12 4419//12 4418//12
f 4873//12 4435//12 4419//12
f 4503//779 4566//779 4469//779
f 4580//419 3743//419 4569//419
f 4438//390 4437//390 4495//390
f 4803//816 4848//816 4246//816
f 4183//22 4889//22 4894//22
f 4897//22 4181//22 4894//22
f 4214//22 4897//22 4902//22
f 4184//22 4181//22 4897//22
f 4215//142 4186//142 4898//142
f 4907//142 4914//142 4163//142
f 4912//22 4164//22 4162//22
f 4183//22 4894//22 4181//22
f 4897//22 4185//22 4184//22
f 4890//92 4165//92 4913//92
f 4213//22 4214//22 4902//22
f 4210//143 4919//143 4844//143
f 4918//22 4208//22 4213//22
f 4843//817 4217//817 4209//817
f 4227//22 4225//22 4236//22
f 4227//22 4236//22 4279//22
f 4902//22 4918//22 4213//22
f 4226//22 4921//22 4218//22
f 4227//22 4923//22 4226//22
f 4218//22 4203//22 4204//22
f 4279//22 4926//22 4923//22
f 4279//22 4923//22 4227//22
f 4160//22 4906//22 4157//22
f 4157//22 4906//22 4162//22
f 4889//22 4167//22 4164//22
f 4158//22 4157//22 4161//22
f 4929//22 4933//22 4160//22
f 4929//22 4160//22 4158//22
f 4905//818 4159//818 4932//818
f 4158//22 4161//22 4929//22
f 4935//22 4929//22 4166//22
f 4161//22 4166//22 4929//22
f 4167//22 4889//22 4166//22
f 4937//22 4183//22 4182//22
f 4937//22 4187//22 4202//22
f 4937//22 4202//22 4203//22
f 4937//22 4182//22 4187//22
f 4183//22 4937//22 4935//22
f 4218//22 4921//22 4203//22
f 4923//22 4921//22 4226//22
f 4921//22 4937//22 4203//22
f 4935//22 4166//22 4889//22
f 4935//22 4889//22 4183//22
f 4927//371 4280//371 4278//371
f 4941//369 4275//369 4283//369
f 4401//12 4399//12 4404//12
f 4401//12 4404//12 4414//12
f 4352//378 4282//378 4356//378
f 4362//386 4365//386 4390//386
f 4943//12 4391//12 4400//12
f 4947//12 4400//12 4401//12
f 4945//385 4388//385 4392//385
f 4949//12 4414//12 4413//12
f 4951//12 4415//12 4426//12
f 4953//12 4426//12 4427//12
f 4951//12 4413//12 4415//12
f 4556//390 4459//390 4460//390
f 4549//779 4551//779 4574//779
f 4692//419 4577//419 3756//419
f 4953//12 4427//12 4457//12
f 4414//12 4949//12 4947//12
f 4414//12 4947//12 4401//12
f 4959//378 4940//378 4352//378
f 4281//767 4351//767 4939//767
s 1
f 4964//494 4957//494 4347//494
s 0
f 4963//379 4346//379 4364//379
f 4350//376 4349//376 4958//376
f 4390//386 4962//386 4362//386
f 4947//12 4943//12 4400//12
f 4413//12 4951//12 4949//12
f 4961//495 4389//495 4946//495
f 4968//397 4557//397 4552//397
f 4973//394 4538//394 4532//394
f 4977//396 4535//396 4548//396
f 4972//398 4554//398 4536//398
f 4966//819 4955//819 4458//819
f 4533//820 4976//820 4974//820
f 4574//779 4978//779 4549//779
f 4971//821 4969//821 4553//821
f 4979//822 4576//822 4691//822
f 4426//12 4953//12 4951//12
f 4967//390 4459//390 4556//390
f 4925//823 4276//823 4942//823
f 4980//153 4981//153 4982//153
f 4980//153 4982//153 4983//153
f 4982//153 4984//153 4985//153
f 4982//153 4985//153 4986//153
f 4987//153 4988//153 4989//153
f 4987//153 4989//153 4990//153
f 4991//153 4992//153 4980//153
f 4991//153 4980//153 4993//153
f 4994//153 4991//153 4993//153
f 4994//153 4993//153 4988//153
f 4995//153 4996//153 4992//153
f 4995//153 4992//153 4991//153
f 4997//153 4995//153 4991//153
f 4997//153 4991//153 4994//153
f 4998//153 4999//153 5000//153
f 4998//153 5000//153 4996//153
f 5001//153 5002//153 5003//153
f 5001//153 5003//153 5004//153
f 5003//153 5005//153 4997//153
f 5003//153 4997//153 5006//153
f 4985//153 4854//153 4849//153
f 4984//153 4854//153 4985//153
f 4845//153 4985//153 4849//153
f 4986//153 4845//153 4802//153
f 4983//153 4986//153 4802//153
f 4985//153 4845//153 4986//153
f 4984//153 4859//153 4854//153
f 4981//153 4984//153 4982//153
f 4859//153 4984//153 4981//153
f 4865//153 4859//153 4981//153
f 4863//153 4865//153 4992//153
f 4981//153 4980//153 4992//153
f 4992//153 4865//153 4981//153
f 4993//153 4980//153 4983//153
f 4992//153 4867//153 4863//153
f 4986//153 4983//153 4982//153
f 4800//153 4983//153 4802//153
f 4989//153 4794//153 4792//153
f 4794//153 4993//153 4796//153
f 4993//153 4798//153 4796//153
f 4637//153 4632//153 4990//153
f 4632//153 4627//153 4990//153
f 4792//153 4637//153 4989//153
f 4798//153 4983//153 4800//153
f 4627//153 4622//153 4990//153
f 4989//153 4988//153 4993//153
f 4993//153 4794//153 4989//153
f 4620//153 4990//153 4622//153
f 4620//153 4618//153 4987//153
f 4987//153 4618//153 4994//153
f 4620//153 4987//153 4990//153
f 4994//153 4988//153 4987//153
f 4989//153 4637//153 4990//153
f 4798//153 4993//153 4983//153
f 5000//153 4874//153 4867//153
f 4999//153 4874//153 5000//153
f 4992//153 4996//153 5000//153
f 4998//153 4996//153 4995//153
f 4578//153 4999//153 4998//153
f 4584//153 4998//153 4995//153
f 4999//153 4868//153 4874//153
f 4999//153 4881//153 4876//153
f 4881//153 4999//153 4578//153
f 4998//153 4582//153 4578//153
f 4582//153 4998//153 4584//153
f 4588//153 4586//153 4995//153
f 4586//153 4584//153 4995//153
f 4999//153 4876//153 4868//153
f 5005//153 4588//153 4995//153
f 5006//153 4997//153 4994//153
f 4997//153 5005//153 4995//153
f 4614//153 5006//153 4994//153
f 4614//153 4994//153 4616//153
f 5003//153 5006//153 5004//153
f 5006//153 4614//153 4610//153
f 4610//153 5004//153 5006//153
f 5003//153 5002//153 5005//153
f 4618//153 4616//153 4994//153
f 5001//153 4596//153 5002//153
f 4590//153 5002//153 4596//153
f 5005//153 5002//153 4590//153
f 4605//153 5001//153 5004//153
f 5001//153 4605//153 4600//153
f 4600//153 4596//153 5001//153
f 4610//153 4605//153 5004//153
f 4590//153 4594//153 5005//153
f 4588//153 5005//153 4594//153
f 5000//153 4867//153 4992//153
f 5007//152 5008//152 5009//152
f 5007//152 5009//152 5010//152
f 5009//152 5011//152 5012//152
f 5009//152 5012//152 5013//152
f 5012//152 5014//152 5015//152
f 5012//152 5015//152 5016//152
f 5014//152 5017//152 5018//152
f 5011//152 5014//152 5012//152
f 5017//152 5014//152 5011//152
f 5011//152 5019//152 5017//152
f 5008//152 5011//152 5009//152
f 5019//152 5011//152 5008//152
f 5020//152 5021//152 5022//152
f 5020//152 5022//152 5023//152
f 5024//152 5025//152 5026//152
f 5024//152 5026//152 5021//152
f 5008//152 5027//152 5019//152
f 5028//152 5008//152 5007//152
f 5027//152 5008//152 5028//152
f 5029//152 5028//152 5007//152
f 5029//152 5007//152 5025//152
f 5030//152 5031//152 5027//152
f 5030//152 5027//152 5028//152
f 5032//152 5030//152 5028//152
f 5032//152 5028//152 5029//152
f 5033//152 5034//152 5035//152
f 5033//152 5035//152 5031//152
f 5036//152 5037//152 5038//152
f 5036//152 5038//152 5034//152
f 5039//152 5040//152 5032//152
f 5039//152 5032//152 5041//152
f 5015//152 4930//152 4928//152
f 5014//152 5018//152 5015//152
f 4930//152 5015//152 5018//152
f 5018//152 5042//152 4930//152
f 5016//152 5015//152 4928//152
f 5016//152 4934//152 5013//152
f 4928//152 4934//152 5016//152
f 5012//152 5016//152 5013//152
f 5017//152 5047//152 5042//152
f 5027//152 5050//152 5019//152
f 5019//152 5050//152 5047//152
f 5019//152 5047//152 5017//152
f 4936//152 5013//152 4934//152
f 5042//152 5018//152 5017//152
f 5009//152 5013//152 5010//152
f 4924//152 5026//152 4922//152
f 5022//152 5026//152 4924//152
f 5026//152 4920//152 4922//152
f 4938//152 4956//152 5023//152
f 4938//152 5023//152 5022//152
f 4960//152 5023//152 4956//152
f 5022//152 4924//152 4938//152
f 5010//152 4936//152 4920//152
f 5026//152 5022//152 5021//152
f 5026//152 5025//152 5007//152
f 5026//152 5007//152 5010//152
f 5010//152 5013//152 4936//152
f 4944//152 5024//152 5020//152
f 5021//152 5020//152 5024//152
f 4948//152 5024//152 4944//152
f 5020//152 4960//152 4944//152
f 5023//152 4960//152 5020//152
f 5029//152 5025//152 5024//152
f 5010//152 4920//152 5026//152
f 5027//152 4781//152 5050//152
f 4725//152 4779//152 5027//152
f 5035//152 4721//152 4725//152
f 4726//152 4721//152 5038//152
f 4721//152 5035//152 5038//152
f 5031//152 5035//152 5027//152
f 4725//152 5027//152 5035//152
f 5034//152 5038//152 5035//152
f 4716//152 4726//152 5037//152
f 5037//152 4710//152 4716//152
f 5036//152 4710//152 5037//152
f 4706//152 5036//152 5033//152
f 5036//152 5034//152 5033//152
f 5033//152 4704//152 4706//152
f 5033//152 4714//152 4704//152
f 4706//152 4710//152 5036//152
f 5030//152 5033//152 5031//152
f 4726//152 5038//152 5037//152
f 5033//152 5030//152 4714//152
f 5029//152 5041//152 5032//152
f 5039//152 5041//152 4954//152
f 4952//152 5041//152 5029//152
f 5029//152 4948//152 4950//152
f 5029//152 4950//152 4952//152
f 4952//152 4954//152 5041//152
f 5040//152 5030//152 5032//152
f 5029//152 5024//152 4948//152
f 4696//152 4694//152 5040//152
f 4694//152 5030//152 5040//152
f 4694//152 4698//152 5030//152
f 4690//152 4696//152 5040//152
f 4954//152 4965//152 5039//152
f 4970//152 5039//152 4965//152
f 4970//152 4975//152 5039//152
f 4690//152 5039//152 4975//152
f 4690//152 5040//152 5039//152
f 4698//152 4714//152 5030//152
f 4779//152 4781//152 5027//152
f 5054//824 5061//824 5069//824
f 5055//825 5070//825 5074//825
f 5076//826 5083//826 5089//826
f 5076//826 5089//826 5093//826
f 5091//827 5087//827 5101//827
f 5090//828 5100//828 5105//828
f 5085//829 5073//829 5111//829
f 5086//830 5112//830 5099//830
f 5081//831 5057//831 5075//831
f 5081//831 5075//831 5088//831
f 5114//832 5122//832 5128//832
f 5115//833 5129//833 5133//833
f 5130//834 5126//834 5140//834
f 5131//835 5141//835 5144//835
f 5125//836 5092//836 5107//836
f 5124//837 5106//837 5139//837
f 5119//838 5079//838 5094//838
f 5120//839 5095//839 5127//839
f 5147//840 5155//840 5161//840
f 5147//840 5161//840 5164//840
f 5162//841 5159//841 5170//841
f 5162//841 5170//841 5174//841
f 5157//842 5132//842 5145//842
f 5158//843 5146//843 5169//843
f 5152//844 5117//844 5135//844
f 5151//845 5134//845 5160//845
f 5177//846 5183//846 5190//846
f 5177//846 5190//846 5193//846
f 5191//847 5188//847 5200//847
f 5191//847 5200//847 5203//847
s 1
f 5186//848 5163//848 5175//848
s 0
f 5187//849 5176//849 5199//849
f 5182//850 5149//850 5165//850
f 5182//850 5165//850 5189//850
f 5206//851 5215//851 5222//851
f 5207//852 5223//852 5227//852
f 5225//853 5220//853 5235//853
s 1
f 5224//854 5234//854 5239//854
s 0
f 5218//855 5192//855 5204//855
f 5219//856 5205//856 5233//856
f 5213//857 5178//857 5194//857
f 5214//858 5195//858 5221//858
f 5243//859 5208//859 5229//859
f 5242//860 5228//860 5251//860
f 5254//861 5262//861 5267//861
f 5254//861 5267//861 5269//861
f 5268//862 5266//862 5063//862
f 5269//861 5064//861 5056//861
f 5272//863 5270//863 5082//863
f 5082//863 5270//863 5058//863
s 1
f 5270//863 5272//863 5256//863
s 0
f 5275//864 5084//864 5077//864
f 5276//865 5078//865 5278//865
f 5285//866 5123//866 5116//866
f 5285//866 5116//866 5287//866
f 5121//867 5282//867 5280//867
f 5121//867 5280//867 5080//867
f 5295//868 5156//868 5148//868
f 5295//868 5148//868 5297//868
f 5154//869 5292//869 5290//869
f 5153//870 5289//870 5118//870
f 5304//871 5185//871 5179//871
f 5305//872 5180//872 5307//872
f 5184//873 5302//873 5300//873
f 5184//873 5300//873 5150//873
f 5316//874 5217//874 5210//874
f 5315//875 5209//875 5318//875
f 5216//876 5312//876 5310//876
f 5216//876 5310//876 5181//876
f 5327//877 5333//877 5337//877
f 5326//878 5336//878 5340//878
f 5342//879 5339//879 5260//879
f 5343//880 5261//880 5253//880
f 5347//881 5352//881 5354//881
f 5347//881 5354//881 5357//881
f 5359//882 5356//882 5273//882
f 5360//883 5274//883 5277//883
f 5355//884 5344//884 5255//884
f 5355//884 5255//884 5271//884
f 5351//885 5329//885 5341//885
f 5351//885 5341//885 5353//885
f 5364//886 5370//886 5372//886
f 5364//886 5372//886 5375//886
f 5378//887 5374//887 5283//887
f 5379//888 5284//888 5286//888
f 5373//889 5361//889 5279//889
f 5373//889 5279//889 5281//889
f 5369//890 5348//890 5358//890
f 5369//890 5358//890 5371//890
f 5384//891 5391//891 5394//891
f 5383//892 5393//892 5397//892
f 5400//893 5396//893 5293//893
f 5401//894 5294//894 5296//894
f 5395//895 5380//895 5288//895
f 5395//895 5288//895 5291//895
f 5389//896 5365//896 5376//896
f 5390//897 5377//897 5392//897
f 5405//898 5412//898 5414//898
f 5405//898 5414//898 5418//898
f 5421//899 5417//899 5303//899
f 5421//899 5303//899 5306//899
f 5416//900 5402//900 5299//900
s 1
f 5415//901 5298//901 5301//901
s 0
f 5411//902 5385//902 5399//902
f 5410//903 5398//903 5413//903
f 5427//904 5434//904 5437//904
f 5426//905 5436//905 5441//905
f 5445//906 5440//906 5314//906
f 5444//907 5313//907 5317//907
f 5439//908 5422//908 5309//908
f 5438//909 5308//909 5311//909
f 5433//910 5406//910 5420//910
f 5432//911 5419//911 5435//911
f 5450//912 5446//912 5320//912
s 1
f 5449//913 5319//913 5453//913
s 0
f 5459//914 5428//914 5442//914
f 5460//915 5443//915 5447//915
s 1
f 5465//916 5350//916 5345//916
f 5349//917 5463//917 5324//917
f 5366//918 5468//918 5346//918
s 0
f 5472//919 5368//919 5362//919
f 5469//920 5367//920 5471//920
f 5386//921 5474//921 5363//921
f 5479//922 5388//922 5381//922
f 5475//923 5387//923 5477//923
f 5407//924 5480//924 5382//924
f 5486//925 5409//925 5403//925
f 5481//926 5408//926 5484//926
f 5429//927 5488//927 5404//927
f 5493//928 5431//928 5423//928
f 5489//929 5430//929 5492//929
f 5500//930 5508//930 5467//930
s 1
f 5499//931 5466//931 5470//931
s 0
f 5511//932 5503//932 5473//932
f 5511//932 5473//932 5476//932
f 5519//933 5514//933 5478//933
f 5519//933 5478//933 5482//933
f 5526//934 5510//934 5529//934
f 5501//935 5522//935 5536//935
f 5509//936 5525//936 5502//936
f 5538//937 5547//937 5550//937
f 5538//937 5550//937 5553//937
f 5543//938 5562//938 5567//938
s 1
f 5542//939 5566//939 5548//939
s 0
f 5552//940 5528//940 5554//940
f 5523//941 5549//941 5568//941
f 5527//942 5551//942 5524//942
f 5565//943 5572//943 5535//943
f 5565//943 5535//943 5521//943
f 5574//944 5558//944 5530//944
f 5575//945 5531//945 5578//945
f 5097//946 4888//946 4908//946
f 4886//947 5108//947 4891//947
f 4887//948 5096//948 5109//948
f 5102//949 5098//949 4909//949
f 5137//950 5585//950 5589//950
f 5584//951 5136//951 5104//951
f 5590//952 5142//952 5138//952
f 5103//953 4910//953 5583//953
f 5166//954 5143//954 5591//954
f 5068//955 4893//955 5113//955
f 4899//956 4896//956 5067//956
f 4915//957 4900//957 5059//957
f 4916//958 5060//958 5263//958
f 4917//959 5264//959 4840//959
f 4841//960 5265//960 5258//960
f 4839//958 5257//958 4834//958
f 4901//961 5071//961 5062//961
f 5065//962 5110//962 5072//962
f 4835//963 5259//963 5338//963
f 5334//964 4827//964 4833//964
f 4895//965 4892//965 5066//965
f 5172//966 5597//966 5600//966
f 5596//967 5171//967 5168//967
s 1
f 5601//968 5196//968 5173//968
s 0
f 5167//969 5592//969 5595//969
f 5606//970 5197//970 5602//970
f 4785//971 5236//971 4789//971
f 5609//972 4788//972 5231//972
f 5608//973 5230//973 5202//973
f 4790//974 5237//974 5232//974
f 5201//975 5198//975 5607//975
f 4771//976 5238//976 4786//976
f 5240//977 4772//977 5248//977
f 4763//978 5211//978 5245//978
f 5322//979 5212//979 4764//979
f 4768//980 5244//980 5252//980
f 4773//981 4767//981 5250//981
f 4769//982 4759//982 5246//982
f 4702//983 5456//983 4765//983
f 5247//983 4760//983 4765//983
f 5455//984 4701//984 5451//984
f 5321//985 4762//985 5454//985
f 5226//986 5241//986 5249//986
f 4818//987 4828//987 5330//987
f 4821//988 5325//988 5617//988
f 5331//989 5323//989 4820//989
f 4824//990 4819//990 5614//990
f 5328//991 5464//991 5618//991
f 5505//992 5616//992 5462//992
f 4816//993 5619//993 4813//993
f 4807//994 5507//994 5497//994
f 5613//995 5504//995 4811//995
f 4815//996 4825//996 5615//996
f 4808//997 5498//997 4685//997
f 5570//998 4684//998 5534//998
f 4682//999 5496//999 5533//999
f 4750//1000 4683//1000 5569//1000
f 5563//1001 4751//1001 5571//1001
s 1
f 4812//1002 5506//1002 4806//1002
s 0
f 4752//1003 5564//1003 5559//1003
f 4675//1004 5561//1004 5541//1004
f 5544//1005 4662//1005 4676//1005
f 4753//1006 5560//1006 4674//1006
f 4658//1007 4663//1007 5545//1007
s 1
f 4736//1008 5483//1008 4747//1008
s 0
f 5581//1009 5513//1009 5516//1009
f 5520//1010 5487//1010 4737//1010
f 4748//1011 5485//1011 5490//1011
f 4776//1012 5461//1012 5448//1012
f 4745//1013 5458//1013 4775//1013
f 4703//1014 4777//1014 5452//1014
f 4740//1015 5495//1015 4743//1015
f 5425//1016 5457//1016 4744//1016
f 4749//1017 5491//1017 4739//1017
f 5424//1018 4742//1018 5494//1018
f 5573//1019 4653//1019 5557//1019
f 4671//1020 4660//1020 5539//1020
f 5555//1021 4672//1021 5540//1021
f 4673//1022 5556//1022 4652//1022
f 4735//1023 4733//1023 5518//1023
f 5517//1024 4647//1024 5582//1024
f 4732//1025 4645//1025 5515//1025
f 4654//1026 5577//1026 4646//1026
f 5579//1027 4644//1027 5576//1027
f 5532//1028 5512//1028 5580//1028
f 4659//1029 5546//1029 5537//1029
f 5332//1030 4829//1030 5335//1030
f 4904//1031 5587//1031 4911//1031
f 4904//1031 4931//1031 5044//1031
f 5043//1032 5586//1032 4903//1032
f 5588//1033 5045//1033 5620//1033
f 5621//1034 5046//1034 5048//1034
f 5593//1033 5588//1033 5620//1033
f 5622//1035 5598//1035 5594//1035
f 5623//1036 5049//1036 5051//1036
f 5604//1037 5599//1037 5624//1037
f 4783//1038 4791//1038 5612//1038
f 5052//1039 5610//1039 5605//1039
f 5623//1036 5051//1036 5603//1036
f 4782//1040 5611//1040 5053//1040
f 5625//22 5626//22 5627//22
f 5625//22 5627//22 5628//22
f 5628//22 5627//22 5630//22
f 5628//22 5630//22 5632//22
f 5633//22 5634//22 5635//22
f 5633//22 5635//22 5636//22
f 5636//22 5635//22 5637//22
f 5636//22 5637//22 5638//22
f 5639//22 5640//22 5641//22
f 5639//22 5641//22 5642//22
f 5642//22 5641//22 5634//22
f 5642//22 5634//22 5633//22
f 5643//22 5644//22 5645//22
f 5643//22 5645//22 5646//22
f 5646//22 5645//22 5640//22
f 5646//22 5640//22 5639//22
f 5648//1041 5651//1041 5652//1041
f 5649//23 5653//23 5657//23
f 5659//25 5655//25 5661//25
f 5659//25 5661//25 5663//25
f 5667//26 5668//26 5673//26
f 5676//29 5680//29 5664//29
f 5670//28 5677//28 5665//28
f 5681//27 5683//27 5685//27
f 5680//29 5684//29 5664//29
f 5666//1042 5687//1042 5689//1042
f 5667//26 5690//26 5668//26
f 5674//31 5669//31 5650//31
f 5674//31 5650//31 5647//31
f 5693//33 5695//33 5696//33
f 5693//33 5696//33 5699//33
f 5701//34 5698//34 5679//34
f 5701//34 5679//34 5675//34
f 5702//35 5703//35 5704//35
f 5702//35 5704//35 5705//35
f 5705//35 5704//35 5694//35
f 5705//35 5694//35 5692//35
f 5706//35 5707//35 5708//35
f 5706//35 5708//35 5709//35
f 5709//35 5708//35 5710//35
f 5709//35 5710//35 5711//35
f 5712//35 5713//35 5714//35
f 5712//35 5714//35 5715//35
f 5715//35 5714//35 5707//35
f 5715//35 5707//35 5706//35
f 5716//36 5718//36 5722//36
f 5716//36 5722//36 5725//36
f 5723//35 5720//35 5713//35
f 5723//35 5713//35 5712//35
f 5728//38 5729//38 5732//38
f 5728//38 5732//38 5738//38
f 5737//37 5740//37 5743//37
f 5735//41 5742//41 5727//41
s 1
f 5731//1043 5744//1043 5751//1043
s 0
f 5732//38 5752//38 5738//38
s 1
f 5736//1044 5749//1044 5756//1044
s 0
f 5737//37 5757//37 5740//37
s 1
f 5739//42 5754//42 5760//42
s 0
f 5739//42 5760//42 5762//42
f 5761//43 5758//43 5764//43
f 5761//43 5764//43 5719//43
s 1
f 5767//42 5741//42 5739//42
f 5767//42 5739//42 5762//42
s 0
f 5761//43 5719//43 5717//43
f 5761//43 5717//43 5765//43
f 5768//1045 5771//1045 5776//1045
f 5769//45 5777//45 5783//45
f 5779//1046 5773//1046 5733//1046
f 5780//46 5734//46 5730//46
f 5784//1 5785//1 5786//1
f 5784//1 5786//1 5787//1
f 5787//1 5786//1 5772//1
f 5787//1 5772//1 5770//1
f 5788//1 5789//1 5790//1
f 5788//1 5790//1 5791//1
f 5791//1 5790//1 5792//1
f 5791//1 5792//1 5793//1
f 5794//1 5795//1 5796//1
f 5794//1 5796//1 5797//1
f 5797//1 5796//1 5789//1
f 5797//1 5789//1 5788//1
f 5798//1 5799//1 5800//1
f 5798//1 5800//1 5801//1
f 5801//1 5800//1 5795//1
f 5801//1 5795//1 5794//1
f 5803//1047 5806//1047 5807//1047
f 5804//2 5808//2 5812//2
f 5814//3 5810//3 5816//3
f 5814//3 5816//3 5818//3
f 5822//1048 5824//1048 5830//1048
f 5833//7 5838//7 5820//7
f 5827//1049 5834//1049 5821//1049
f 5838//7 5840//7 5843//7
f 5837//5 5842//5 5819//5
f 5822//1048 5846//1048 5848//1048
f 5823//8 5849//8 5825//8
f 5831//9 5826//9 5805//9
f 5831//9 5805//9 5802//9
f 5852//10 5854//10 5855//10
f 5852//10 5855//10 5858//10
f 5860//11 5857//11 5836//11
f 5860//11 5836//11 5832//11
f 5861//12 5862//12 5863//12
f 5861//12 5863//12 5864//12
f 5864//12 5863//12 5853//12
f 5864//12 5853//12 5851//12
f 5865//12 5866//12 5867//12
f 5865//12 5867//12 5868//12
f 5868//12 5867//12 5869//12
f 5868//12 5869//12 5870//12
f 5871//12 5872//12 5873//12
f 5871//12 5873//12 5874//12
f 5874//12 5873//12 5866//12
f 5874//12 5866//12 5865//12
f 5875//13 5879//13 5883//13
f 5875//13 5883//13 5886//13
f 5884//12 5881//12 5872//12
f 5884//12 5872//12 5871//12
f 5888//15 5894//15 5898//15
f 5904//14 5906//14 5890//14
f 5899//1050 5902//1050 5889//1050
f 5907//16 5910//16 5914//16
f 5907//16 5914//16 5891//16
f 5887//1051 5912//1051 5917//1051
f 5888//15 5918//15 5894//15
f 5892//1052 5915//1052 5921//1052
f 5893//17 5922//17 5926//17
f 5924//18 5920//18 5929//18
f 5924//18 5929//18 5880//18
f 5924//18 5880//18 5876//18
s 1
f 5897//17 5893//17 5926//17
s 0
f 5877//1053 5895//1053 5925//1053
f 5631//19 5629//19 5933//19
f 5631//19 5933//19 5937//19
f 5934//20 5931//20 5908//20
f 5935//21 5909//21 5905//21
f 5628//22 5632//22 5942//22
f 5943//22 5625//22 5628//22
f 5942//22 5943//22 5628//22
f 5944//22 5638//22 5625//22
f 5944//22 5625//22 5943//22
f 5636//22 5638//22 5944//22
f 5945//22 5633//22 5636//22
f 5944//22 5945//22 5636//22
f 5642//22 5633//22 5945//22
f 5946//22 5639//22 5642//22
f 5945//22 5946//22 5642//22
f 5646//22 5639//22 5946//22
f 5947//22 5643//22 5646//22
f 5946//22 5947//22 5646//22
f 5951//22 5662//22 5643//22
f 5951//22 5643//22 5947//22
f 5954//1041 5648//1041 5656//1041
f 5659//25 5663//25 5952//25
f 5950//74 5958//74 5956//74
f 5955//75 5658//75 5948//75
f 5960//1054 5965//1054 5967//1054
f 5961//76 5968//76 5971//76
f 5965//1054 5678//1054 5671//1054
f 5966//76 5672//76 5968//76
f 5969//31 5674//31 5647//31
f 5969//31 5647//31 5953//31
f 5972//31 5969//31 5953//31
f 5972//31 5953//31 5957//31
f 5701//34 5675//34 5964//34
f 5962//77 5959//77 5975//77
f 5974//33 5693//33 5699//33
f 5700//78 5963//78 5976//78
f 5705//35 5692//35 5973//35
f 5978//35 5702//35 5705//35
f 5973//35 5978//35 5705//35
f 5979//35 5980//35 5711//35
f 5702//35 5978//35 5979//35
f 5711//35 5702//35 5979//35
f 5981//35 5982//35 5706//35
f 5981//35 5706//35 5709//35
f 5709//35 5711//35 5980//35
f 5709//35 5980//35 5981//35
f 5988//1055 5989//1055 5994//1055
f 5992//36 5716//36 5725//36
f 5724//1056 6000//1056 5984//1056
f 5986//1057 5993//1057 5726//1057
f 5998//35 5723//35 5712//35
f 5998//35 5712//35 6001//35
f 6003//1058 6006//1058 6010//1058
f 6003//1058 6010//1058 6016//1058
f 6013//1059 6008//1059 6020//1059
f 6014//1060 6021//1060 6024//1060
f 6010//1058 6006//1058 6027//1058
f 6035//1059 6020//1059 6008//1059
f 6025//1061 6036//1061 6009//1061
f 6026//38 5729//38 5728//38
f 6026//38 5728//38 6037//38
f 6031//41 5727//41 5742//41
f 6033//37 5743//37 6044//37
f 6049//1062 6018//1062 6034//1062
f 6042//1063 6054//1063 6045//1063
f 6032//1064 6043//1064 6047//1064
f 6061//1065 6052//1065 6041//1065
f 6065//1066 6070//1066 6057//1066
f 6039//1067 6067//1067 6058//1067
f 6040//42 5741//42 5767//42
f 6038//1068 5766//1068 6066//1068
f 6063//43 5765//43 5717//43
f 6063//43 5717//43 5997//43
f 6074//1069 6068//1069 6064//1069
f 5995//1070 5990//1070 6071//1070
f 6062//1071 5996//1071 6073//1071
f 6076//1072 6056//1072 6069//1072
f 6078//1066 6070//1066 6085//1066
f 6081//1069 6068//1069 6074//1069
f 6083//1073 6075//1073 6090//1073
f 6087//1074 6072//1074 5991//1074
f 6087//1074 5991//1074 6094//1074
f 6096//1045 5768//1045 5782//1045
f 6097//45 5783//45 6103//45
f 6028//1075 6007//1075 6104//1075
f 6109//1076 6101//1076 5781//1076
f 5780//46 5730//46 6030//46
f 6029//1077 6106//1077 5778//1077
f 6110//1 6111//1 5788//1
f 6110//1 5788//1 5791//1
f 5791//1 5793//1 6112//1
f 5791//1 6112//1 6110//1
f 6113//1 6114//1 5794//1
f 6113//1 5794//1 5797//1
f 5797//1 5788//1 6111//1
f 5797//1 6111//1 6113//1
f 5801//1 5794//1 6114//1
f 6115//1 5798//1 5801//1
f 6114//1 6115//1 5801//1
f 6119//1 5817//1 5798//1
f 6119//1 5798//1 6115//1
f 6122//1047 5803//1047 5811//1047
f 5814//3 5818//3 6120//3
f 6118//48 6126//48 6124//48
f 6123//49 5813//49 6116//49
f 6129//50 6134//50 6136//50
f 6128//1078 6135//1078 6138//1078
f 6134//50 5835//50 5829//50
f 6133//1078 5828//1078 6135//1078
f 6137//9 5831//9 5802//9
f 6137//9 5802//9 6121//9
f 6140//9 6137//9 6121//9
f 6140//9 6121//9 6125//9
f 5860//11 5832//11 6132//11
f 6130//51 6127//51 6143//51
f 6142//10 5852//10 5858//10
f 5859//52 6131//52 6144//52
f 5864//12 5851//12 6141//12
f 6146//12 5861//12 5864//12
f 6141//12 6146//12 5864//12
f 6147//12 5870//12 5861//12
f 6147//12 5861//12 6146//12
f 5868//12 5870//12 6147//12
f 6148//12 5865//12 5868//12
f 6147//12 6148//12 5868//12
f 5874//12 5865//12 6148//12
f 6149//12 5871//12 5874//12
f 6148//12 6149//12 5874//12
f 6155//13 5875//13 5886//13
f 5884//12 5871//12 6149//12
f 6150//1079 6157//1079 6153//1079
f 6154//1080 5885//1080 6151//1080
s 1
f 6159//1081 6162//1081 6168//1081
s 0
f 6160//1082 6169//1082 6172//1082
f 6162//1081 5903//1081 5900//1081
f 6163//1082 5901//1082 6169//1082
f 6167//1083 5896//1083 5878//1083
f 6167//1083 5878//1083 6156//1083
f 6170//1083 6167//1083 6156//1083
f 6170//1083 6156//1083 6158//1083
f 5935//21 5905//21 6164//21
f 6166//1084 6161//1084 5940//1084
f 5941//19 5631//19 5937//19
f 5936//1085 6165//1085 5938//1085
f 6173//22 6174//22 5943//22
f 5942//22 6176//22 6173//22
f 5943//22 5942//22 6173//22
f 6177//22 5944//22 5943//22
f 6177//22 5943//22 6174//22
f 6178//22 6179//22 5945//22
f 5944//22 6177//22 6178//22
f 5945//22 5944//22 6178//22
f 6180//22 6181//22 5946//22
f 5945//22 6179//22 6180//22
f 5946//22 5945//22 6180//22
f 6182//22 6183//22 5947//22
f 5946//22 6181//22 6182//22
f 5947//22 5946//22 6182//22
f 6184//22 5951//22 5947//22
f 6184//22 5947//22 6183//22
f 6186//1041 6191//1041 6193//1041
f 6195//74 5958//74 5950//74
f 5952//25 6185//25 6189//25
f 6188//1086 6194//1086 5949//1086
s 1
f 6199//1054 6204//1054 6206//1054
s 0
f 6200//76 6207//76 6210//76
f 6204//1054 5960//1054 5970//1054
f 6205//76 5971//76 6207//76
f 6208//31 5972//31 5957//31
f 6208//31 5957//31 6192//31
f 6212//31 6208//31 6192//31
f 6212//31 6192//31 6190//31
f 6203//34 6196//34 6215//34
f 6213//33 6217//33 5974//33
f 5975//77 5959//77 6201//77
f 6202//88 6214//88 5977//88
f 6218//35 6219//35 6220//35
f 6220//35 5978//35 5973//35
f 5973//35 6216//35 6218//35
f 6218//35 6220//35 5973//35
f 6221//35 5979//35 5978//35
f 6221//35 5978//35 6220//35
f 6222//1 6111//1 6110//1
f 6222//1 6110//1 6223//1
f 6225//1 6226//1 6227//1
f 6225//1 6227//1 6228//1
f 6226//1 6114//1 6113//1
f 6226//1 6113//1 6227//1
f 6227//1 6113//1 6111//1
f 6227//1 6111//1 6222//1
f 6226//1 6225//1 6229//1
f 6229//1 6230//1 6115//1
f 6115//1 6114//1 6226//1
f 6226//1 6229//1 6115//1
f 6231//1 6119//1 6115//1
f 6231//1 6115//1 6230//1
f 6233//1047 6238//1047 6240//1047
f 6242//48 6126//48 6118//48
f 6120//3 6232//3 6236//3
f 6235//85 6241//85 6117//85
f 6247//50 6252//50 6254//50
f 6246//1078 6253//1078 6257//1078
f 6252//50 6129//50 6139//50
f 6251//1078 6138//1078 6253//1078
f 6255//9 6140//9 6125//9
f 6255//9 6125//9 6239//9
f 6259//9 6255//9 6239//9
f 6259//9 6239//9 6237//9
f 6250//11 6243//11 6262//11
f 6260//10 6264//10 6142//10
f 6143//51 6127//51 6248//51
f 6249//86 6261//86 6145//86
f 6265//12 6266//12 6146//12
f 6141//12 6263//12 6265//12
f 6146//12 6141//12 6265//12
f 6267//12 6147//12 6146//12
f 6267//12 6146//12 6266//12
f 6268//12 6269//12 6148//12
f 6147//12 6267//12 6268//12
f 6148//12 6147//12 6268//12
f 6270//12 6271//12 6149//12
f 6148//12 6269//12 6270//12
f 6149//12 6148//12 6270//12
f 6274//13 6275//13 6281//13
f 6279//1079 6157//1079 6150//1079
f 6149//12 6271//12 6272//12
f 6273//1087 6280//1087 6152//1087
f 6284//1081 6289//1081 6295//1081
f 6285//1082 6296//1082 6302//1082
f 6289//1081 6159//1081 6171//1081
f 6290//1082 6172//1082 6296//1082
f 6294//1083 6170//1083 6158//1083
f 6294//1083 6158//1083 6282//1083
f 6298//1083 6294//1083 6282//1083
f 6298//1083 6282//1083 6278//1083
f 6291//21 6288//21 6304//21
f 6306//19 6175//19 5941//19
f 5940//1084 6161//1084 6293//1084
f 6292//1088 6305//1088 5939//1088
f 6307//22 6174//22 6173//22
f 6307//22 6173//22 6308//22
f 6308//22 6173//22 6176//22
f 6308//22 6176//22 6310//22
f 6311//22 6179//22 6178//22
f 6311//22 6178//22 6312//22
f 6312//22 6178//22 6177//22
f 6312//22 6177//22 6313//22
f 6314//22 6181//22 6180//22
f 6314//22 6180//22 6315//22
f 6315//22 6180//22 6179//22
f 6315//22 6179//22 6311//22
f 6316//22 6183//22 6182//22
f 6316//22 6182//22 6317//22
f 6317//22 6182//22 6181//22
f 6317//22 6181//22 6314//22
f 6319//1041 6191//1041 6186//1041
f 6320//23 6187//23 6322//23
f 6324//25 6189//25 6185//25
f 6324//25 6185//25 6326//25
f 6328//29 6330//29 6331//29
f 6328//29 6331//29 6335//29
f 6337//30 6333//30 6339//30
f 6338//26 6340//26 6342//26
f 6331//29 6330//29 6197//29
f 6211//26 6340//26 6334//26
f 6198//93 6209//93 6332//93
f 6341//31 6212//31 6190//31
f 6341//31 6190//31 6318//31
f 6345//33 6217//33 6213//33
f 6345//33 6213//33 6346//33
f 6348//34 6215//34 6196//34
f 6348//34 6196//34 6329//34
f 6349//35 6219//35 6218//35
f 6350//35 6351//35 6349//35
f 6218//35 6350//35 6349//35
f 6350//35 6218//35 6216//35
f 6350//35 6216//35 6344//35
f 6352//35 6353//35 6354//35
f 6355//35 6356//35 6352//35
f 6354//35 6355//35 6352//35
f 6357//35 6358//35 6359//35
f 6357//35 6359//35 6360//35
f 6219//35 6349//35 6361//35
f 6359//35 6361//35 6349//35
f 6351//35 6360//35 6359//35
f 6349//35 6351//35 6359//35
f 6357//35 6360//35 6362//35
f 6354//35 6353//35 6357//35
f 6362//35 6354//35 6357//35
f 6362//35 6360//35 6351//35
f 6362//35 6351//35 6363//35
f 6364//1 6365//1 6366//1
f 6225//1 6228//1 6364//1
f 6366//1 6225//1 6364//1
f 6367//1 6368//1 6365//1
f 6364//1 6369//1 6367//1
f 6365//1 6364//1 6367//1
f 6364//1 6228//1 6372//1
f 6364//1 6372//1 6369//1
f 6368//1 6367//1 6373//1
f 6368//1 6373//1 6375//1
f 6373//1 6367//1 6369//1
f 6375//1 6373//1 6376//1
f 6375//1 6376//1 6377//1
f 6378//1 6365//1 6368//1
f 6378//1 6368//1 6379//1
f 6375//1 6377//1 6380//1
f 6379//1 6368//1 6375//1
f 6380//1 6379//1 6375//1
f 6381//1 6230//1 6229//1
f 6381//1 6229//1 6382//1
f 6382//1 6229//1 6225//1
f 6382//1 6225//1 6366//1
f 6384//1047 6238//1047 6233//1047
f 6385//2 6234//2 6387//2
f 6389//3 6236//3 6232//3
f 6389//3 6232//3 6391//3
f 6394//7 6396//7 6398//7
f 6393//5 6397//5 6401//5
f 6404//1048 6400//1048 6405//1048
f 6404//1048 6405//1048 6407//1048
f 6398//7 6396//7 6244//7
f 6258//1048 6405//1048 6400//1048
f 6245//1089 6256//1089 6399//1089
f 6406//9 6259//9 6237//9
f 6406//9 6237//9 6383//9
f 6410//10 6264//10 6260//10
f 6410//10 6260//10 6411//10
f 6413//11 6262//11 6243//11
f 6413//11 6243//11 6395//11
f 6414//12 6266//12 6265//12
f 6414//12 6265//12 6415//12
f 6415//12 6265//12 6263//12
f 6415//12 6263//12 6409//12
f 6416//12 6269//12 6268//12
f 6416//12 6268//12 6417//12
f 6417//12 6268//12 6267//12
f 6417//12 6267//12 6418//12
f 6419//12 6271//12 6270//12
f 6419//12 6270//12 6420//12
f 6420//12 6270//12 6269//12
f 6420//12 6269//12 6416//12
f 6421//13 6275//13 6274//13
f 6421//13 6274//13 6425//13
f 6423//12 6272//12 6271//12
f 6423//12 6271//12 6419//12
f 6426//14 6430//14 6434//14
f 6427//16 6435//16 6439//16
f 6436//15 6432//15 6441//15
f 6436//15 6441//15 6443//15
f 6434//14 6430//14 6286//14
f 6300//15 6441//15 6432//15
f 6283//1090 6301//1090 6433//1090
f 6446//17 6440//17 6299//17
f 6276//18 6422//18 6444//18
f 6297//1091 6277//1091 6445//1091
f 6442//17 6440//17 6446//17
s 1
f 6442//17 6446//17 6449//17
s 0
f 6447//18 6444//18 6422//18
f 6447//18 6422//18 6451//18
f 6309//19 6175//19 6306//19
f 6309//19 6306//19 6455//19
f 6452//20 6303//20 6287//20
f 6453//21 6288//21 6431//21
f 5627//22 6457//22 6461//22
f 6461//22 5630//22 5627//22
f 6463//22 6457//22 5626//22
f 6463//22 5626//22 5637//22
f 6465//22 6463//22 5635//22
f 6465//22 5635//22 5634//22
f 6467//22 5645//22 6469//22
f 6472//22 6469//22 5644//22
f 6472//22 5644//22 5660//22
f 5641//22 6467//22 6465//22
f 5627//22 5626//22 6457//22
f 5637//22 5626//22 5625//22
f 5637//22 5625//22 5638//22
f 6465//22 5634//22 5641//22
f 6463//22 5637//22 5635//22
f 6467//22 5640//22 5645//22
f 5660//22 5644//22 5643//22
f 5660//22 5643//22 5662//22
f 6473//25 5661//25 5655//25
f 6469//22 5645//22 5644//22
f 6467//22 5641//22 5640//22
f 6477//1092 6471//1092 5654//1092
f 5691//31 6481//31 6475//31
f 6483//122 5697//122 6490//122
f 6486//1093 6479//1093 5686//1093
f 6485//27 5685//27 5683//27
f 6491//35 6493//35 5703//35
f 6491//35 5703//35 5710//35
f 6497//124 5721//124 6499//124
f 5722//36 5763//36 6500//36
f 6495//35 6503//35 5707//35
f 6495//35 5707//35 5714//35
f 6493//35 6487//35 5704//35
f 6493//35 5704//35 5703//35
f 5650//31 5669//31 5691//31
f 5708//35 6503//35 6491//35
f 5650//31 5691//31 6475//31
f 5698//34 6484//34 5682//34
f 6506//1094 6502//1094 5759//1094
f 5758//43 6501//43 5764//43
s 1
f 6507//42 5760//42 5754//42
s 0
f 6508//1095 5755//1095 5748//1095
f 6511//1096 6509//1096 5750//1096
f 5690//26 5688//26 6480//26
f 5651//1041 6476//1041 5652//1041
f 5682//34 5679//34 5698//34
f 6487//35 5694//35 5704//35
f 6489//33 5696//33 5695//33
f 5710//35 5703//35 5702//35
f 5710//35 5702//35 5711//35
f 6503//35 5708//35 5707//35
f 6491//35 5710//35 5708//35
f 5982//35 6001//35 5715//35
f 6001//35 5712//35 5715//35
f 5982//35 5715//35 5706//35
f 6495//35 5714//35 5713//35
f 6517//1097 6522//1097 5985//1097
f 6516//1098 5983//1098 5999//1098
f 6531//1099 6051//1099 6060//1099
f 6539//1100 6046//1100 6055//1100
f 5989//1055 5988//1055 6092//1055
f 5763//36 5722//36 5718//36
f 6524//1101 6086//1101 6093//1101
f 6082//1102 6089//1102 6542//1102
f 6525//1103 6541//1103 6088//1103
f 6077//1104 6084//1104 6543//1104
f 6523//1105 6091//1105 5987//1105
f 6053//1106 6535//1106 6538//1106
f 6530//1107 6059//1107 6080//1107
f 6540//1108 6551//1108 6048//1108
f 6050//1109 6553//1109 6019//1109
f 6529//1110 6079//1110 6544//1110
f 6022//1111 6017//1111 6552//1111
f 6001//35 6515//35 5998//35
f 6495//35 5713//35 5720//35
f 5775//1112 6557//1112 6514//1112
f 6561//1 6563//1 5785//1
f 6561//1 5785//1 5792//1
f 6563//1 6559//1 5786//1
f 5796//1 6565//1 6567//1
f 6570//1 6573//1 5799//1
f 6570//1 5799//1 5815//1
f 6575//9 5805//9 5850//9
f 6573//1 6565//1 5795//1
f 6573//1 5795//1 5800//1
f 6567//1 6561//1 5790//1
f 5774//46 5747//46 5734//46
f 5776//1045 5771//1045 6558//1045
f 5772//1 5786//1 6559//1
f 6563//1 5786//1 5785//1
f 5792//1 5785//1 5784//1
f 5792//1 5784//1 5793//1
f 5790//1 5789//1 6567//1
f 5789//1 5796//1 6567//1
f 5792//1 5790//1 6561//1
f 5746//1046 5773//1046 6513//1046
f 6512//1113 5753//1113 5745//1113
f 6577//97 6569//97 5809//97
f 6582//1114 6584//1114 5845//1114
f 6581//1115 5844//1115 5841//1115
f 6587//12 5863//12 6591//12
f 5856//98 6590//98 6579//98
f 6593//12 6596//12 5866//12
f 6593//12 5866//12 5873//12
f 5883//13 5927//13 6600//13
f 6604//1116 6601//1116 5930//1116
f 6603//1117 5928//1117 5919//1117
f 5882//100 6599//100 6595//100
f 6608//12 6591//12 5862//12
f 6608//12 5862//12 5869//12
f 6580//11 5839//11 5857//11
f 5923//1118 5916//1118 6605//1118
f 6596//12 6608//12 5869//12
f 6596//12 5869//12 5867//12
f 6614//119 5932//119 6459//119
f 6607//1119 5913//1119 6611//1119
f 6612//16 5914//16 5910//16
f 6606//1051 5917//1051 5912//1051
f 5911//20 5931//20 6613//20
f 5849//8 5847//8 6585//8
f 5850//9 6586//9 6575//9
f 5795//1 6565//1 5796//1
f 6099//1 5787//1 5770//1
f 5784//1 6112//1 5793//1
f 5784//1 5787//1 6099//1
f 5815//1 5799//1 5798//1
f 5815//1 5798//1 5817//1
f 6573//1 5800//1 5799//1
f 6002//1120 6015//1120 6620//1120
f 6555//1121 6012//1121 6023//1121
f 6105//1122 6005//1122 6621//1122
f 6554//1123 6619//1123 6011//1123
f 6104//1075 6007//1075 6004//1075
f 6095//1124 6102//1124 6629//1124
s 1
f 6108//1125 6628//1125 6100//1125
s 0
f 6099//1 6634//1 5784//1
f 6627//1126 6107//1126 6622//1126
f 6576//1047 5807//1047 5806//1047
f 5839//11 5836//11 5857//11
f 5850//9 5805//9 5826//9
f 6587//12 5853//12 5863//12
f 5869//12 5862//12 5861//12
f 5869//12 5861//12 5870//12
f 6591//12 5863//12 5862//12
f 6589//10 5855//10 5854//10
f 6593//12 5873//12 5872//12
f 5927//13 5883//13 5879//13
f 5911//20 5908//20 5931//20
f 6460//19 5933//19 5629//19
f 6593//12 5872//12 5881//12
f 6596//12 5867//12 5866//12
f 6638//1127 6098//1127 6630//1127
f 6571//3 5816//3 5810//3
f 6184//22 6183//22 6316//22
f 6184//22 6316//22 6325//22
f 6219//35 6640//35 6220//35
f 6644//35 6647//35 6361//35
f 6219//35 6361//35 6647//35
f 6361//35 6359//35 6644//35
f 6647//35 6640//35 6219//35
f 6177//22 6174//22 6307//22
f 6177//22 6307//22 6313//22
f 6655//22 6308//22 6310//22
f 6313//22 6307//22 6657//22
f 6313//22 6657//22 6659//22
f 6659//22 6312//22 6313//22
f 6307//22 6308//22 6657//22
f 6661//22 6314//22 6315//22
f 6661//22 6317//22 6314//22
f 6315//22 6311//22 6663//22
f 6311//22 6312//22 6663//22
f 6664//35 6644//35 6359//35
f 5980//35 6668//35 5981//35
f 6671//35 6001//35 5982//35
f 6675//35 6671//35 5982//35
f 6675//35 5982//35 5981//35
f 6671//35 6679//35 6001//35
f 6515//35 6001//35 6679//35
f 5784//1 6634//1 6112//1
f 6221//35 5980//35 5979//35
f 6640//35 6682//35 6221//35
f 6686//35 6664//35 6358//35
f 6356//35 6689//35 6686//35
f 6664//35 6359//35 6358//35
f 6668//35 6675//35 5981//35
f 6221//35 6682//35 6693//35
f 6668//35 5980//35 6693//35
f 6358//35 6353//35 6686//35
f 6693//35 5980//35 6221//35
f 6221//35 6220//35 6640//35
f 6326//25 6701//25 6324//25
f 6703//31 6343//31 6318//31
f 6704//1041 6319//1041 6321//1041
f 6708//26 6338//26 6342//26
f 6713//29 6328//29 6335//29
f 6343//31 6341//31 6318//31
f 6348//34 6329//34 6327//34
f 6325//22 6316//22 6716//22
f 6325//22 6716//22 6700//22
f 6663//22 6661//22 6315//22
f 6661//22 6716//22 6317//22
f 6659//22 6663//22 6312//22
f 6343//31 6703//31 6709//31
f 6336//146 6707//146 6714//146
f 6323//1128 6699//1128 6705//1128
f 6317//22 6716//22 6316//22
f 6657//22 6308//22 6655//22
f 6348//34 6327//34 6712//34
f 6344//35 6717//35 6350//35
f 6363//35 6351//35 6350//35
f 6686//35 6353//35 6352//35
f 6355//35 6721//35 6689//35
f 6723//35 6728//35 6731//35
f 6686//35 6352//35 6356//35
f 6719//33 6345//33 6346//33
f 6358//35 6357//35 6353//35
f 6733//35 6362//35 6363//35
f 6354//35 6362//35 6733//35
f 6733//35 6363//35 6350//35
f 6721//35 6354//35 6733//35
f 6733//35 6350//35 6717//35
f 6728//35 6721//35 6731//35
f 6354//35 6721//35 6355//35
f 6731//35 6735//35 6723//35
f 6689//35 6721//35 6728//35
f 6720//147 6347//147 6711//147
f 6355//35 6689//35 6356//35
f 6741//1 6112//1 6744//1
f 6634//1 6744//1 6112//1
f 6110//1 6112//1 6741//1
f 6749//1 6110//1 6741//1
f 6749//1 6223//1 6110//1
f 6754//1 6227//1 6222//1
f 6223//1 6758//1 6222//1
f 6758//1 6754//1 6222//1
f 6759//1129 6224//1129 6750//1129
f 6377//1 6376//1 6763//1
f 6767//1 6763//1 6376//1
f 6380//1 6377//1 6763//1
f 6373//1 6767//1 6376//1
f 6369//1 6372//1 6772//1
f 6371//509 6773//509 6778//509
f 6754//1 6772//1 6372//1
f 6374//508 6370//508 6777//508
f 6767//1 6373//1 6776//1
f 6372//1 6228//1 6754//1
f 6228//1 6227//1 6754//1
f 6780//1 6382//1 6366//1
f 6366//1 6365//1 6378//1
f 6231//1 6230//1 6381//1
f 6231//1 6381//1 6390//1
f 6267//12 6266//12 6414//12
f 6267//12 6414//12 6418//12
f 6381//1 6382//1 6782//1
f 6786//3 6389//3 6391//3
f 6408//9 6406//9 6383//9
f 6384//1047 6386//1047 6789//1047
f 6793//10 6410//10 6411//10
f 6795//12 6414//12 6415//12
f 6418//12 6414//12 6795//12
f 6418//12 6795//12 6797//12
f 6415//12 6409//12 6791//12
f 6413//11 6395//11 6392//11
f 6390//1 6381//1 6782//1
f 6390//1 6782//1 6785//1
f 6802//1 6807//1 6811//1
f 6813//1 6379//1 6380//1
f 6815//1 6380//1 6763//1
f 6802//1 6811//1 6815//1
f 6379//1 6813//1 6378//1
f 6407//1048 6818//1048 6404//1048
f 6402//7 6823//7 6394//7
f 6388//140 6784//140 6790//140
f 6378//1 6780//1 6366//1
f 6815//1 6813//1 6380//1
f 6392//11 6822//11 6413//11
f 6378//1 6813//1 6780//1
f 6383//9 6788//9 6408//9
f 6780//1 6782//1 6382//1
s 1
f 6403//1130 6817//1130 6824//1130
s 0
f 6791//12 6795//12 6415//12
f 6821//141 6794//141 6412//141
f 6408//9 6788//9 6819//9
f 6417//12 6418//12 6797//12
f 6416//12 6825//12 6420//12
f 6419//12 6827//12 6423//12
f 6832//13 6450//13 6425//13
f 6827//12 6419//12 6420//12
f 6654//19 6309//19 6455//19
f 6453//21 6431//21 6429//21
f 6450//13 6421//13 6425//13
f 6825//12 6416//12 6417//12
f 6449//17 6837//17 6442//17
f 6829//1131 6831//1131 6424//1131
f 6451//18 6833//18 6447//18
f 6827//12 6420//12 6825//12
f 6834//1132 6836//1132 6448//1132
f 6842//14 6426//14 6438//14
f 6437//1133 6839//1133 6841//1133
f 6844//1134 6653//1134 6454//1134
f 6838//15 6436//15 6443//15
f 6428//20 6843//20 6452//20
f 6825//12 6417//12 6797//12
f 6815//1 6763//1 6802//1
f 6634//1 6099//1 6639//1
f 6845//152 6846//152 6847//152
f 6845//152 6847//152 6848//152
f 6847//152 6849//152 6850//152
f 6847//152 6850//152 6851//152
f 6852//152 6853//152 6854//152
f 6852//152 6854//152 6855//152
f 6856//152 6857//152 6845//152
f 6856//152 6845//152 6858//152
f 6859//152 6856//152 6858//152
f 6859//152 6858//152 6853//152
f 6860//152 6861//152 6862//152
f 6862//152 6861//152 6863//152
f 6862//152 6863//152 6857//152
f 6862//152 6864//152 6860//152
f 6856//152 6862//152 6857//152
f 6864//152 6862//152 6856//152
f 6865//152 6864//152 6856//152
f 6865//152 6856//152 6859//152
f 6866//152 6867//152 6868//152
f 6866//152 6868//152 6869//152
f 6868//152 6870//152 6865//152
f 6868//152 6865//152 6871//152
f 6850//152 6710//152 6706//152
f 6849//152 6710//152 6850//152
f 6702//152 6850//152 6706//152
f 6698//152 6715//152 6848//152
f 6698//152 6851//152 6702//152
f 6850//152 6702//152 6851//152
f 6851//152 6698//152 6848//152
f 6718//152 6849//152 6846//152
f 6710//152 6849//152 6718//152
f 6734//152 6718//152 6846//152
f 6851//152 6848//152 6847//152
f 6845//152 6857//152 6863//152
f 6845//152 6863//152 6846//152
f 6846//152 6849//152 6847//152
f 6660//152 6848//152 6715//152
f 6845//152 6848//152 6858//152
f 6658//152 6656//152 6854//152
f 6658//152 6858//152 6662//152
f 6652//152 6840//152 6855//152
f 6840//152 6835//152 6855//152
f 6656//152 6652//152 6854//152
f 6858//152 6660//152 6662//152
f 6835//152 6830//152 6855//152
f 6854//152 6853//152 6858//152
f 6853//152 6852//152 6859//152
f 6858//152 6658//152 6854//152
f 6828//152 6855//152 6830//152
f 6828//152 6826//152 6852//152
f 6852//152 6826//152 6859//152
f 6828//152 6852//152 6855//152
f 6854//152 6652//152 6855//152
f 6858//152 6848//152 6660//152
f 6846//152 6863//152 6734//152
f 6861//152 6736//152 6732//152
f 6863//152 6732//152 6722//152
f 6861//152 6860//152 6872//152
f 6861//152 6732//152 6863//152
f 6872//152 6736//152 6861//152
f 6877//152 6860//152 6808//152
f 6808//152 6860//152 6814//152
f 6864//152 6814//152 6860//152
f 6779//152 6812//152 6864//152
f 6814//152 6864//152 6812//152
f 6870//152 6779//152 6864//152
f 6781//152 6779//152 6870//152
f 6872//152 6860//152 6877//152
f 6871//152 6865//152 6859//152
f 6864//152 6865//152 6870//152
f 6796//152 6859//152 6798//152
f 6796//152 6792//152 6871//152
f 6871//152 6792//152 6869//152
f 6796//152 6871//152 6859//152
f 6826//152 6798//152 6859//152
f 6867//152 6870//152 6868//152
f 6867//152 6787//152 6783//152
f 6867//152 6783//152 6870//152
f 6787//152 6867//152 6866//152
f 6820//152 6866//152 6869//152
f 6866//152 6820//152 6816//152
f 6816//152 6787//152 6866//152
f 6792//152 6820//152 6869//152
f 6871//152 6869//152 6868//152
f 6783//152 6781//152 6870//152
f 6863//152 6722//152 6734//152
f 6882//153 6883//153 6884//153
f 6882//153 6884//153 6885//153
f 6886//153 6887//153 6888//153
f 6886//153 6888//153 6889//153
f 6890//153 6891//153 6892//153
f 6890//153 6892//153 6887//153
f 6893//153 6894//153 6882//153
f 6893//153 6882//153 6895//153
f 6896//153 6893//153 6895//153
f 6896//153 6895//153 6891//153
f 6897//153 6898//153 6894//153
f 6897//153 6894//153 6893//153
f 6899//153 6897//153 6893//153
f 6899//153 6893//153 6896//153
f 6900//153 6901//153 6902//153
f 6900//153 6902//153 6898//153
f 6903//153 6904//153 6905//153
f 6903//153 6905//153 6901//153
f 6906//153 6907//153 6899//153
f 6906//153 6899//153 6908//153
f 6602//153 6610//153 6884//153
f 6884//153 6610//153 6458//153
f 6458//153 6456//153 6885//153
f 6895//153 6462//153 6464//153
f 6456//153 6462//153 6885//153
f 6598//153 6602//153 6884//153
f 6883//153 6594//153 6884//153
f 6598//153 6884//153 6594//153
f 6894//153 6597//153 6883//153
f 6594//153 6883//153 6597//153
f 6895//153 6882//153 6885//153
f 6894//153 6883//153 6882//153
f 6462//153 6895//153 6885//153
f 6894//153 6609//153 6597//153
f 6458//153 6885//153 6884//153
f 6466//153 6895//153 6464//153
f 6468//153 6470//153 6892//153
f 6474//153 6888//153 6470//153
f 6470//153 6888//153 6892//153
f 6892//153 6466//153 6468//153
f 6889//153 6474//153 6478//153
f 6886//153 6889//153 6482//153
f 6478//153 6482//153 6889//153
f 6889//153 6888//153 6474//153
f 6888//153 6887//153 6892//153
f 6890//153 6494//153 6896//153
f 6892//153 6895//153 6466//153
f 6886//153 6890//153 6887//153
f 6482//153 6488//153 6886//153
f 6488//153 6890//153 6886//153
f 6494//153 6890//153 6488//153
f 6492//153 6896//153 6494//153
f 6891//153 6890//153 6896//153
f 6892//153 6891//153 6895//153
f 6902//153 6588//153 6592//153
f 6894//153 6902//153 6592//153
f 6902//153 6894//153 6898//153
f 6902//153 6901//153 6905//153
f 6905//153 6588//153 6902//153
f 6905//153 6578//153 6588//153
f 6583//153 6578//153 6904//153
f 6904//153 6574//153 6583//153
f 6903//153 6574//153 6904//153
f 6568//153 6903//153 6900//153
f 6903//153 6901//153 6900//153
f 6900//153 6572//153 6568//153
f 6568//153 6574//153 6903//153
f 6897//153 6900//153 6898//153
f 6578//153 6905//153 6904//153
f 6572//153 6900//153 6564//153
f 6897//153 6899//153 6907//153
f 6907//153 6560//153 6897//153
f 6908//153 6899//153 6896//153
f 6496//153 6908//153 6504//153
f 6896//153 6504//153 6908//153
f 6498//153 6906//153 6496//153
f 6908//153 6496//153 6906//153
f 6906//153 6556//153 6562//153
f 6906//153 6562//153 6907//153
f 6492//153 6504//153 6896//153
f 6566//153 6897//153 6560//153
f 6560//153 6907//153 6562//153
f 6505//153 6906//153 6498//153
f 6510//153 6906//153 6505//153
f 6906//153 6510//153 6556//153
f 6564//153 6897//153 6566//153
f 6564//153 6900//153 6897//153
f 6609//153 6894//153 6592//153
f 6910//1135 6915//1135 6924//1135
f 6910//1135 6924//1135 6929//1135
f 6931//1136 6936//1136 6943//1136
f 6932//1137 6944//1137 6951//1137
f 6947//1138 6941//1138 6955//1138
f 6948//1139 6956//1139 6962//1139
f 6942//1140 6925//1140 6966//1140
f 6942//1140 6966//1140 6957//1140
f 6937//1141 6909//1141 6927//1141
f 6938//1142 6928//1142 6945//1142
f 6971//1143 6975//1143 6984//1143
f 6972//1144 6985//1144 6991//1144
f 6988//1145 6981//1145 6995//1145
f 6989//1146 6996//1146 7003//1146
f 6983//1147 6946//1147 6961//1147
s 1
f 6982//1148 6960//1148 6997//1148
s 0
f 6976//1149 6930//1149 6949//1149
f 6977//1150 6950//1150 6986//1150
f 7006//1151 7009//1151 7017//1151
f 7007//1152 7018//1152 7025//1152
f 7021//1153 7014//1153 7029//1153
s 1
f 7022//1154 7030//1154 7036//1154
s 0
f 7016//1155 6987//1155 7002//1155
f 7015//1156 7001//1156 7031//1156
f 7011//1157 6969//1157 6990//1157
f 7011//1157 6990//1157 7019//1157
f 7039//1158 7042//1158 7050//1158
f 7039//1158 7050//1158 7057//1158
f 7053//1159 7047//1159 7061//1159
f 7054//1160 7062//1160 7069//1160
f 7049//1161 7020//1161 7035//1161
f 7048//1162 7034//1162 7063//1162
f 7045//1163 7004//1163 7024//1163
f 7044//1164 7023//1164 7051//1164
f 7074//1165 7077//1165 7086//1165
f 7073//1166 7085//1166 7092//1166
f 7089//1167 7082//1167 7096//1167
f 7090//1168 7097//1168 7102//1168
f 7083//1169 7052//1169 7067//1169
f 7084//1170 7068//1170 7098//1170
f 7079//1171 7037//1171 7055//1171
f 7080//1172 7056//1172 7087//1172
f 7107//1173 7070//1173 7091//1173
f 7107//1173 7091//1173 7113//1173
f 7116//1174 6939//1174 6935//1174
f 7115//1175 6934//1175 7124//1175
f 6940//1176 7118//1176 7127//1176
f 6940//1176 7127//1176 6911//1176
f 7132//1177 6978//1177 6973//1177
f 7133//1178 6974//1178 7141//1178
f 6980//1179 7135//1179 7122//1179
f 6979//1180 7121//1180 6933//1180
f 7143//1181 7010//1181 7008//1181
f 7143//1181 7008//1181 7150//1181
f 7013//1182 7145//1182 7139//1182
f 7012//1183 7138//1183 6970//1183
f 7153//1184 7043//1184 7040//1184
f 7154//1185 7041//1185 7160//1185
f 7046//1186 7156//1186 7148//1186
f 7046//1186 7148//1186 7005//1186
f 7162//1187 7078//1187 7075//1187
f 7163//1188 7076//1188 7170//1188
f 7081//1189 7165//1189 7158//1189
f 7081//1189 7158//1189 7038//1189
f 7175//1190 7178//1190 7180//1190
f 7175//1190 7180//1190 7187//1190
f 7189//1191 7182//1191 7191//1191
f 7190//1192 7192//1192 7128//1192
f 7199//1193 7204//1193 7207//1193
f 7200//1194 7208//1194 7215//1194
f 7217//1195 7210//1195 7114//1195
f 7217//1195 7114//1195 7123//1195
f 7211//1196 7188//1196 7125//1196
f 7212//1197 7126//1197 7117//1197
f 7205//1198 7174//1198 7185//1198
f 7206//1199 7186//1199 7209//1199
f 7222//1200 7226//1200 7230//1200
f 7221//1201 7229//1201 7237//1201
f 7239//1202 7232//1202 7131//1202
f 7239//1202 7131//1202 7140//1202
f 7234//1203 7216//1203 7120//1203
f 7233//1204 7119//1204 7134//1204
f 7227//1205 7198//1205 7213//1205
f 7228//1206 7214//1206 7231//1206
f 7244//1207 7248//1207 7252//1207
f 7243//1208 7251//1208 7259//1208
f 7261//1209 7254//1209 7142//1209
f 7261//1209 7142//1209 7149//1209
f 7256//1210 7238//1210 7137//1210
f 7255//1211 7136//1211 7144//1211
f 7250//1212 7220//1212 7236//1212
s 1
f 7249//1213 7235//1213 7253//1213
s 0
f 7265//1214 7269//1214 7272//1214
f 7265//1214 7272//1214 7279//1214
f 7281//1215 7274//1215 7151//1215
f 7282//1216 7152//1216 7159//1216
f 7275//1217 7260//1217 7146//1217
f 7276//1218 7147//1218 7155//1218
f 7271//1219 7242//1219 7258//1219
f 7270//1220 7257//1220 7273//1220
f 7289//1221 7292//1221 7296//1221
f 7288//1222 7295//1222 7302//1222
f 7304//1223 7298//1223 7161//1223
s 1
f 7304//1223 7161//1223 7169//1223
s 0
f 7299//1224 7280//1224 7157//1224
f 7299//1224 7157//1224 7164//1224
f 7293//1225 7264//1225 7277//1225
f 7294//1226 7278//1226 7297//1226
f 7309//1227 7303//1227 7167//1227
f 7309//1227 7167//1227 7312//1227
f 7318//1228 7286//1228 7301//1228
f 7317//1229 7300//1229 7307//1229
f 7203//1230 7322//1230 7171//1230
f 7332//1231 7201//1231 7197//1231
f 7321//1232 7202//1232 7333//1232
f 7225//1233 7330//1233 7196//1233
f 7339//1234 7223//1234 7219//1234
f 7328//1235 7224//1235 7340//1235
f 7247//1236 7338//1236 7218//1236
f 7346//1237 7245//1237 7241//1237
f 7336//1238 7246//1238 7347//1238
f 7268//1239 7344//1239 7240//1239
f 7353//1240 7266//1240 7263//1240
f 7343//1241 7267//1241 7354//1241
f 7284//1242 7349//1242 7290//1242
f 7291//1243 7351//1243 7262//1243
f 7361//1244 7366//1244 7326//1244
f 7360//1245 7325//1245 7337//1245
f 7375//1246 7357//1246 7335//1246
f 7374//1247 7334//1247 7345//1247
f 7381//1248 7371//1248 7342//1248
f 7380//1249 7341//1249 7352//1249
f 7384//1250 7372//1250 7392//1250
f 7356//1251 7388//1251 7395//1251
f 7373//1252 7387//1252 7355//1252
f 7404//1253 7406//1253 7410//1253
f 7403//1254 7409//1254 7396//1254
f 7419//1255 7422//1255 7383//1255
f 7418//1256 7382//1256 7391//1256
f 7427//1257 7385//1257 7424//1257
f 7394//1258 7430//1258 7399//1258
f 7386//1259 7429//1259 7393//1259
f 7435//1260 7437//1260 7426//1260
f 7434//1261 7425//1261 7423//1261
f 7441//1262 7443//1262 7398//1262
s 1
f 7441//1262 7398//1262 7428//1262
s 0
f 6964//1263 6729//1263 6726//1263
f 6730//1264 6965//1264 6690//1264
f 6725//1265 6954//1265 6963//1265
f 7449//1266 6953//1266 6724//1266
f 6993//1267 7446//1267 7455//1267
f 7447//1268 6994//1268 6958//1268
f 7454//1269 7000//1269 6992//1269
f 6959//1270 6952//1270 7448//1270
f 7460//1271 6999//1271 7453//1271
f 6919//1272 6691//1272 6967//1272
f 6665//1273 6688//1273 6922//1273
f 6651//1274 6646//1274 6918//1274
f 6917//1275 6645//1275 6667//1275
f 6642//1274 6651//1274 7195//1274
f 6666//1276 6923//1276 6914//1276
f 6920//1277 6968//1277 6926//1277
f 6913//1278 7130//1278 6650//1278
f 6649//1279 6916//1279 6912//1279
f 6648//1280 7129//1280 7193//1280
f 6687//1281 6692//1281 6921//1281
f 7026//1282 7458//1282 7466//1282
f 7467//1283 7033//1283 7027//1283
f 7465//1284 7060//1284 7032//1284
f 7028//1285 6998//1285 7459//1285
f 7472//1286 7059//1286 7464//1286
f 7094//1287 6803//1287 6801//1287
f 7470//1288 6805//1288 7065//1288
f 6804//1289 7095//1289 7064//1289
f 6800//1290 7100//1290 7093//1290
f 7066//1291 7058//1291 7471//1291
f 6761//1292 7099//1292 6799//1292
f 7103//1293 6762//1293 7111//1293
f 6771//1294 7072//1294 7108//1294
f 7166//1295 7071//1295 6769//1295
f 6766//1296 7105//1296 7112//1296
f 6760//1297 6764//1297 7109//1297
s 1
f 6765//1298 6774//1298 7104//1298
s 0
f 6752//1299 7310//1299 6768//1299
f 7106//1299 6775//1299 6768//1299
f 7311//1300 6753//1300 7308//1300
s 1
f 7168//1301 6770//1301 7313//1301
s 0
f 7088//1302 7101//1302 7110//1302
f 7194//1303 7183//1303 6641//1303
f 7179//1304 6684//1304 7181//1304
f 6643//1305 7184//1305 6685//1305
f 6696//1306 7176//1306 7173//1306
f 6683//1307 7177//1307 6697//1307
f 6695//1308 7324//1308 6670//1308
f 6694//1309 7172//1309 7323//1309
f 6677//1310 7319//1310 7329//1310
f 6676//1311 7327//1311 6673//1311
f 7358//1312 7397//1312 7412//1312
f 7359//1313 7413//1313 7363//1313
f 7331//1314 7367//1314 6674//1314
f 6678//1315 6669//1315 7320//1315
f 6680//1316 7362//1316 6519//1316
f 7407//1317 6518//1317 7411//1317
f 6521//1318 7364//1318 7414//1318
f 6528//1319 6520//1319 7408//1319
f 7405//1320 7402//1320 6527//1320
f 6547//1321 6526//1321 7401//1321
f 6534//1322 6545//1322 7444//1322
f 7400//1323 7445//1323 6546//1323
f 6681//1324 6672//1324 7365//1324
f 7440//1325 6533//1325 7442//1325
s 1
f 7287//1326 7481//1326 7350//1326
s 0
f 7377//1327 7348//1327 7479//1327
f 6633//1328 7482//1328 6743//1328
f 6636//1329 7369//1329 7379//1329
f 7376//1330 7476//1330 6631//1330
f 6740//1331 6742//1331 7478//1331
f 7316//1332 7306//1332 6757//1332
f 6751//1333 6755//1333 7305//1333
f 7315//1334 6747//1334 7283//1334
f 6748//1335 7480//1335 7285//1335
f 6756//1336 6745//1336 7314//1336
f 6746//1337 6739//1337 7477//1337
f 7433//1338 6549//1338 7436//1338
f 6536//1339 7438//1339 6550//1339
f 6618//1340 6548//1340 7432//1340
f 6537//1341 6532//1341 7439//1341
f 6617//1342 7431//1342 7421//1342
f 6632//1343 6635//1343 7378//1343
f 6623//1344 7389//1344 7368//1344
f 6637//1345 6626//1345 7370//1345
f 6615//1346 7415//1346 6624//1346
f 7390//1347 6625//1347 7416//1347
f 7417//1348 6616//1348 7420//1348
f 6738//1349 7452//1349 6727//1349
f 6737//1350 6876//1350 7451//1350
f 7457//1351 7450//1351 6875//1351
f 7463//1352 7456//1352 6874//1352
f 7469//1353 7461//1353 6880//1353
f 7475//1354 7468//1354 6879//1354
f 6878//1355 6810//1355 7474//1355
f 6806//1356 7473//1356 6809//1356
f 6873//1357 6881//1357 7462//1357
f 7483//1358 7487//1358 7493//1358
f 7483//1358 7493//1358 7498//1358
f 7501//1359 7505//1359 7488//1359
f 7501//1359 7488//1359 7484//1359
s 1
f 7510//1360 7514//1360 7506//1360
f 7510//1360 7506//1360 7502//1360
s 0
f 7520//1361 7525//1361 7515//1361
f 7521//1362 7516//1362 7511//1362
f 7530//1363 7534//1363 7526//1363
f 7530//1363 7526//1363 7522//1363
f 7539//1364 7543//1364 7535//1364
f 7539//1364 7535//1364 7531//1364
f 7549//1365 7553//1365 7544//1365
f 7549//1365 7544//1365 7540//1365
f 7558//1366 7563//1366 7552//1366
f 7558//1366 7552//1366 7548//1366
f 7568//1367 7573//1367 7561//1367
f 7569//1368 7562//1368 7557//1368
f 7578//1369 7582//1369 7572//1369
f 7578//1369 7572//1369 7567//1369
f 7587//1370 7591//1370 7581//1370
f 7587//1370 7581//1370 7577//1370
f 7596//1371 7600//1371 7590//1371
f 7596//1371 7590//1371 7586//1371
f 7605//1372 7609//1372 7599//1372
f 7605//1372 7599//1372 7595//1372
f 7614//1373 7618//1373 7608//1373
f 7614//1373 7608//1373 7604//1373
f 7623//1374 7627//1374 7617//1374
f 7623//1374 7617//1374 7613//1374
f 7632//1375 7636//1375 7626//1375
f 7632//1375 7626//1375 7622//1375
f 7641//1376 7645//1376 7635//1376
f 7641//1376 7635//1376 7631//1376
f 7649//1377 7655//1377 7644//1377
f 7649//1377 7644//1377 7640//1377
f 7658//1378 7665//1378 7657//1378
f 7658//1378 7657//1378 7651//1378
f 7667//1379 7674//1379 7666//1379
f 7667//1379 7666//1379 7659//1379
f 7676//1380 7683//1380 7675//1380
f 7676//1380 7675//1380 7668//1380
f 7685//1381 7692//1381 7684//1381
f 7685//1381 7684//1381 7677//1381
f 7694//1382 7701//1382 7693//1382
f 7694//1382 7693//1382 7686//1382
f 7703//1383 7710//1383 7702//1383
f 7703//1383 7702//1383 7695//1383
f 7712//1384 7719//1384 7711//1384
f 7712//1384 7711//1384 7704//1384
f 7721//1385 7728//1385 7720//1385
f 7721//1385 7720//1385 7713//1385
f 7730//1386 7737//1386 7729//1386
f 7730//1386 7729//1386 7722//1386
f 7740//1387 7748//1387 7738//1387
f 7741//1388 7739//1388 7731//1388
f 7750//1389 7757//1389 7749//1389
f 7750//1389 7749//1389 7742//1389
f 7760//1390 7767//1390 7758//1390
f 7760//1390 7758//1390 7751//1390
f 7769//1391 7776//1391 7766//1391
f 7769//1391 7766//1391 7759//1391
f 7778//1392 7786//1392 7775//1392
f 7778//1392 7775//1392 7768//1392
f 7788//1393 7796//1393 7784//1393
f 7789//1394 7785//1394 7777//1394
f 7798//1395 7805//1395 7795//1395
f 7798//1395 7795//1395 7787//1395
f 7807//1396 7814//1396 7804//1396
f 7807//1396 7804//1396 7797//1396
f 7816//1397 7823//1397 7813//1397
f 7816//1397 7813//1397 7806//1397
f 7825//1398 7832//1398 7822//1398
f 7825//1398 7822//1398 7815//1398
f 7834//1399 7841//1399 7831//1399
f 7834//1399 7831//1399 7824//1399
f 7843//1400 7850//1400 7840//1400
f 7843//1400 7840//1400 7833//1400
f 7852//1401 7859//1401 7849//1401
f 7852//1401 7849//1401 7842//1401
f 7861//1402 7868//1402 7858//1402
f 7861//1402 7858//1402 7851//1402
f 7871//1403 7877//1403 7867//1403
f 7871//1403 7867//1403 7860//1403
f 7878//1404 7882//1404 7875//1404
f 7878//1404 7875//1404 7869//1404
f 7887//1405 7891//1405 7883//1405
f 7887//1405 7883//1405 7879//1405
f 7896//1406 7900//1406 7892//1406
f 7896//1406 7892//1406 7888//1406
f 7905//1407 7909//1407 7901//1407
f 7905//1407 7901//1407 7897//1407
f 7914//1408 7918//1408 7910//1408
f 7914//1408 7910//1408 7906//1408
f 7497//1409 7492//1409 7919//1409
f 7497//1409 7919//1409 7915//1409
f 7923//1410 7485//1410 7500//1410
f 7923//1410 7500//1410 7928//1410
f 7931//1411 7503//1411 7486//1411
s 1
f 7931//1411 7486//1411 7924//1411
s 0
f 7935//1412 7512//1412 7504//1412
f 7935//1412 7504//1412 7932//1412
f 7939//1413 7523//1413 7513//1413
f 7939//1413 7513//1413 7936//1413
f 7943//1414 7532//1414 7524//1414
f 7943//1414 7524//1414 7940//1414
f 7947//1415 7541//1415 7533//1415
f 7947//1415 7533//1415 7944//1415
f 7953//1416 7551//1416 7542//1416
f 7953//1416 7542//1416 7948//1416
f 7957//1417 7560//1417 7550//1417
f 7957//1417 7550//1417 7952//1417
f 7961//1418 7571//1418 7559//1418
f 7961//1418 7559//1418 7956//1418
f 7965//1419 7580//1419 7570//1419
f 7965//1419 7570//1419 7960//1419
f 7969//1420 7589//1420 7579//1420
f 7969//1420 7579//1420 7964//1420
f 7973//1421 7598//1421 7588//1421
f 7973//1421 7588//1421 7968//1421
f 7978//1422 7607//1422 7597//1422
f 7978//1422 7597//1422 7972//1422
f 7982//1423 7616//1423 7606//1423
f 7982//1423 7606//1423 7977//1423
f 7986//1424 7625//1424 7615//1424
f 7986//1424 7615//1424 7981//1424
f 7990//1425 7634//1425 7624//1425
f 7990//1425 7624//1425 7985//1425
f 7994//1426 7643//1426 7633//1426
f 7994//1426 7633//1426 7989//1426
f 7997//1427 7650//1427 7642//1427
f 7997//1427 7642//1427 7993//1427
f 8001//1428 7660//1428 7652//1428
f 8001//1428 7652//1428 7999//1428
f 8005//1429 7669//1429 7661//1429
f 8005//1429 7661//1429 8002//1429
f 8009//1430 7678//1430 7670//1430
f 8009//1430 7670//1430 8006//1430
f 8013//1431 7687//1431 7679//1431
f 8013//1431 7679//1431 8010//1431
f 8017//1432 7696//1432 7688//1432
f 8017//1432 7688//1432 8014//1432
f 8021//1433 7705//1433 7697//1433
f 8021//1433 7697//1433 8018//1433
f 8025//1434 7714//1434 7706//1434
f 8025//1434 7706//1434 8022//1434
f 8029//1435 7723//1435 7715//1435
f 8029//1435 7715//1435 8026//1435
f 8033//1436 7732//1436 7724//1436
f 8033//1436 7724//1436 8030//1436
f 8037//1437 7743//1437 7733//1437
f 8037//1437 7733//1437 8034//1437
f 8041//1438 7752//1438 7744//1438
f 8041//1438 7744//1438 8038//1438
f 8046//1439 7762//1439 7753//1439
f 8046//1439 7753//1439 8042//1439
f 8051//1440 7771//1440 7761//1440
f 8051//1440 7761//1440 8045//1440
f 8055//1441 7780//1441 7770//1441
f 8055//1441 7770//1441 8050//1441
f 8059//1442 7791//1442 7779//1442
f 8059//1442 7779//1442 8054//1442
f 8063//1443 7800//1443 7790//1443
f 8063//1443 7790//1443 8058//1443
f 8067//1444 7809//1444 7799//1444
f 8067//1444 7799//1444 8062//1444
f 8071//1445 7818//1445 7808//1445
f 8071//1445 7808//1445 8066//1445
f 8075//1446 7827//1446 7817//1446
f 8075//1446 7817//1446 8070//1446
f 8079//1447 7836//1447 7826//1447
f 8079//1447 7826//1447 8074//1447
f 8083//1448 7845//1448 7835//1448
f 8083//1448 7835//1448 8078//1448
s 1
f 8087//1449 7854//1449 7844//1449
s 0
f 8087//1449 7844//1449 8082//1449
f 8091//1450 7863//1450 7853//1450
f 8091//1450 7853//1450 8086//1450
f 8096//1451 7872//1451 7862//1451
f 8096//1451 7862//1451 8090//1451
f 8098//1452 7880//1452 7870//1452
f 8098//1452 7870//1452 8094//1452
f 8102//1453 7889//1453 7881//1453
f 8102//1453 7881//1453 8099//1453
f 8106//1454 7898//1454 7890//1454
f 8106//1454 7890//1454 8103//1454
f 8110//1455 7907//1455 7899//1455
f 8110//1455 7899//1455 8107//1455
f 8114//1456 7916//1456 7908//1456
f 8114//1456 7908//1456 8111//1456
f 7927//1457 7499//1457 7917//1457
f 7927//1457 7917//1457 8115//1457
f 8118//1458 7925//1458 7930//1458
f 8118//1458 7930//1458 8123//1458
f 8126//1459 7933//1459 7926//1459
f 8126//1459 7926//1459 8119//1459
f 8131//1460 7937//1460 7934//1460
f 8131//1460 7934//1460 8127//1460
f 8135//1461 7941//1461 7938//1461
f 8135//1461 7938//1461 8132//1461
f 8140//1462 7945//1462 7942//1462
f 8140//1462 7942//1462 8136//1462
f 8145//1463 7950//1463 7946//1463
f 8145//1463 7946//1463 8141//1463
f 8151//1464 7955//1464 7949//1464
f 8152//1465 7951//1465 8146//1465
f 8157//1466 7959//1466 7954//1466
f 8157//1466 7954//1466 8150//1466
f 8161//1467 7963//1467 7958//1467
f 8161//1467 7958//1467 8156//1467
f 8165//1468 7967//1468 7962//1468
f 8165//1468 7962//1468 8160//1468
f 8170//1469 7971//1469 7966//1469
f 8170//1469 7966//1469 8164//1469
f 8174//1470 7976//1470 7970//1470
f 8174//1470 7970//1470 8169//1470
f 8178//1471 7980//1471 7974//1471
f 8179//1472 7975//1472 8173//1472
f 8183//1473 7984//1473 7979//1473
f 8183//1473 7979//1473 8177//1473
f 8187//1474 7988//1474 7983//1474
f 8187//1474 7983//1474 8182//1474
f 8192//1475 7992//1475 7987//1475
f 8192//1475 7987//1475 8186//1475
f 8198//1476 7996//1476 7991//1476
f 8198//1476 7991//1476 8191//1476
f 8200//1477 7998//1477 7995//1477
f 8200//1477 7995//1477 8196//1477
f 8204//1478 8003//1478 8000//1478
f 8204//1478 8000//1478 8202//1478
f 8209//1479 8007//1479 8004//1479
f 8209//1479 8004//1479 8206//1479
f 8213//1480 8011//1480 8008//1480
f 8213//1480 8008//1480 8210//1480
f 8217//1481 8015//1481 8012//1481
f 8217//1481 8012//1481 8214//1481
f 8222//1482 8019//1482 8016//1482
f 8222//1482 8016//1482 8218//1482
f 8227//1483 8023//1483 8020//1483
f 8227//1483 8020//1483 8223//1483
f 8232//1484 8027//1484 8024//1484
f 8232//1484 8024//1484 8228//1484
f 8236//1485 8031//1485 8028//1485
f 8236//1485 8028//1485 8233//1485
f 8240//1486 8035//1486 8032//1486
f 8240//1486 8032//1486 8237//1486
f 8245//1487 8039//1487 8036//1487
f 8245//1487 8036//1487 8241//1487
f 8249//1488 8043//1488 8040//1488
f 8249//1488 8040//1488 8246//1488
f 8254//1489 8049//1489 8044//1489
f 8254//1489 8044//1489 8250//1489
f 8258//1490 8053//1490 8047//1490
f 8259//1491 8048//1491 8253//1491
f 8263//1492 8057//1492 8052//1492
f 8263//1492 8052//1492 8257//1492
f 8268//1493 8061//1493 8056//1493
f 8268//1493 8056//1493 8262//1493
f 8272//1494 8065//1494 8060//1494
f 8272//1494 8060//1494 8267//1494
f 8277//1495 8069//1495 8064//1495
f 8277//1495 8064//1495 8271//1495
f 8281//1496 8073//1496 8068//1496
f 8281//1496 8068//1496 8276//1496
f 8285//1497 8077//1497 8072//1497
f 8285//1497 8072//1497 8280//1497
f 8289//1498 8081//1498 8076//1498
f 8289//1498 8076//1498 8284//1498
f 8293//1499 8085//1499 8080//1499
f 8293//1499 8080//1499 8288//1499
f 8298//1500 8089//1500 8084//1500
f 8298//1500 8084//1500 8292//1500
f 8304//1501 8093//1501 8088//1501
f 8304//1501 8088//1501 8297//1501
f 8308//1502 8097//1502 8092//1502
f 8308//1502 8092//1502 8302//1502
f 8310//1503 8100//1503 8095//1503
f 8310//1503 8095//1503 8306//1503
f 8315//1504 8104//1504 8101//1504
f 8315//1504 8101//1504 8312//1504
f 8319//1505 8108//1505 8105//1505
f 8319//1505 8105//1505 8316//1505
f 8323//1506 8112//1506 8109//1506
f 8323//1506 8109//1506 8320//1506
f 8328//1507 8116//1507 8113//1507
f 8328//1507 8113//1507 8324//1507
f 8122//1508 7929//1508 8117//1508
f 8122//1508 8117//1508 8329//1508
f 8332//1509 8120//1509 8125//1509
f 8332//1509 8125//1509 8338//1509
f 8340//1510 8128//1510 8121//1510
f 8340//1510 8121//1510 8334//1510
f 8345//1511 8133//1511 8130//1511
f 8344//1512 8129//1512 8342//1512
s 1
f 8349//1513 8137//1513 8134//1513
s 0
f 8349//1513 8134//1513 8346//1513
f 8354//1514 8142//1514 8138//1514
f 8355//1515 8139//1515 8350//1515
f 8360//1516 8148//1516 8144//1516
f 8359//1517 8143//1517 8356//1517
f 8365//1518 8155//1518 8147//1518
f 8366//1519 8149//1519 8361//1519
f 8371//1520 8159//1520 8153//1520
f 8372//1521 8154//1521 8364//1521
f 8376//1522 8163//1522 8158//1522
f 8376//1522 8158//1522 8370//1522
f 8381//1523 8168//1523 8162//1523
f 8381//1523 8162//1523 8375//1523
f 8386//1524 8172//1524 8166//1524
f 8387//1525 8167//1525 8379//1525
f 8392//1526 8176//1526 8171//1526
f 8392//1526 8171//1526 8383//1526
s 1
f 8396//1527 8181//1527 8175//1527
s 0
f 8396//1527 8175//1527 8389//1527
f 8400//1528 8185//1528 8180//1528
f 8400//1528 8180//1528 8394//1528
f 8404//1529 8190//1529 8184//1529
f 8404//1529 8184//1529 8398//1529
f 8408//1530 8195//1530 8188//1530
f 8409//1531 8189//1531 8402//1531
f 8414//1532 8199//1532 8194//1532
f 8413//1533 8193//1533 8406//1533
f 8416//1534 8201//1534 8197//1534
f 8416//1534 8197//1534 8411//1534
f 8420//1535 8205//1535 8203//1535
f 8420//1535 8203//1535 8418//1535
f 8425//1536 8211//1536 8208//1536
f 8424//1537 8207//1537 8422//1537
f 8429//1538 8215//1538 8212//1538
f 8429//1538 8212//1538 8427//1538
f 8433//1539 8219//1539 8216//1539
f 8433//1539 8216//1539 8431//1539
f 8438//1540 8224//1540 8221//1540
f 8437//1541 8220//1541 8435//1541
f 8443//1542 8229//1542 8226//1542
f 8442//1543 8225//1543 8440//1543
f 8448//1544 8234//1544 8230//1544
f 8449//1545 8231//1545 8445//1545
f 8453//1546 8238//1546 8235//1546
f 8453//1546 8235//1546 8451//1546
f 8457//1547 8242//1547 8239//1547
f 8457//1547 8239//1547 8455//1547
s 1
f 8461//1548 8247//1548 8243//1548
s 0
f 8462//1549 8244//1549 8458//1549
f 8467//1550 8251//1550 8248//1550
f 8467//1550 8248//1550 8463//1550
f 8472//1551 8256//1551 8252//1551
f 8472//1551 8252//1551 8468//1551
f 8476//1552 8261//1552 8255//1552
f 8476//1552 8255//1552 8471//1552
f 8481//1553 8266//1553 8260//1553
f 8481//1553 8260//1553 8475//1553
f 8486//1554 8270//1554 8265//1554
f 8485//1555 8264//1555 8480//1555
f 8491//1556 8275//1556 8269//1556
f 8491//1556 8269//1556 8484//1556
f 8497//1557 8279//1557 8274//1557
f 8496//1558 8273//1558 8489//1558
f 8502//1559 8283//1559 8278//1559
f 8502//1559 8278//1559 8493//1559
f 8506//1560 8287//1560 8282//1560
f 8506//1560 8282//1560 8499//1560
f 8510//1561 8291//1561 8286//1561
f 8510//1561 8286//1561 8504//1561
f 8514//1562 8296//1562 8290//1562
f 8514//1562 8290//1562 8508//1562
f 8519//1563 8301//1563 8295//1563
f 8518//1564 8294//1564 8512//1564
f 8523//1565 8305//1565 8299//1565
f 8524//1566 8300//1566 8516//1566
f 8528//1567 8309//1567 8303//1567
f 8528//1567 8303//1567 8521//1567
s 1
f 8530//1568 8311//1568 8307//1568
s 0
f 8530//1568 8307//1568 8526//1568
f 8535//1569 8317//1569 8314//1569
f 8534//1570 8313//1570 8532//1570
f 8539//1571 8321//1571 8318//1571
f 8539//1571 8318//1571 8537//1571
f 8543//1572 8325//1572 8322//1572
f 8543//1572 8322//1572 8541//1572
f 8548//1573 8330//1573 8327//1573
f 8547//1574 8326//1574 8545//1574
f 8336//1575 8124//1575 8331//1575
s 1
f 8336//1575 8331//1575 8550//1575
s 0
f 8553//1576 8333//1576 8339//1576
f 8553//1576 8339//1576 8560//1576
f 8563//1577 8341//1577 8335//1577
f 8563//1577 8335//1577 8555//1577
f 8567//1578 8347//1578 8343//1578
f 8567//1578 8343//1578 8565//1578
f 8571//1579 8351//1579 8348//1579
f 8571//1579 8348//1579 8569//1579
f 8575//1580 8357//1580 8352//1580
f 8576//1581 8353//1581 8573//1581
f 8580//1582 8362//1582 8358//1582
f 8580//1582 8358//1582 8578//1582
f 8586//1583 8369//1583 8363//1583
s 1
f 8586//1583 8363//1583 8581//1583
s 0
f 8591//1584 8374//1584 8368//1584
f 8590//1585 8367//1585 8584//1585
f 8595//1586 8378//1586 8373//1586
f 8595//1586 8373//1586 8588//1586
f 8599//1587 8382//1587 8377//1587
f 8599//1587 8377//1587 8593//1587
f 8603//1588 8388//1588 8380//1588
f 8603//1588 8380//1588 8597//1588
f 8609//1589 8393//1589 8385//1589
f 8608//1590 8384//1590 8601//1590
f 8614//1591 8397//1591 8391//1591
f 8613//1592 8390//1592 8605//1592
f 8618//1593 8401//1593 8395//1593
f 8618//1593 8395//1593 8611//1593
f 8622//1594 8405//1594 8399//1594
f 8622//1594 8399//1594 8616//1594
f 8626//1595 8410//1595 8403//1595
f 8626//1595 8403//1595 8620//1595
f 8630//1596 8415//1596 8407//1596
f 8630//1596 8407//1596 8624//1596
s 1
f 8632//1597 8417//1597 8412//1597
s 0
f 8632//1597 8412//1597 8628//1597
f 8636//1598 8421//1598 8419//1598
s 1
f 8636//1598 8419//1598 8634//1598
s 0
f 8640//1599 8426//1599 8423//1599
f 8640//1599 8423//1599 8638//1599
s 1
f 8644//1600 8430//1600 8428//1600
s 0
f 8644//1600 8428//1600 8642//1600
f 8648//1601 8434//1601 8432//1601
f 8648//1601 8432//1601 8646//1601
f 8652//1602 8439//1602 8436//1602
f 8652//1602 8436//1602 8650//1602
f 8656//1603 8444//1603 8441//1603
f 8656//1603 8441//1603 8654//1603
f 8662//1604 8450//1604 8447//1604
f 8661//1605 8446//1605 8658//1605
f 8666//1606 8454//1606 8452//1606
f 8666//1606 8452//1606 8664//1606
f 8670//1607 8459//1607 8456//1607
f 8670//1607 8456//1607 8668//1607
f 8674//1608 8464//1608 8460//1608
f 8674//1608 8460//1608 8672//1608
f 8678//1609 8469//1609 8465//1609
f 8679//1610 8466//1610 8676//1610
f 8684//1611 8474//1611 8470//1611
f 8684//1611 8470//1611 8681//1611
f 8689//1612 8479//1612 8473//1612
f 8689//1612 8473//1612 8683//1612
f 8694//1613 8483//1613 8478//1613
f 8693//1614 8477//1614 8687//1614
f 8698//1615 8488//1615 8482//1615
s 1
f 8698//1615 8482//1615 8691//1615
s 0
f 8702//1616 8492//1616 8487//1616
f 8702//1616 8487//1616 8696//1616
f 8706//1617 8498//1617 8490//1617
f 8706//1617 8490//1617 8700//1617
f 8711//1618 8503//1618 8495//1618
f 8710//1619 8494//1619 8704//1619
f 8715//1620 8507//1620 8500//1620
f 8716//1621 8501//1621 8708//1621
f 8720//1622 8511//1622 8505//1622
f 8720//1622 8505//1622 8713//1622
f 8724//1623 8515//1623 8509//1623
f 8724//1623 8509//1623 8718//1623
f 8728//1624 8520//1624 8513//1624
f 8728//1624 8513//1624 8722//1624
f 8732//1625 8525//1625 8517//1625
f 8732//1625 8517//1625 8726//1625
f 8736//1626 8529//1626 8522//1626
f 8736//1626 8522//1626 8730//1626
f 8738//1627 8531//1627 8527//1627
s 1
f 8738//1627 8527//1627 8734//1627
s 0
f 8742//1628 8536//1628 8533//1628
f 8742//1628 8533//1628 8740//1628
f 8746//1629 8540//1629 8538//1629
f 8746//1629 8538//1629 8744//1629
f 8751//1630 8544//1630 8542//1630
f 8751//1630 8542//1630 8748//1630
f 8755//1631 8549//1631 8546//1631
f 8755//1631 8546//1631 8753//1631
f 8557//1632 8337//1632 8551//1632
f 8558//1633 8552//1633 8757//1633
f 8761//1634 8554//1634 8562//1634
f 8760//1635 8561//1635 8771//1635
f 8773//1636 8564//1636 8556//1636
f 8773//1636 8556//1636 8765//1636
f 8779//1637 8568//1637 8566//1637
f 8779//1637 8566//1637 8777//1637
f 8785//1638 8572//1638 8570//1638
f 8785//1638 8570//1638 8783//1638
f 8791//1639 8577//1639 8574//1639
f 8791//1639 8574//1639 8789//1639
f 8798//1640 8582//1640 8579//1640
f 8798//1640 8579//1640 8795//1640
f 8807//1641 8587//1641 8583//1641
f 8807//1641 8583//1641 8799//1641
s 1
f 8813//1642 8592//1642 8585//1642
s 0
f 8813//1642 8585//1642 8803//1642
f 8819//1643 8596//1643 8589//1643
f 8819//1643 8589//1643 8809//1643
f 8825//1644 8600//1644 8594//1644
f 8825//1644 8594//1644 8815//1644
f 8831//1645 8604//1645 8598//1645
f 8831//1645 8598//1645 8821//1645
f 8837//1646 8610//1646 8602//1646
f 8837//1646 8602//1646 8827//1646
s 1
f 8843//1647 8615//1647 8606//1647
s 0
f 8844//1648 8607//1648 8833//1648
f 8850//1649 8619//1649 8612//1649
f 8850//1649 8612//1649 8839//1649
f 8856//1650 8623//1650 8617//1650
f 8856//1650 8617//1650 8846//1650
f 8862//1651 8627//1651 8621//1651
f 8862//1651 8621//1651 8852//1651
f 8868//1652 8631//1652 8625//1652
f 8868//1652 8625//1652 8858//1652
f 8871//1653 8633//1653 8629//1653
f 8871//1653 8629//1653 8864//1653
f 8876//1654 8637//1654 8635//1654
f 8876//1654 8635//1654 8874//1654
f 8882//1655 8641//1655 8639//1655
f 8882//1655 8639//1655 8880//1655
f 8888//1656 8645//1656 8643//1656
f 8888//1656 8643//1656 8886//1656
f 8894//1657 8649//1657 8647//1657
f 8894//1657 8647//1657 8892//1657
f 8900//1658 8653//1658 8651//1658
f 8900//1658 8651//1658 8898//1658
f 8906//1659 8657//1659 8655//1659
f 8906//1659 8655//1659 8904//1659
f 8913//1660 8663//1660 8660//1660
f 8912//1661 8659//1661 8910//1661
f 8919//1662 8667//1662 8665//1662
f 8919//1662 8665//1662 8917//1662
f 8925//1663 8671//1663 8669//1663
f 8925//1663 8669//1663 8923//1663
f 8931//1664 8675//1664 8673//1664
f 8931//1664 8673//1664 8929//1664
f 8937//1665 8680//1665 8677//1665
f 8937//1665 8677//1665 8935//1665
f 8945//1666 8686//1666 8682//1666
f 8945//1666 8682//1666 8941//1666
f 8953//1667 8690//1667 8685//1667
f 8953//1667 8685//1667 8944//1667
s 1
f 8959//1668 8695//1668 8688//1668
s 0
f 8959//1668 8688//1668 8949//1668
f 8965//1669 8699//1669 8692//1669
f 8965//1669 8692//1669 8955//1669
f 8971//1670 8703//1670 8697//1670
f 8971//1670 8697//1670 8961//1670
f 8977//1671 8707//1671 8701//1671
f 8977//1671 8701//1671 8967//1671
f 8983//1672 8712//1672 8705//1672
f 8983//1672 8705//1672 8973//1672
f 8989//1673 8717//1673 8709//1673
f 8989//1673 8709//1673 8979//1673
f 8995//1674 8721//1674 8714//1674
f 8995//1674 8714//1674 8985//1674
f 9001//1675 8725//1675 8719//1675
f 9001//1675 8719//1675 8991//1675
f 9007//1676 8729//1676 8723//1676
f 9007//1676 8723//1676 8997//1676
f 9013//1677 8733//1677 8727//1677
f 9013//1677 8727//1677 9003//1677
s 1
f 9019//1678 8737//1678 8731//1678
s 0
f 9019//1678 8731//1678 9009//1678
f 9021//1679 8739//1679 8735//1679
f 9021//1679 8735//1679 9016//1679
f 9027//1680 8743//1680 8741//1680
f 9027//1680 8741//1680 9025//1680
f 9033//1681 8747//1681 8745//1681
f 9033//1681 8745//1681 9031//1681
f 9039//1682 8752//1682 8749//1682
f 9040//1683 8750//1683 9037//1683
f 9046//1684 8756//1684 8754//1684
f 9046//1684 8754//1684 9044//1684
f 8767//1685 8559//1685 8758//1685
f 8767//1685 8758//1685 9050//1685
f 7508//1686 9052//1686 9057//1686
f 7517//1687 9060//1687 9051//1687
f 7508//1686 9057//1686 9065//1686
f 9069//1688 7584//1688 9073//1688
f 7584//1688 9069//1688 9078//1688
f 9084//1689 9072//1689 7593//1689
f 9064//1690 9088//1690 7490//1690
f 7489//1691 9087//1691 9092//1691
f 9098//1692 9101//1692 7528//1692
f 7527//1693 9105//1693 9097//1693
f 7574//1694 9077//1694 9111//1694
f 9115//1695 9119//1695 7564//1695
f 9112//1696 9125//1696 7575//1696
f 9083//1697 7592//1697 9130//1697
f 9091//1698 9135//1698 7494//1698
f 9061//1692 7518//1692 9101//1692
f 7565//1696 9125//1696 9116//1696
f 9138//1699 9141//1699 7653//1699
f 9147//1700 7647//1700 9153//1700
f 7647//1700 9143//1700 9153//1700
f 7653//1699 9156//1699 9138//1699
f 7663//1701 9162//1701 9158//1701
f 9165//1701 9162//1701 7663//1701
f 9129//1702 7601//1702 9171//1702
f 9174//1703 9177//1703 7637//1703
f 9184//1702 9171//1702 7601//1702
s 1
f 9148//1703 9174//1703 7637//1703
f 9166//1704 7671//1704 9189//1704
s 0
f 7671//1704 9192//1704 9189//1704
f 7698//1705 9198//1705 9204//1705
f 9207//1706 9183//1706 7610//1706
f 9199//1707 7707//1707 9210//1707
f 7490//1690 7507//1690 9064//1690
f 7518//1692 7528//1692 9101//1692
f 7509//1708 7519//1708 9053//1708
f 9120//1709 9213//1709 7554//1709
f 9216//1710 7545//1710 9222//1710
f 9222//1710 7545//1710 9225//1710
f 7536//1711 9217//1711 9231//1711
f 9226//1709 7554//1709 9213//1709
f 9107//1712 7529//1712 7538//1712
f 7496//1713 7491//1713 9093//1713
f 9106//1711 7536//1711 9231//1711
f 9227//1714 7546//1714 7555//1714
f 9218//1715 7537//1715 7547//1715
f 7565//1696 7575//1696 9125//1696
f 7583//1689 7593//1689 9072//1689
f 9131//1716 7594//1716 7603//1716
f 7576//1717 7585//1717 9079//1717
f 7556//1718 7566//1718 9121//1718
f 9185//1719 7602//1719 7612//1719
f 7620//1720 9236//1720 9240//1720
f 9240//1720 9243//1720 7620//1720
f 9244//1706 9207//1706 7610//1706
f 7629//1721 9249//1721 9234//1721
f 9157//1722 7654//1722 7662//1722
f 7629//1721 9179//1721 9249//1721
f 7681//1723 9252//1723 9258//1723
f 9261//1724 7690//1724 9264//1724
f 9261//1724 9254//1724 7690//1724
f 7621//1725 9245//1725 7611//1725
f 9235//1726 7619//1726 7630//1726
f 7638//1727 7648//1727 9149//1727
f 7646//1728 7656//1728 9142//1728
f 7628//1729 7639//1729 9178//1729
f 7673//1730 7680//1730 9193//1730
f 9253//1731 7682//1731 7689//1731
f 9266//1732 7691//1732 7699//1732
f 9194//1723 7681//1723 9258//1723
f 7664//1733 7672//1733 9167//1733
f 9204//1705 9265//1705 7698//1705
f 7700//1734 7708//1734 9200//1734
f 7726//1735 9271//1735 9276//1735
f 7726//1735 9276//1735 9280//1735
f 9284//1736 7802//1736 9288//1736
f 9284//1736 9293//1736 7802//1736
f 9298//1737 7810//1737 9303//1737
f 9299//1738 9287//1738 7811//1738
f 7734//1739 9308//1739 9270//1739
f 7735//1740 9312//1740 9309//1740
f 9317//1741 7717//1741 9279//1741
f 9312//1740 7746//1740 9321//1740
f 9324//1742 9320//1742 7745//1742
f 7793//1743 9331//1743 9334//1743
f 9334//1743 9339//1743 7782//1743
f 9330//1744 7792//1744 9292//1744
f 7716//1745 9316//1745 9343//1745
f 7781//1746 9338//1746 9348//1746
f 7865//1747 9354//1747 9357//1747
f 9363//1748 9302//1748 7819//1748
f 9368//1747 9354//1747 7865//1747
f 7873//1749 9372//1749 9378//1749
f 7873//1749 9378//1749 9366//1749
f 9381//1750 9374//1750 7885//1750
f 9384//1750 9381//1750 7885//1750
f 9390//1751 9393//1751 7855//1751
f 9400//1748 9363//1748 7819//1748
f 9358//1751 9390//1751 7855//1751
f 7920//1752 9405//1752 9411//1752
f 7893//1753 9414//1753 9420//1753
f 7494//1698 9135//1698 9406//1698
f 9385//1753 7893//1753 9420//1753
f 9423//1754 9399//1754 7828//1754
f 9426//1755 7772//1755 9349//1755
f 7717//1741 7725//1741 9279//1741
f 7735//1740 7746//1740 9312//1740
f 7727//1756 7736//1756 9272//1756
f 9430//1755 7772//1755 9426//1755
f 7763//1757 9435//1757 9438//1757
f 9439//1758 9444//1758 7754//1758
f 7763//1757 9429//1757 9435//1757
f 9326//1759 7747//1759 7756//1759
f 9444//1758 9325//1758 7754//1758
f 7709//1760 7718//1760 9344//1760
f 9440//1761 7755//1761 7764//1761
f 7774//1762 7783//1762 9350//1762
f 9431//1763 7765//1763 7773//1763
f 7794//1764 7803//1764 9294//1764
f 9304//1765 7812//1765 7821//1765
f 9401//1766 7820//1766 7830//1766
f 7801//1738 7811//1738 9287//1738
f 7782//1743 7793//1743 9334//1743
f 9448//1754 9423//1754 7828//1754
f 9455//1767 9459//1767 7838//1767
f 9447//1767 7838//1767 9459//1767
f 7839//1768 9449//1768 7829//1768
f 7847//1769 9462//1769 9453//1769
s 1
f 9462//1769 7847//1769 9395//1769
s 0
f 9373//1770 7876//1770 7884//1770
f 7903//1771 9465//1771 9471//1771
f 9474//1772 7912//1772 9477//1772
f 9474//1772 9467//1772 7912//1772
f 7837//1773 7848//1773 9454//1773
f 7846//1774 7857//1774 9394//1774
f 7864//1775 7874//1775 9367//1775
f 7886//1776 7894//1776 9386//1776
f 7856//1777 7866//1777 9359//1777
f 9416//1771 7903//1771 9471//1771
f 9479//1778 7913//1778 7921//1778
f 7922//1779 7495//1779 9407//1779
f 9466//1780 7904//1780 7911//1780
f 7895//1781 7902//1781 9415//1781
f 9478//1752 7920//1752 9411//1752
f 7707//1707 9342//1707 9210//1707
f 8759//1782 8770//1782 9485//1782
s 1
f 8762//1783 9487//1783 9489//1783
s 0
f 8769//1784 9495//1784 9483//1784
f 8772//1785 8764//1785 9499//1785
f 8774//1786 9501//1786 9503//1786
f 8778//1787 8776//1787 9509//1787
f 8780//1788 9511//1788 9513//1788
f 8790//1789 8788//1789 9519//1789
f 8792//1790 9522//1790 9524//1790
f 8796//1791 8793//1791 9527//1791
f 8800//1792 9531//1792 9533//1792
f 8784//1793 8782//1793 9539//1793
f 8786//1794 9541//1794 9543//1794
f 8763//1795 9492//1795 9498//1795
f 8775//1796 9505//1796 9507//1796
f 8781//1797 9515//1797 9537//1797
f 8787//1798 9545//1798 9517//1798
f 8805//1799 8797//1799 9547//1799
f 8806//1800 9548//1800 9555//1800
f 8812//1801 8802//1801 9559//1801
f 8811//1802 9557//1802 9565//1802
f 8824//1803 8814//1803 9569//1803
f 8823//1804 9567//1804 9575//1804
f 8818//1805 8808//1805 9579//1805
f 8817//1806 9577//1806 9585//1806
f 8836//1807 8826//1807 9589//1807
f 8835//1808 9587//1808 9595//1808
f 8849//1809 8838//1809 9599//1809
f 8848//1810 9597//1810 9605//1810
f 8855//1811 8845//1811 9609//1811
f 8854//1812 9608//1812 9615//1812
f 8842//1813 8832//1813 9619//1813
f 8841//1814 9617//1814 9625//1814
f 8830//1815 8820//1815 9629//1815
f 8829//1816 9627//1816 9635//1816
f 8867//1817 8857//1817 9639//1817
s 1
f 8866//1818 9638//1818 9646//1818
s 0
f 8875//1819 8873//1819 9649//1819
s 1
f 8877//1820 9651//1820 9654//1820
s 0
f 8870//1821 8863//1821 9659//1821
f 8869//1822 9657//1822 9663//1822
f 8887//1823 8885//1823 9669//1823
f 8889//1824 9671//1824 9673//1824
f 8899//1825 8897//1825 9679//1825
f 8901//1826 9681//1826 9683//1826
f 8905//1827 8903//1827 9689//1827
f 8907//1828 9691//1828 9693//1828
f 8893//1829 8891//1829 9699//1829
f 8895//1830 9701//1830 9703//1830
f 8881//1831 8879//1831 9709//1831
f 8883//1832 9711//1832 9714//1832
f 8861//1833 8851//1833 9719//1833
f 8860//1834 9717//1834 9725//1834
f 9528//1835 8794//1835 9525//1835
f 8801//1836 9534//1836 9551//1836
f 8816//1837 9584//1837 9572//1837
f 8810//1838 9563//1838 9581//1838
f 8804//1839 9554//1839 9562//1839
f 8822//1840 9573//1840 9631//1840
f 8828//1841 9633//1841 9591//1841
f 8834//1842 9594//1842 9622//1842
f 8840//1843 9623//1843 9601//1843
f 8853//1844 9612//1844 9721//1844
f 8872//1845 9665//1845 9647//1845
f 8865//1846 9643//1846 9661//1846
f 8859//1847 9723//1847 9641//1847
s 1
f 8878//1848 9656//1848 9708//1848
s 0
f 8884//1849 9715//1849 9667//1849
f 8902//1850 9686//1850 9688//1850
f 8896//1851 9705//1851 9677//1851
f 8890//1852 9676//1852 9698//1852
f 8847//1853 9603//1853 9610//1853
f 8911//1854 8909//1854 9729//1854
s 1
f 8914//1855 9731//1855 9733//1855
s 0
f 9695//1856 9727//1856 8908//1856
f 8918//1857 8916//1857 9739//1857
f 8920//1858 9741//1858 9743//1858
f 8924//1859 8922//1859 9749//1859
f 8926//1860 9751//1860 9753//1860
f 8936//1861 8934//1861 9759//1861
f 8938//1862 9762//1862 9764//1862
f 8942//1863 8939//1863 9767//1863
f 8946//1864 9771//1864 9773//1864
f 8930//1865 8928//1865 9779//1865
f 8932//1866 9782//1866 9784//1866
f 9736//1867 9738//1867 8915//1867
f 8921//1868 9745//1868 9747//1868
s 1
f 8940//1869 9765//1869 9768//1869
s 0
f 8933//1870 9785//1870 9757//1870
f 8927//1871 9756//1871 9778//1871
f 8951//1872 8943//1872 9787//1872
f 8952//1873 9788//1873 9795//1873
f 8958//1874 8948//1874 9799//1874
f 8957//1875 9797//1875 9805//1875
f 8970//1876 8960//1876 9809//1876
f 8969//1877 9807//1877 9815//1877
f 8964//1878 8954//1878 9819//1878
f 8963//1879 9817//1879 9825//1879
f 8982//1880 8972//1880 9829//1880
f 8981//1881 9827//1881 9835//1881
f 8994//1882 8984//1882 9839//1882
f 8993//1883 9837//1883 9845//1883
f 9000//1884 8990//1884 9849//1884
f 8999//1885 9847//1885 9855//1885
f 8988//1886 8978//1886 9859//1886
f 8987//1887 9857//1887 9865//1887
f 8976//1888 8966//1888 9869//1888
f 8975//1889 9868//1889 9876//1889
f 9012//1890 9002//1890 9879//1890
s 1
f 9011//1891 9877//1891 9885//1891
s 0
f 9020//1892 9015//1892 9889//1892
f 9022//1893 9891//1893 9893//1893
f 9018//1894 9008//1894 9899//1894
f 9017//1895 9897//1895 9905//1895
f 9032//1896 9030//1896 9909//1896
f 9034//1897 9911//1897 9913//1897
f 9045//1898 9043//1898 9919//1898
f 9047//1899 9921//1899 9923//1899
f 8766//1900 9049//1900 9929//1900
f 8768//1901 9932//1901 9494//1901
f 9038//1902 9036//1902 9935//1902
f 9041//1903 9938//1903 9940//1903
f 9026//1904 9024//1904 9945//1904
f 9028//1905 9947//1905 9949//1905
f 9006//1906 8996//1906 9955//1906
f 9005//1907 9953//1907 9961//1907
f 8947//1908 9774//1908 9791//1908
f 8950//1909 9793//1909 9801//1909
f 8956//1910 9804//1910 9822//1910
s 1
f 8962//1911 9824//1911 9812//1911
s 0
f 8974//1912 9873//1912 9831//1912
f 8992//1913 9843//1913 9851//1913
f 8986//1914 9863//1914 9841//1914
f 8980//1915 9833//1915 9861//1915
f 8968//1916 9813//1916 9871//1916
f 8998//1917 9853//1917 9957//1917
f 9004//1918 9959//1918 9881//1918
f 9010//1919 9883//1919 9901//1919
f 9014//1920 9903//1920 9887//1920
f 9035//1921 9916//1921 9934//1921
f 9029//1922 9951//1922 9907//1922
f 9042//1923 9941//1923 9917//1923
f 9048//1924 9926//1924 9928//1924
f 9023//1925 9895//1925 9943//1925
f 9968//1926 9970//1926 9975//1926
f 9968//1926 9975//1926 9985//1926
f 9974//1927 9988//1927 9993//1927
f 9974//1927 9993//1927 9979//1927
f 10004//1928 10006//1928 10011//1928
f 10004//1928 10011//1928 10021//1928
f 10010//1929 9964//1929 9981//1929
f 10010//1929 9981//1929 10015//1929
f 10025//1930 10035//1930 10041//1930
f 10024//1931 10040//1931 10043//1931
s 1
f 10031//1932 10001//1932 10018//1932
f 10031//1932 10018//1932 10036//1932
s 0
f 10050//1933 10060//1933 10065//1933
s 1
f 10050//1933 10065//1933 10067//1933
s 0
f 10056//1934 10029//1934 10047//1934
f 10056//1934 10047//1934 10061//1934
f 10074//1935 10084//1935 10089//1935
f 10074//1935 10089//1935 10091//1935
f 10080//1936 10054//1936 10071//1936
f 10080//1936 10071//1936 10085//1936
f 10098//1937 10108//1937 10112//1937
f 10098//1937 10112//1937 10115//1937
f 10104//1938 10078//1938 10095//1938
f 10104//1938 10095//1938 10109//1938
f 10123//1939 10132//1939 10136//1939
f 10123//1939 10136//1939 10139//1939
f 10129//1940 10102//1940 10118//1940
s 1
f 10129//1940 10118//1940 10133//1940
s 0
f 10151//1941 10157//1941 10161//1941
f 10150//1942 10160//1942 10167//1942
f 10154//1943 10126//1943 10141//1943
f 10154//1943 10141//1943 10158//1943
f 10177//1944 10180//1944 10185//1944
f 10177//1944 10185//1944 10193//1944
f 10183//1945 10149//1945 10165//1945
f 10184//1946 10166//1946 10187//1946
f 10202//1947 10205//1947 10209//1947
f 10202//1947 10209//1947 10218//1947
f 10208//1948 10174//1948 10191//1948
f 10208//1948 10191//1948 10212//1948
f 10227//1949 10229//1949 10235//1949
f 10226//1950 10234//1950 10245//1950
f 10233//1951 10198//1951 10215//1951
f 10233//1951 10215//1951 10238//1951
s 1
f 10252//1952 10254//1952 10259//1952
s 0
f 10252//1952 10259//1952 10269//1952
f 10258//1953 10222//1953 10241//1953
f 10258//1953 10241//1953 10263//1953
f 10276//1954 10278//1954 10283//1954
s 1
f 10276//1954 10283//1954 10293//1954
s 0
f 10282//1955 10248//1955 10265//1955
f 10282//1955 10265//1955 10287//1955
f 10297//1956 10302//1956 10307//1956
f 10297//1956 10307//1956 10314//1956
f 10306//1957 10272//1957 10289//1957
s 1
f 10306//1957 10289//1957 10311//1957
s 0
f 10320//1958 10330//1958 10335//1958
f 10320//1958 10335//1958 10337//1958
f 10326//1959 10300//1959 10317//1959
f 10326//1959 10317//1959 10331//1959
f 10344//1960 10354//1960 10359//1960
f 10344//1960 10359//1960 10361//1960
f 10350//1961 10324//1961 10341//1961
f 10350//1961 10341//1961 10355//1961
f 10369//1962 10380//1962 10385//1962
f 10369//1962 10385//1962 10387//1962
f 10375//1963 10348//1963 10365//1963
f 10376//1964 10366//1964 10381//1964
f 10394//1965 10404//1965 10408//1965
f 10394//1965 10408//1965 10411//1965
f 10400//1966 10373//1966 10391//1966
f 10400//1966 10391//1966 10405//1966
s 1
f 10419//1967 10428//1967 10432//1967
s 0
f 10419//1967 10432//1967 10435//1967
f 10425//1968 10398//1968 10414//1968
s 1
f 10425//1968 10414//1968 10429//1968
f 10448//1969 10455//1969 10459//1969
s 0
f 10447//1970 10458//1970 10464//1970
f 10452//1971 10422//1971 10438//1971
f 10451//1972 10437//1972 10456//1972
f 10474//1973 10477//1973 10481//1973
f 10474//1973 10481//1973 10489//1973
f 10480//1974 10446//1974 10463//1974
f 10480//1974 10463//1974 10483//1974
f 10498//1975 10501//1975 10505//1975
f 10498//1975 10505//1975 10515//1975
f 10504//1976 10471//1976 10487//1976
f 10504//1976 10487//1976 10508//1976
f 10523//1977 10526//1977 10532//1977
f 10524//1978 10533//1978 10543//1978
f 10530//1979 10494//1979 10511//1979
f 10531//1980 10512//1980 10536//1980
f 9992//1981 10546//1981 10551//1981
f 9992//1981 10551//1981 9997//1981
f 10550//1982 10519//1982 10539//1982
f 10550//1982 10539//1982 10555//1982
f 10560//1983 10562//1983 10569//1983
f 10559//1984 10568//1984 10575//1984
f 10574//1985 10567//1985 10577//1985
f 10574//1985 10577//1985 10585//1985
f 10570//1986 10586//1986 10592//1986
f 10570//1986 10592//1986 10580//1986
f 10565//1987 10595//1987 10589//1987
f 10565//1987 10589//1987 10571//1987
f 10576//1988 9966//1988 10584//1988
f 9971//1989 10579//1989 10591//1989
f 9967//1990 10578//1990 9969//1990
f 10599//1991 9972//1991 10593//1991
f 9989//1992 10603//1992 10605//1992
f 9973//1993 10602//1993 9987//1993
f 10597//1994 10610//1994 10619//1994
f 10597//1994 10619//1994 10590//1994
f 10587//1995 10616//1995 10600//1995
s 1
f 10588//1996 10601//1996 10594//1996
s 0
f 10617//1997 10621//1997 10606//1997
f 10618//1998 10607//1998 10604//1998
f 10613//1999 10627//1999 10624//1999
f 10614//2000 10625//2000 10620//2000
f 10634//2001 10636//2001 10643//2001
f 10634//2001 10643//2001 10650//2001
f 10649//2002 10642//2002 10651//2002
f 10649//2002 10651//2002 10659//2002
f 10645//2003 10661//2003 10668//2003
s 1
f 10644//2004 10667//2004 10655//2004
s 0
f 10639//2005 10671//2005 10662//2005
f 10640//2006 10663//2006 10646//2006
f 10652//2007 10002//2007 10660//2007
f 10007//2008 10654//2008 10666//2008
f 10003//2009 10653//2009 10005//2009
f 10675//2010 10008//2010 10669//2010
f 9965//2011 10678//2011 10581//2011
f 10009//2012 10677//2012 9963//2012
f 10673//2013 10680//2013 10686//2013
f 10673//2013 10686//2013 10665//2013
f 10664//2014 10685//2014 10676//2014
f 10664//2014 10676//2014 10670//2014
f 10688//2015 10572//2015 10583//2015
f 10687//2016 10582//2016 10679//2016
f 10683//2017 10557//2017 10573//2017
f 10683//2017 10573//2017 10689//2017
f 10690//2018 10697//2018 10703//2018
f 10690//2018 10703//2018 10705//2018
f 10704//2019 10702//2019 10712//2019
f 10704//2019 10712//2019 10714//2019
f 10700//2020 10721//2020 10727//2020
f 10699//2021 10726//2021 10709//2021
f 10694//2022 10731//2022 10722//2022
f 10694//2022 10722//2022 10701//2022
f 10711//2023 10026//2023 10713//2023
f 10033//2024 10708//2024 10725//2024
f 10023//2025 10710//2025 10034//2025
s 1
f 10736//2026 10032//2026 10723//2026
s 0
f 9999//2027 10733//2027 10656//2027
f 10030//2028 10735//2028 10000//2028
f 10728//2029 10742//2029 10748//2029
f 10729//2030 10749//2030 10720//2030
f 10719//2031 10747//2031 10738//2031
f 10718//2032 10737//2032 10724//2032
f 10744//2033 10647//2033 10657//2033
f 10745//2034 10658//2034 10734//2034
f 10739//2035 10632//2035 10648//2035
f 10739//2035 10648//2035 10746//2035
f 10750//2036 10757//2036 10762//2036
f 10750//2036 10762//2036 10765//2036
f 10763//2037 10760//2037 10771//2037
f 10763//2037 10771//2037 10773//2037
f 10759//2038 10777//2038 10783//2038
f 10759//2038 10783//2038 10768//2038
f 10754//2039 10787//2039 10779//2039
f 10754//2039 10779//2039 10761//2039
f 10770//2040 10051//2040 10772//2040
f 10058//2041 10767//2041 10782//2041
f 10049//2042 10769//2042 10059//2042
f 10792//2043 10057//2043 10780//2043
f 10027//2044 10789//2044 10715//2044
f 10055//2045 10791//2045 10028//2045
f 10784//2046 10797//2046 10803//2046
f 10785//2047 10804//2047 10778//2047
f 10776//2048 10802//2048 10793//2048
f 10776//2048 10793//2048 10781//2048
f 10799//2049 10706//2049 10716//2049
f 10800//2050 10717//2050 10790//2050
f 10794//2051 10692//2051 10707//2051
f 10794//2051 10707//2051 10801//2051
f 10806//2052 10813//2052 10821//2052
f 10805//2053 10820//2053 10825//2053
f 10822//2054 10818//2054 10831//2054
f 10823//2055 10832//2055 10834//2055
f 10817//2056 10840//2056 10848//2056
f 10816//2057 10847//2057 10828//2057
f 10811//2058 10851//2058 10843//2058
f 10810//2059 10842//2059 10819//2059
f 10830//2060 10075//2060 10833//2060
f 10082//2061 10827//2061 10846//2061
f 10073//2062 10829//2062 10083//2062
f 10856//2063 10081//2063 10844//2063
f 10052//2064 10853//2064 10774//2064
f 10079//2065 10855//2065 10053//2065
f 10849//2066 10861//2066 10867//2066
f 10849//2066 10867//2066 10841//2066
f 10838//2067 10865//2067 10857//2067
f 10839//2068 10858//2068 10845//2068
f 10864//2069 10764//2069 10775//2069
f 10864//2069 10775//2069 10854//2069
f 10859//2070 10752//2070 10766//2070
s 1
f 10859//2070 10766//2070 10866//2070
s 0
f 10868//2071 10874//2071 10881//2071
f 10868//2071 10881//2071 10885//2071
f 10882//2072 10879//2072 10892//2072
f 10883//2073 10893//2073 10895//2073
f 10878//2074 10901//2074 10908//2074
f 10878//2074 10908//2074 10889//2074
f 10873//2075 10911//2075 10904//2075
f 10872//2076 10903//2076 10880//2076
f 10891//2077 10099//2077 10894//2077
f 10106//2078 10888//2078 10907//2078
f 10097//2079 10890//2079 10107//2079
f 10917//2080 10105//2080 10905//2080
f 10076//2081 10914//2081 10835//2081
f 10103//2082 10916//2082 10077//2082
f 10909//2083 10921//2083 10929//2083
f 10910//2084 10930//2084 10902//2084
f 10899//2085 10927//2085 10918//2085
f 10900//2086 10919//2086 10906//2086
f 10926//2087 10824//2087 10837//2087
f 10925//2088 10836//2088 10915//2088
f 10920//2089 10808//2089 10826//2089
f 10920//2089 10826//2089 10928//2089
f 10931//2090 10938//2090 10946//2090
f 10932//2091 10947//2091 10950//2091
f 10948//2092 10944//2092 10957//2092
f 10948//2092 10957//2092 10959//2092
f 10942//2093 10963//2093 10970//2093
f 10943//2094 10971//2094 10954//2094
f 10936//2095 10974//2095 10965//2095
f 10937//2096 10966//2096 10945//2096
f 10956//2097 10122//2097 10958//2097
f 10130//2098 10953//2098 10969//2098
f 10121//2099 10955//2099 10131//2099
f 10980//2100 10128//2100 10967//2100
f 10100//2101 10977//2101 10896//2101
f 10127//2102 10979//2102 10101//2102
f 10972//2103 10984//2103 10992//2103
f 10973//2104 10993//2104 10964//2104
f 10962//2105 10990//2105 10981//2105
f 10962//2105 10981//2105 10968//2105
f 10988//2106 10884//2106 10897//2106
f 10989//2107 10898//2107 10978//2107
f 10982//2108 10869//2108 10886//2108
f 10983//2109 10887//2109 10991//2109
f 10995//2110 11000//2110 11007//2110
f 10996//2111 11008//2111 11013//2111
f 11010//2112 11005//2112 11017//2112
f 11010//2112 11017//2112 11022//2112
f 11004//2113 11025//2113 11031//2113
f 11004//2113 11031//2113 11015//2113
f 10999//2114 11034//2114 11027//2114
f 10999//2114 11027//2114 11006//2114
f 11016//2115 10146//2115 11020//2115
f 10155//2116 11014//2116 11030//2116
f 10148//2117 11018//2117 10156//2117
f 11039//2118 10152//2118 11028//2118
f 10124//2119 11037//2119 10960//2119
f 10153//2120 11040//2120 10125//2120
f 11032//2121 11044//2121 11051//2121
f 11033//2122 11052//2122 11026//2122
f 11024//2123 11049//2123 11041//2123
f 11024//2123 11041//2123 11029//2123
f 11048//2124 10949//2124 10961//2124
f 11048//2124 10961//2124 11038//2124
f 11042//2125 10933//2125 10951//2125
f 11043//2126 10952//2126 11050//2126
f 11054//2127 11057//2127 11065//2127
f 11054//2127 11065//2127 11070//2127
f 11068//2128 11063//2128 11072//2128
f 11068//2128 11072//2128 11079//2128
s 1
f 11064//2129 11080//2129 11086//2129
s 0
f 11064//2129 11086//2129 11075//2129
f 11058//2130 11089//2130 11082//2130
f 11059//2131 11083//2131 11066//2131
f 11071//2132 10175//2132 11078//2132
f 10178//2133 11073//2133 11085//2133
f 10176//2134 11074//2134 10179//2134
f 11094//2135 10181//2135 11087//2135
f 10145//2136 11096//2136 11019//2136
f 10182//2137 11098//2137 10147//2137
f 11091//2138 11099//2138 11109//2138
f 11090//2139 11108//2139 11084//2139
f 11081//2140 11105//2140 11095//2140
f 11081//2140 11095//2140 11088//2140
f 11106//2141 11009//2141 11021//2141
s 1
f 11107//2142 11023//2142 11097//2142
s 0
f 11101//2143 10994//2143 11012//2143
f 11100//2144 11011//2144 11110//2144
f 11112//2145 11116//2145 11124//2145
f 11113//2146 11125//2146 11131//2146
f 11128//2147 11121//2147 11133//2147
f 11128//2147 11133//2147 11140//2147
f 11123//2148 11141//2148 11148//2148
f 11122//2149 11147//2149 11136//2149
f 11117//2150 11151//2150 11144//2150
f 11117//2150 11144//2150 11126//2150
f 11132//2151 10200//2151 11139//2151
f 10204//2152 11135//2152 11146//2152
f 10201//2153 11134//2153 10203//2153
f 11155//2154 10206//2154 11149//2154
f 10173//2155 11159//2155 11076//2155
f 10207//2156 11158//2156 10172//2156
f 11152//2157 11161//2157 11168//2157
f 11152//2157 11168//2157 11145//2157
f 11143//2158 11166//2158 11157//2158
f 11142//2159 11156//2159 11150//2159
f 11167//2160 11067//2160 11077//2160
f 11167//2160 11077//2160 11160//2160
f 11162//2161 11053//2161 11069//2161
f 11162//2161 11069//2161 11169//2161
f 11173//2162 11175//2162 11183//2162
f 11172//2163 11182//2163 11188//2163
f 11186//2164 11180//2164 11190//2164
f 11186//2164 11190//2164 11198//2164
f 11181//2165 11199//2165 11204//2165
f 11181//2165 11204//2165 11193//2165
f 11176//2166 11207//2166 11201//2166
f 11176//2166 11201//2166 11184//2166
f 11189//2167 10224//2167 11197//2167
s 1
f 10230//2168 11192//2168 11203//2168
s 0
f 10225//2169 11191//2169 10228//2169
f 11211//2170 10231//2170 11205//2170
f 10199//2171 11214//2171 11137//2171
f 10232//2172 11213//2172 10197//2172
s 1
f 11208//2173 11216//2173 11224//2173
s 0
f 11208//2173 11224//2173 11202//2173
f 11200//2174 11222//2174 11212//2174
f 11200//2174 11212//2174 11206//2174
f 11223//2175 11127//2175 11138//2175
f 11223//2175 11138//2175 11215//2175
f 11218//2176 11111//2176 11130//2176
f 11217//2177 11129//2177 11225//2177
f 11229//2178 11231//2178 11240//2178
f 11228//2179 11239//2179 11246//2179
f 11244//2180 11237//2180 11249//2180
f 11243//2181 11248//2181 11257//2181
f 11238//2182 11258//2182 11264//2182
f 11238//2182 11264//2182 11252//2182
f 11233//2183 11267//2183 11260//2183
f 11234//2184 11261//2184 11241//2184
f 11247//2185 10250//2185 11256//2185
f 10255//2186 11251//2186 11263//2186
f 10251//2187 11250//2187 10253//2187
f 11271//2188 10256//2188 11265//2188
f 10223//2189 11274//2189 11194//2189
f 10257//2190 11273//2190 10221//2190
f 11269//2191 11276//2191 11284//2191
f 11269//2191 11284//2191 11262//2191
f 11259//2192 11281//2192 11272//2192
f 11259//2192 11272//2192 11266//2192
f 11283//2193 11185//2193 11196//2193
f 11282//2194 11195//2194 11275//2194
f 11278//2195 11170//2195 11187//2195
f 11278//2195 11187//2195 11285//2195
f 11288//2196 11290//2196 11296//2196
f 11288//2196 11296//2196 11303//2196
f 11302//2197 11295//2197 11305//2197
f 11302//2197 11305//2197 11312//2197
f 11298//2198 11313//2198 11319//2198
f 11297//2199 11318//2199 11308//2199
f 11293//2200 11322//2200 11315//2200
f 11293//2200 11315//2200 11299//2200
f 11304//2201 10274//2201 11311//2201
f 10279//2202 11307//2202 11317//2202
f 10275//2203 11306//2203 10277//2203
f 11326//2204 10280//2204 11320//2204
f 10249//2205 11329//2205 11253//2205
f 10281//2206 11328//2206 10247//2206
f 11324//2207 11331//2207 11339//2207
f 11324//2207 11339//2207 11316//2207
f 11314//2208 11336//2208 11327//2208
f 11314//2208 11327//2208 11321//2208
f 11337//2209 11242//2209 11254//2209
f 11338//2210 11255//2210 11330//2210
f 11334//2211 11226//2211 11245//2211
f 11334//2211 11245//2211 11340//2211
f 11341//2212 11346//2212 11353//2212
f 11342//2213 11354//2213 11359//2213
f 11358//2214 11352//2214 11362//2214
f 11358//2214 11362//2214 11367//2214
f 11356//2215 11372//2215 11380//2215
f 11355//2216 11379//2216 11366//2216
f 11350//2217 11383//2217 11374//2217
f 11349//2218 11373//2218 11357//2218
f 11363//2219 10295//2219 11368//2219
f 10303//2220 11365//2220 11378//2220
s 1
f 10296//2221 11364//2221 10301//2221
s 0
f 11387//2222 10304//2222 11381//2222
f 10273//2223 11391//2223 11309//2223
s 1
f 10305//2224 11390//2224 10271//2224
s 0
f 11385//2225 11393//2225 11399//2225
f 11385//2225 11399//2225 11377//2225
f 11376//2226 11398//2226 11389//2226
f 11375//2227 11388//2227 11382//2227
f 11400//2228 11300//2228 11310//2228
f 11400//2228 11310//2228 11392//2228
f 11396//2229 11286//2229 11301//2229
f 11396//2229 11301//2229 11401//2229
f 11402//2230 11409//2230 11415//2230
f 11402//2230 11415//2230 11417//2230
f 11416//2231 11414//2231 11424//2231
f 11416//2231 11424//2231 11426//2231
f 11411//2232 11432//2232 11437//2232
f 11412//2233 11438//2233 11421//2233
f 11406//2234 11442//2234 11433//2234
f 11406//2234 11433//2234 11413//2234
f 11423//2235 10321//2235 11425//2235
f 10328//2236 11420//2236 11436//2236
f 10319//2237 11422//2237 10329//2237
f 11447//2238 10327//2238 11434//2238
f 10298//2239 11444//2239 11370//2239
f 10325//2240 11446//2240 10299//2240
f 11439//2241 11452//2241 11458//2241
f 11440//2242 11459//2242 11431//2242
f 11430//2243 11457//2243 11448//2243
f 11430//2243 11448//2243 11435//2243
f 11454//2244 11360//2244 11369//2244
f 11455//2245 11371//2245 11445//2245
f 11449//2246 11344//2246 11361//2246
f 11449//2246 11361//2246 11456//2246
f 11460//2247 11467//2247 11472//2247
f 11460//2247 11472//2247 11475//2247
f 11473//2248 11470//2248 11482//2248
f 11473//2248 11482//2248 11484//2248
f 11469//2249 11488//2249 11494//2249
f 11469//2249 11494//2249 11479//2249
f 11464//2250 11497//2250 11490//2250
f 11464//2250 11490//2250 11471//2250
f 11481//2251 10345//2251 11483//2251
f 10352//2252 11478//2252 11493//2252
f 10343//2253 11480//2253 10353//2253
f 11502//2254 10351//2254 11491//2254
f 10322//2255 11499//2255 11427//2255
f 10349//2256 11501//2256 10323//2256
f 11495//2257 11507//2257 11513//2257
f 11495//2257 11513//2257 11489//2257
f 11487//2258 11512//2258 11503//2258
f 11487//2258 11503//2258 11492//2258
f 11509//2259 11418//2259 11428//2259
f 11510//2260 11429//2260 11500//2260
f 11504//2261 11404//2261 11419//2261
f 11504//2261 11419//2261 11511//2261
f 11514//2262 11521//2262 11527//2262
f 11514//2262 11527//2262 11530//2262
f 11528//2263 11525//2263 11536//2263
f 11528//2263 11536//2263 11538//2263
f 11524//2264 11543//2264 11550//2264
f 11524//2264 11550//2264 11533//2264
f 11519//2265 11553//2265 11546//2265
f 11518//2266 11545//2266 11526//2266
f 11535//2267 10370//2267 11537//2267
f 10378//2268 11532//2268 11549//2268
f 10368//2269 11534//2269 10379//2269
f 11558//2270 10377//2270 11547//2270
f 10346//2271 11555//2271 11485//2271
f 10374//2272 11557//2272 10347//2272
f 11551//2273 11563//2273 11569//2273
f 11551//2273 11569//2273 11544//2273
f 11542//2274 11567//2274 11559//2274
f 11542//2274 11559//2274 11548//2274
f 11566//2275 11474//2275 11486//2275
f 11566//2275 11486//2275 11556//2275
f 11561//2276 11462//2276 11477//2276
f 11560//2277 11476//2277 11568//2277
f 11570//2278 11576//2278 11584//2278
f 11570//2278 11584//2278 11587//2278
f 11585//2279 11582//2279 11593//2279
f 11585//2279 11593//2279 11595//2279
f 11581//2280 11599//2280 11607//2280
f 11580//2281 11606//2281 11590//2281
f 11575//2282 11609//2282 11602//2282
f 11574//2283 11601//2283 11583//2283
f 11592//2284 10395//2284 11594//2284
f 10402//2285 11589//2285 11605//2285
f 10393//2286 11591//2286 10403//2286
f 11615//2287 10401//2287 11603//2287
s 1
f 10371//2288 11612//2288 11539//2288
s 0
f 10399//2289 11614//2289 10372//2289
f 11608//2290 11618//2290 11626//2290
f 11608//2290 11626//2290 11600//2290
f 11598//2291 11624//2291 11616//2291
f 11598//2291 11616//2291 11604//2291
f 11622//2292 11529//2292 11540//2292
f 11623//2293 11541//2293 11613//2293
f 11617//2294 11516//2294 11531//2294
f 11617//2294 11531//2294 11625//2294
f 11627//2295 11634//2295 11641//2295
f 11628//2296 11642//2296 11646//2296
f 11644//2297 11639//2297 11654//2297
f 11643//2298 11653//2298 11656//2298
f 11638//2299 11660//2299 11667//2299
f 11638//2299 11667//2299 11650//2299
f 11633//2300 11670//2300 11663//2300
f 11632//2301 11662//2301 11640//2301
f 11652//2302 10418//2302 11655//2302
f 10426//2303 11649//2303 11666//2303
f 10417//2304 11651//2304 10427//2304
f 11676//2305 10424//2305 11664//2305
f 10396//2306 11673//2306 11596//2306
f 10423//2307 11675//2307 10397//2307
f 11669//2308 11679//2308 11687//2308
f 11668//2309 11686//2309 11661//2309
f 11659//2310 11684//2310 11677//2310
s 1
f 11659//2310 11677//2310 11665//2310
s 0
f 11683//2311 11586//2311 11597//2311
f 11683//2311 11597//2311 11674//2311
f 11678//2312 11571//2312 11588//2312
f 11678//2312 11588//2312 11685//2312
f 11690//2313 11695//2313 11704//2313
f 11689//2314 11703//2314 11710//2314
f 11705//2315 11701//2315 11714//2315
f 11706//2316 11715//2316 11720//2316
f 11699//2317 11724//2317 11731//2317
f 11700//2318 11732//2318 11712//2318
f 11694//2319 11734//2319 11727//2319
f 11693//2320 11726//2320 11702//2320
f 11713//2321 10443//2321 11718//2321
f 10453//2322 11711//2322 11730//2322
f 10445//2323 11716//2323 10454//2323
f 11739//2324 10449//2324 11728//2324
f 10420//2325 11737//2325 11657//2325
s 1
f 10450//2326 11740//2326 10421//2326
s 0
f 11733//2327 11745//2327 11752//2327
f 11733//2327 11752//2327 11725//2327
f 11722//2328 11750//2328 11741//2328
f 11723//2329 11742//2329 11729//2329
f 11749//2330 11645//2330 11658//2330
f 11749//2330 11658//2330 11738//2330
f 11744//2331 11629//2331 11648//2331
f 11743//2332 11647//2332 11751//2332
f 11755//2333 11758//2333 11768//2333
f 11754//2334 11767//2334 11773//2334
f 11771//2335 11764//2335 11775//2335
f 11771//2335 11775//2335 11782//2335
f 11766//2336 11783//2336 11791//2336
f 11765//2337 11790//2337 11778//2337
f 11760//2338 11794//2338 11787//2338
s 1
f 11759//2339 11786//2339 11769//2339
s 0
f 11774//2340 10472//2340 11781//2340
f 10475//2341 11776//2341 11789//2341
f 10473//2342 11777//2342 10476//2342
f 11799//2343 10478//2343 11792//2343
f 10442//2344 11802//2344 11717//2344
f 10479//2345 11804//2345 10444//2345
f 11796//2346 11805//2346 11815//2346
f 11795//2347 11814//2347 11788//2347
f 11784//2348 11811//2348 11800//2348
f 11785//2349 11801//2349 11793//2349
f 11813//2350 11707//2350 11721//2350
s 1
f 11812//2351 11719//2351 11803//2351
s 0
f 11807//2352 11688//2352 11709//2352
f 11806//2353 11708//2353 11816//2353
f 11819//2354 11822//2354 11831//2354
f 11818//2355 11830//2355 11837//2355
f 11835//2356 11828//2356 11840//2356
f 11834//2357 11839//2357 11848//2357
f 11829//2358 11849//2358 11856//2358
f 11829//2358 11856//2358 11843//2358
s 1
f 11823//2359 11859//2359 11852//2359
s 0
f 11824//2360 11853//2360 11832//2360
f 11838//2361 10496//2361 11847//2361
f 10500//2362 11842//2362 11855//2362
f 10497//2363 11841//2363 10499//2363
f 11863//2364 10502//2364 11857//2364
f 10470//2365 11867//2365 11779//2365
f 10503//2366 11866//2366 10469//2366
f 11860//2367 11869//2367 11876//2367
f 11860//2367 11876//2367 11854//2367
f 11851//2368 11874//2368 11865//2368
f 11850//2369 11864//2369 11858//2369
f 11875//2370 11770//2370 11780//2370
f 11875//2370 11780//2370 11868//2370
f 11870//2371 11753//2371 11772//2371
f 11870//2371 11772//2371 11877//2371
f 11881//2372 11883//2372 11892//2372
f 11880//2373 11891//2373 11897//2373
f 11895//2374 11889//2374 11899//2374
s 1
f 11895//2374 11899//2374 11907//2374
s 0
f 11890//2375 11908//2375 11915//2375
f 11890//2375 11915//2375 11902//2375
f 11884//2376 11918//2376 11911//2376
f 11885//2377 11912//2377 11893//2377
f 11898//2378 10521//2378 11906//2378
f 10527//2379 11901//2379 11914//2379
f 10522//2380 11900//2380 10525//2380
f 11923//2381 10528//2381 11916//2381
f 10495//2382 11927//2382 11844//2382
f 10529//2383 11926//2383 10493//2383
f 11919//2384 11929//2384 11937//2384
f 11920//2385 11938//2385 11913//2385
f 11910//2386 11934//2386 11925//2386
f 11909//2387 11924//2387 11917//2387
f 11936//2388 11833//2388 11846//2388
f 11935//2389 11845//2389 11928//2389
f 11930//2390 11817//2390 11836//2390
f 11930//2390 11836//2390 11939//2390
f 10630//2391 11940//2391 11949//2391
f 10629//2392 11948//2392 10626//2392
f 10622//2393 11946//2393 11952//2393
f 10623//2394 11953//2394 10609//2394
f 11947//2395 11957//2395 11964//2395
f 11947//2395 11964//2395 11956//2395
f 11943//2396 11967//2396 11961//2396
f 11942//2397 11960//2397 11950//2397
f 11951//2398 9990//2398 10608//2398
f 10547//2399 11955//2399 11963//2399
f 9991//2400 11954//2400 10545//2400
f 11972//2401 10548//2401 11965//2401
f 10520//2402 11976//2402 11903//2402
f 10549//2403 11975//2403 10518//2403
s 1
f 11969//2404 11978//2404 11986//2404
s 0
f 11970//2405 11987//2405 11962//2405
f 11958//2406 11983//2406 11973//2406
f 11959//2407 11974//2407 11966//2407
s 1
f 11984//2408 11894//2408 11904//2408
s 0
f 11985//2409 11905//2409 11977//2409
f 11980//2410 11878//2410 11896//2410
f 11980//2410 11896//2410 11988//2410
f 10566//2411 11991//2411 10596//2411
f 11999//2412 10563//2412 10561//2412
f 11989//2413 10564//2413 12000//2413
f 10615//2414 12005//2414 10628//2414
f 11992//2415 10611//2415 10598//2415
f 12003//2416 10612//2416 11993//2416
f 10641//2417 12012//2417 10672//2417
f 12021//2418 10637//2418 10635//2418
f 12009//2419 10638//2419 12022//2419
f 10684//2420 11998//2420 10558//2420
f 12013//2421 10681//2421 10674//2421
f 11996//2422 10682//2422 12014//2422
f 10695//2423 12027//2423 10732//2423
f 12033//2424 10698//2424 10691//2424
f 12028//2425 10696//2425 12031//2425
f 10740//2426 12017//2426 10633//2426
f 12026//2427 10743//2427 10730//2427
f 12019//2428 10741//2428 12024//2428
f 10755//2429 12041//2429 10788//2429
f 12047//2430 10758//2430 10751//2430
f 12042//2431 10756//2431 12045//2431
f 10795//2432 12034//2432 10693//2432
f 12040//2433 10798//2433 10786//2433
f 12035//2434 10796//2434 12038//2434
f 10812//2435 12055//2435 10852//2435
f 12061//2436 10815//2436 10807//2436
f 12056//2437 10814//2437 12058//2437
f 10860//2438 12048//2438 10753//2438
f 12054//2439 10863//2439 10850//2439
f 12049//2440 10862//2440 12051//2440
f 10875//2441 12069//2441 10913//2441
f 12075//2442 10877//2442 10870//2442
f 12070//2443 10876//2443 12073//2443
s 1
f 10922//2444 12062//2444 10809//2444
s 0
f 12068//2445 10924//2445 10912//2445
f 12063//2446 10923//2446 12065//2446
f 10939//2447 12083//2447 10976//2447
f 12089//2448 10941//2448 10934//2448
f 12084//2449 10940//2449 12087//2449
f 10985//2450 12076//2450 10871//2450
f 12082//2451 10987//2451 10975//2451
f 12077//2452 10986//2452 12080//2452
f 11001//2453 12097//2453 11036//2453
f 12104//2454 11003//2454 10998//2454
f 12098//2455 11002//2455 12102//2455
f 11045//2456 12090//2456 10935//2456
s 1
f 12096//2457 11047//2457 11035//2457
s 0
f 12091//2458 11046//2458 12094//2458
f 11062//2459 12109//2459 11092//2459
f 12117//2460 11060//2460 11056//2460
f 12107//2461 11061//2461 12118//2461
f 11104//2462 12103//2462 10997//2462
f 12110//2463 11102//2463 11093//2463
f 12101//2464 11103//2464 12111//2464
f 11120//2465 12124//2465 11153//2465
f 12133//2466 11118//2466 11115//2466
s 1
f 12121//2467 11119//2467 12134//2467
s 0
f 11165//2468 12116//2468 11055//2468
f 12125//2469 11163//2469 11154//2469
f 12114//2470 11164//2470 12126//2470
f 11179//2471 12139//2471 11209//2471
f 12147//2472 11177//2472 11174//2472
f 12136//2473 11178//2473 12148//2473
f 11221//2474 12132//2474 11114//2474
f 12140//2475 11219//2475 11210//2475
f 12129//2476 11220//2476 12141//2476
f 11236//2477 12153//2477 11268//2477
f 12160//2478 11232//2478 11230//2478
f 12150//2479 11235//2479 12161//2479
f 11280//2480 12146//2480 11171//2480
f 12154//2481 11277//2481 11270//2481
f 12143//2482 11279//2482 12155//2482
f 11294//2483 12165//2483 11323//2483
f 12173//2484 11291//2484 11289//2484
f 12163//2485 11292//2485 12174//2485
f 11335//2486 12159//2486 11227//2486
f 12166//2487 11332//2487 11325//2487
f 12157//2488 11333//2488 12167//2488
f 11351//2489 12180//2489 11384//2489
f 12185//2490 11347//2490 11343//2490
s 1
f 12177//2491 11348//2491 12186//2491
s 0
f 11397//2492 12172//2492 11287//2492
f 12181//2493 11394//2493 11386//2493
f 12170//2494 11395//2494 12182//2494
f 11407//2495 12195//2495 11443//2495
f 12201//2496 11410//2496 11403//2496
f 12196//2497 11408//2497 12199//2497
f 11450//2498 12188//2498 11345//2498
f 12194//2499 11453//2499 11441//2499
f 12190//2500 11451//2500 12192//2500
f 11465//2501 12209//2501 11498//2501
f 12215//2502 11468//2502 11461//2502
f 12210//2503 11466//2503 12213//2503
f 11505//2504 12202//2504 11405//2504
f 12208//2505 11508//2505 11496//2505
f 12203//2506 11506//2506 12206//2506
f 11520//2507 12223//2507 11554//2507
f 12229//2508 11523//2508 11515//2508
f 12224//2509 11522//2509 12226//2509
f 11562//2510 12216//2510 11463//2510
f 12222//2511 11565//2511 11552//2511
f 12217//2512 11564//2512 12219//2512
f 11577//2513 12237//2513 11611//2513
f 12243//2514 11579//2514 11572//2514
f 12238//2515 11578//2515 12241//2515
f 11619//2516 12230//2516 11517//2516
f 12236//2517 11621//2517 11610//2517
f 12231//2518 11620//2518 12233//2518
f 11635//2519 12251//2519 11672//2519
f 12257//2520 11637//2520 11630//2520
f 12252//2521 11636//2521 12255//2521
f 11680//2522 12244//2522 11573//2522
f 12250//2523 11682//2523 11671//2523
f 12245//2524 11681//2524 12248//2524
f 11696//2525 12265//2525 11736//2525
f 12272//2526 11698//2526 11692//2526
f 12266//2527 11697//2527 12270//2527
f 11746//2528 12258//2528 11631//2528
f 12264//2529 11748//2529 11735//2529
f 12259//2530 11747//2530 12262//2530
f 11763//2531 12277//2531 11797//2531
f 12285//2532 11761//2532 11757//2532
f 12275//2533 11762//2533 12286//2533
f 11810//2534 12271//2534 11691//2534
f 12278//2535 11808//2535 11798//2535
f 12269//2536 11809//2536 12279//2536
f 11827//2537 12292//2537 11861//2537
f 12301//2538 11825//2538 11821//2538
f 12289//2539 11826//2539 12302//2539
f 11873//2540 12284//2540 11756//2540
f 12293//2541 11871//2541 11862//2541
f 12282//2542 11872//2542 12294//2542
f 11888//2543 12307//2543 11921//2543
f 12315//2544 11886//2544 11882//2544
f 12304//2545 11887//2545 12316//2545
f 11933//2546 12300//2546 11820//2546
f 12308//2547 11931//2547 11922//2547
f 12297//2548 11932//2548 12309//2548
f 11945//2549 12321//2549 11968//2549
f 12006//2550 11941//2550 10631//2550
f 12318//2551 11944//2551 12007//2551
f 11982//2552 12314//2552 11879//2552
f 12322//2553 11979//2553 11971//2553
f 12311//2554 11981//2554 12323//2554
f 9251//2555 9978//2555 9237//2555
f 9977//2556 9250//2556 9182//2556
f 9984//2557 9180//2557 9176//2557
f 10064//2558 9260//2558 9255//2558
f 9239//2559 9995//2559 9241//2559
f 10017//2560 9139//2560 9159//2560
f 10038//2561 9161//2561 9163//2561
f 9140//2562 10020//2562 9144//2562
f 9190//2563 10045//2563 9170//2563
f 10046//2564 9191//2564 9195//2564
s 1
f 9168//2565 10039//2565 9164//2565
s 0
f 9146//2566 10013//2566 9154//2566
f 9150//2567 9155//2567 10014//2567
f 10063//2568 9197//2568 9259//2568
f 10070//2569 9263//2569 9267//2569
f 10171//2570 9437//2570 9434//2570
f 10170//2571 9443//2571 9436//2571
f 9428//2572 10190//2572 9433//2572
f 9257//2573 9262//2573 10069//2573
f 10087//2574 9269//2574 9205//2574
f 10137//2575 9311//2575 9313//2575
f 9353//2576 10188//2576 9427//2576
f 9442//2577 10164//2577 9446//2577
f 9323//2578 9328//2578 10144//2578
f 10162//2579 9329//2579 9445//2579
f 9322//2580 10142//2580 9315//2580
f 9201//2581 10088//2581 9206//2581
f 9983//2582 9175//2582 9152//2582
f 9976//2583 9181//2583 9986//2583
f 9982//2584 9151//2584 10016//2584
f 9347//2585 9318//2585 10111//2585
s 1
f 10094//2586 9212//2586 9345//2586
s 0
f 10022//2587 10012//2587 9145//2587
f 10019//2588 9160//2588 10037//2588
f 9994//2589 9238//2589 9980//2589
f 10042//2590 9169//2590 10044//2590
s 1
f 10066//2591 9256//2591 10068//2591
s 0
f 10048//2592 9196//2592 10062//2592
f 10090//2593 9202//2593 10092//2593
f 9346//2594 10110//2594 10096//2594
f 9203//2595 9211//2595 10093//2595
f 10072//2596 9268//2596 10086//2596
f 9281//2597 10113//2597 9319//2597
f 9441//2598 10169//2598 10163//2598
f 10119//2599 9278//2599 9273//2599
f 9283//2600 9277//2600 10117//2600
f 9332//2601 9297//2601 10211//2601
f 9286//2602 10219//2602 9295//2602
f 9335//2603 9333//2603 10213//2603
f 10194//2604 9340//2604 9337//2604
f 9275//2605 9310//2605 10135//2605
f 9274//2606 10134//2606 10120//2606
f 10143//2607 9327//2607 10159//2607
f 10138//2608 9314//2608 10140//2608
f 10186//2609 9351//2609 10195//2609
s 1
f 9336//2610 10214//2610 10192//2610
s 0
f 9352//2611 9341//2611 10196//2611
f 10168//2612 9432//2612 10189//2612
f 10116//2613 10114//2613 9282//2613
f 10210//2614 9296//2614 10220//2614
f 9460//2615 9458//2615 10267//2615
f 10268//2616 9450//2616 9461//2616
f 9456//2617 9464//2617 10286//2617
f 10363//2618 9470//2618 9475//2618
f 9463//2619 9398//2619 10285//2619
f 9424//2620 9452//2620 10261//2620
f 9380//2621 9375//2621 10316//2621
f 9402//2622 9425//2622 10262//2622
f 9473//2623 9468//2623 10358//2623
f 9383//2624 9387//2624 10334//2624
f 9389//2625 9421//2625 10339//2625
f 10333//2626 9377//2626 9382//2626
f 9419//2627 9472//2627 10357//2627
f 9476//2628 9480//2628 10364//2628
f 9215//2629 10486//2629 9229//2629
f 9223//2630 9230//2630 10467//2630
f 9242//2631 9996//2631 9246//2631
f 10383//2632 9482//2632 9412//2632
f 10462//2633 9233//2633 9220//2633
f 9232//2634 10460//2634 9110//2634
f 9214//2635 9124//2635 10484//2635
f 9248//2636 10553//2636 9208//2636
f 9224//2637 10468//2637 9221//2637
f 10384//2638 9413//2638 9408//2638
f 9209//2639 10554//2639 9186//2639
f 9422//2640 9417//2640 10340//2640
f 9362//2641 10291//2641 9391//2641
f 9360//2642 9356//2642 10310//2642
f 9355//2643 9371//2643 10309//2643
f 9137//2644 9094//2644 10390//2644
f 9136//2645 10389//2645 9410//2645
f 10237//2646 9300//2646 9307//2646
f 9289//2647 9301//2647 10239//2647
f 10240//2648 10216//2648 9290//2648
f 10246//2649 10236//2649 9306//2649
f 9403//2650 10264//2650 10242//2650
f 9305//2651 9365//2651 10244//2651
f 10260//2652 9451//2652 10270//2652
f 9392//2653 10292//2653 9396//2653
s 1
f 9404//2654 10243//2654 9364//2654
s 0
f 10217//2655 9285//2655 9291//2655
f 10407//2656 9096//2656 9089//2656
f 9104//2657 9099//2657 10439//2657
f 9128//2658 10490//2658 9117//2658
f 10509//2659 9126//2659 9114//2659
f 9080//2660 9071//2660 10516//2660
f 9070//2661 9076//2661 10514//2661
f 9113//2662 9082//2662 10507//2662
s 1
f 9063//2663 9102//2663 10433//2663
s 0
f 9109//2664 10441//2664 9100//2664
f 9058//2665 10413//2665 9068//2665
f 10409//2666 9090//2666 9066//2666
f 10492//2667 9123//2667 9118//2667
f 9059//2668 9054//2668 10415//2668
f 9062//2669 10431//2669 9056//2669
f 9085//2670 9134//2670 10535//2670
f 9074//2671 9086//2671 10537//2671
f 9132//2672 9173//2672 10542//2672
f 9188//2673 10541//2673 9172//2673
f 9379//2674 10313//2674 9369//2674
s 1
f 9457//2675 10288//2675 10266//2675
s 0
f 12329//2676 12004//2676 11995//2676
f 12335//2677 11990//2677 12002//2677
f 12339//2678 12010//2678 12023//2678
f 12344//2679 12030//2679 12032//2679
f 12025//2680 12349//2680 12020//2680
f 12016//2681 12354//2681 11997//2681
f 12360//2682 12044//2682 12046//2682
f 12367//2683 12057//2683 12059//2683
s 1
f 12052//2684 12361//2684 12050//2684
s 0
f 12371//2685 12072//2685 12074//2685
f 12376//2686 12086//2686 12088//2686
f 12081//2687 12381//2687 12079//2687
f 12066//2688 12386//2688 12064//2688
f 12039//2689 12391//2689 12037//2689
f 12397//2690 12100//2690 12106//2690
f 12396//2691 12105//2691 12113//2691
f 9397//2692 10294//2692 10284//2692
f 9370//2693 10315//2693 10308//2693
f 9361//2694 10312//2694 10290//2694
f 12401//2695 12115//2695 12128//2695
f 12405//2696 12130//2696 12142//2696
f 12135//2697 12409//2697 12122//2697
f 12415//2698 12144//2698 12156//2698
f 12421//2699 12158//2699 12169//2699
f 12162//2700 12422//2700 12151//2700
f 12149//2701 12427//2701 12137//2701
f 12120//2702 12433//2702 12108//2702
f 12095//2703 12439//2703 12093//2703
f 12340//2704 12443//2704 12011//2704
f 12387//2705 12067//2705 12446//2705
f 12078//2706 12380//2706 12372//2706
f 12382//2707 12085//2707 12375//2707
f 12071//2708 12370//2708 12447//2708
f 12348//2709 12338//2709 12018//2709
f 12092//2710 12438//2710 12377//2710
s 1
f 12036//2711 12390//2711 12345//2711
s 0
f 12001//2712 12355//2712 12334//2712
f 12392//2713 12043//2713 12359//2713
f 12368//2714 12060//2714 12385//2714
f 12053//2715 12366//2715 12362//2715
f 12350//2716 12029//2716 12343//2716
f 12353//2717 12015//2717 12444//2717
f 12404//2718 12138//2718 12428//2718
f 12450//2719 12123//2719 12410//2719
f 12406//2720 12408//2720 12131//2720
f 12454//2721 12179//2721 12458//2721
f 12463//2722 12171//2722 12184//2722
f 12414//2723 12152//2723 12423//2723
f 12145//2724 12416//2724 12426//2724
f 12451//2725 12400//2725 12127//2725
f 12432//2726 12119//2726 12402//2726
f 12168//2727 12469//2727 12420//2727
f 12183//2728 12455//2728 12462//2728
f 12467//2729 12175//2729 12464//2729
f 12164//2730 12176//2730 12468//2730
f 12112//2731 12434//2731 12395//2731
f 12099//2732 12394//2732 12440//2732
f 12328//2733 11994//2733 12336//2733
f 12457//2734 12178//2734 12187//2734
f 9388//2735 10338//2735 10336//2735
f 9418//2736 10356//2736 10342//2736
f 9481//2737 10382//2737 10367//2737
f 9095//2738 10406//2738 10392//2738
f 9409//2739 10388//2739 10386//2739
f 9469//2740 10362//2740 10360//2740
f 12473//2741 12191//2741 12193//2741
f 12478//2742 12205//2742 12207//2742
f 12200//2743 12483//2743 12198//2743
f 12490//2744 12218//2744 12220//2744
f 12495//2745 12232//2745 12234//2745
f 12227//2746 12501//2746 12225//2746
f 12214//2747 12489//2747 12212//2747
f 9055//2748 10430//2748 10416//2748
s 1
f 9103//2749 10436//2749 10434//2749
s 0
f 9219//2750 10466//2750 10461//2750
f 9122//2751 10491//2751 10482//2751
f 9228//2752 10485//2752 10465//2752
f 9108//2753 10457//2753 10440//2753
f 9081//2754 10517//2754 10506//2754
f 12506//2755 12247//2755 12249//2755
f 9133//2756 10544//2756 10534//2756
f 9247//2757 9998//2757 10552//2757
f 9187//2758 10556//2758 10540//2758
f 9075//2759 10538//2759 10513//2759
s 1
f 9127//2760 10510//2760 10488//2760
s 0
f 12242//2761 12510//2761 12240//2761
f 9067//2762 10412//2762 10410//2762
f 12239//2763 12509//2763 12514//2763
f 12246//2764 12505//2764 12511//2764
f 12261//2765 12263//2765 12519//2765
f 12254//2766 12256//2766 12524//2766
f 12274//2767 12530//2767 12268//2767
f 12253//2768 12523//2768 12507//2768
f 12513//2769 12496//2769 12235//2769
f 12211//2770 12488//2770 12479//2770
f 12500//2771 12491//2771 12221//2771
f 12228//2772 12494//2772 12502//2772
f 12520//2773 12267//2773 12527//2773
s 1
f 12525//2774 12260//2774 12518//2774
f 12477//2775 12484//2775 12204//2775
s 0
f 12482//2776 12474//2776 12197//2776
f 12281//2777 12529//2777 12273//2777
f 12535//2778 12276//2778 12288//2778
f 12539//2779 12290//2779 12303//2779
f 12296//2780 12544//2780 12283//2780
f 12549//2781 12305//2781 12317//2781
f 12330//2782 12319//2782 12008//2782
f 12324//2783 12555//2783 12312//2783
f 12310//2784 12559//2784 12298//2784
f 12291//2785 12540//2785 12563//2785
f 12287//2786 12545//2786 12534//2786
f 12543//2787 12295//2787 12564//2787
f 12306//2788 12550//2788 12558//2788
f 12554//2789 12320//2789 12331//2789
f 12548//2790 12313//2790 12556//2790
f 12299//2791 12560//2791 12538//2791
f 12536//2792 12528//2792 12280//2792
f 12472//2793 12459//2793 12189//2793
f 9376//2794 10332//2794 10318//2794
f 12565//2795 12568//2795 12578//2795
f 12565//2795 12578//2795 12580//2795
f 12581//2796 12584//2796 12572//2796
f 12581//2796 12572//2796 12566//2796
f 12589//2797 12592//2797 12588//2797
f 12589//2797 12588//2797 12582//2797
f 12597//2798 12600//2798 12596//2798
f 12597//2798 12596//2798 12590//2798
f 12605//2799 12608//2799 12604//2799
f 12605//2799 12604//2799 12598//2799
f 12613//479 12617//479 12612//479
f 12613//479 12612//479 12606//479
f 12622//2800 12628//2800 12618//2800
f 12622//2800 12618//2800 12614//2800
f 12630//2801 12636//2801 12624//2801
f 12630//2801 12624//2801 12621//2801
f 12638//2802 12644//2802 12632//2802
f 12638//2802 12632//2802 12629//2802
f 12647//2803 12653//2803 12640//2803
f 12647//2803 12640//2803 12637//2803
f 12655//2804 12661//2804 12649//2804
f 12655//2804 12649//2804 12645//2804
f 12663//2805 12669//2805 12657//2805
f 12663//2805 12657//2805 12654//2805
f 12671//2806 12677//2806 12665//2806
f 12671//2806 12665//2806 12662//2806
f 12679//2807 12685//2807 12673//2807
f 12679//2807 12673//2807 12670//2807
f 12687//2808 12691//2808 12681//2808
f 12687//2808 12681//2808 12678//2808
f 12693//2809 12699//2809 12689//2809
f 12693//2809 12689//2809 12686//2809
f 12701//2810 12706//2810 12694//2810
f 12701//2810 12694//2810 12692//2810
f 12708//2811 12712//2811 12703//2811
f 12708//2811 12703//2811 12700//2811
f 12716//2812 12718//2812 12714//2812
f 12716//2812 12714//2812 12709//2812
f 12722//2813 12724//2813 12720//2813
f 12722//2813 12720//2813 12717//2813
f 12728//2814 12731//2814 12727//2814
f 12728//2814 12727//2814 12723//2814
f 12736//2815 12739//2815 12735//2815
f 12736//2815 12735//2815 12729//2815
f 12744//2816 12747//2816 12743//2816
f 12744//2816 12743//2816 12737//2816
s 1
f 12752//2817 12755//2817 12751//2817
s 0
f 12752//2817 12751//2817 12745//2817
f 12760//2818 12763//2818 12759//2818
f 12760//2818 12759//2818 12753//2818
f 12768//2819 12771//2819 12767//2819
f 12768//2819 12767//2819 12761//2819
f 12776//2820 12780//2820 12775//2820
f 12776//2820 12775//2820 12769//2820
f 12785//2821 12788//2821 12784//2821
f 12785//2821 12784//2821 12777//2821
f 12793//2822 12796//2822 12792//2822
f 12793//2822 12792//2822 12786//2822
f 12802//2823 12806//2823 12800//2823
f 12802//2823 12800//2823 12794//2823
f 12810//2824 12816//2824 12805//2824
f 12810//2824 12805//2824 12801//2824
f 12818//2825 12824//2825 12812//2825
f 12818//2825 12812//2825 12809//2825
f 12826//2826 12832//2826 12820//2826
f 12826//2826 12820//2826 12817//2826
f 12835//2827 12841//2827 12828//2827
f 12835//2827 12828//2827 12825//2827
f 12843//2828 12849//2828 12837//2828
f 12843//2828 12837//2828 12833//2828
f 12851//2829 12857//2829 12845//2829
s 1
f 12851//2829 12845//2829 12842//2829
s 0
f 12859//2830 12865//2830 12853//2830
f 12859//2830 12853//2830 12850//2830
f 12867//2831 12873//2831 12861//2831
f 12867//2831 12861//2831 12858//2831
f 12875//2832 12881//2832 12869//2832
f 12875//2832 12869//2832 12866//2832
f 12883//2833 12889//2833 12877//2833
f 12883//2833 12877//2833 12874//2833
f 12891//2834 12896//2834 12884//2834
f 12891//2834 12884//2834 12882//2834
f 12899//2835 12905//2835 12893//2835
f 12899//2835 12893//2835 12890//2835
f 12906//2836 12909//2836 12902//2836
f 12906//2836 12902//2836 12898//2836
f 12914//2837 12916//2837 12912//2837
f 12914//2837 12912//2837 12907//2837
f 12922//2838 12925//2838 12921//2838
f 12922//2838 12921//2838 12915//2838
f 12930//2839 12933//2839 12929//2839
f 12930//2839 12929//2839 12923//2839
f 12938//2840 12941//2840 12937//2840
f 12938//2840 12937//2840 12931//2840
f 12579//2841 12574//2841 12945//2841
f 12579//2841 12945//2841 12939//2841
f 12946//2795 12565//2795 12580//2795
f 12946//2795 12580//2795 12949//2795
f 12950//2796 12581//2796 12566//2796
f 12950//2796 12566//2796 12947//2796
f 12952//2797 12589//2797 12582//2797
f 12952//2797 12582//2797 12951//2797
f 12954//2798 12597//2798 12590//2798
f 12954//2798 12590//2798 12953//2798
f 12956//2799 12605//2799 12598//2799
f 12956//2799 12598//2799 12955//2799
f 12959//479 12613//479 12606//479
f 12959//479 12606//479 12957//479
f 12963//2800 12622//2800 12614//2800
f 12963//2800 12614//2800 12960//2800
f 12965//2801 12630//2801 12621//2801
f 12965//2801 12621//2801 12961//2801
f 12967//2802 12638//2802 12629//2802
f 12967//2802 12629//2802 12964//2802
f 12970//2803 12647//2803 12637//2803
f 12970//2803 12637//2803 12966//2803
f 12972//2804 12655//2804 12645//2804
f 12973//2842 12646//2842 12969//2842
s 1
f 12975//2805 12663//2805 12654//2805
s 0
f 12975//2805 12654//2805 12971//2805
f 12977//2806 12671//2806 12662//2806
f 12977//2806 12662//2806 12974//2806
f 12979//2807 12679//2807 12670//2807
f 12979//2807 12670//2807 12976//2807
s 1
f 12981//2808 12687//2808 12678//2808
s 0
f 12981//2808 12678//2808 12978//2808
f 12983//2809 12693//2809 12686//2809
f 12983//2809 12686//2809 12980//2809
f 12985//2810 12701//2810 12692//2810
f 12985//2810 12692//2810 12982//2810
f 12986//2811 12708//2811 12700//2811
f 12986//2811 12700//2811 12984//2811
f 12988//2812 12716//2812 12709//2812
f 12988//2812 12709//2812 12987//2812
f 12990//2813 12722//2813 12717//2813
f 12990//2813 12717//2813 12989//2813
f 12992//2814 12728//2814 12723//2814
f 12992//2814 12723//2814 12991//2814
f 12994//2815 12736//2815 12729//2815
f 12994//2815 12729//2815 12993//2815
f 12996//2816 12744//2816 12737//2816
s 1
f 12996//2816 12737//2816 12995//2816
f 12998//2817 12752//2817 12745//2817
s 0
f 12998//2817 12745//2817 12997//2817
f 13000//2818 12760//2818 12753//2818
s 1
f 13000//2818 12753//2818 12999//2818
s 0
f 13002//2819 12768//2819 12761//2819
f 13002//2819 12761//2819 13001//2819
f 13004//2820 12776//2820 12769//2820
f 13004//2820 12769//2820 13003//2820
f 13007//2821 12785//2821 12777//2821
f 13008//2843 12778//2843 13006//2843
f 13010//2822 12793//2822 12786//2822
f 13010//2822 12786//2822 13009//2822
f 13014//2823 12802//2823 12794//2823
f 13014//2823 12794//2823 13011//2823
f 13016//2824 12810//2824 12801//2824
f 13016//2824 12801//2824 13013//2824
f 13018//2825 12818//2825 12809//2825
f 13018//2825 12809//2825 13015//2825
f 13020//2826 12826//2826 12817//2826
f 13020//2826 12817//2826 13017//2826
f 13023//2827 12835//2827 12825//2827
f 13023//2827 12825//2827 13019//2827
f 13025//2828 12843//2828 12833//2828
f 13026//2844 12834//2844 13022//2844
s 1
f 13028//2829 12851//2829 12842//2829
f 13028//2829 12842//2829 13024//2829
s 0
f 13030//2830 12859//2830 12850//2830
s 1
f 13030//2830 12850//2830 13027//2830
s 0
f 13032//2831 12867//2831 12858//2831
f 13032//2831 12858//2831 13029//2831
f 13034//2832 12875//2832 12866//2832
f 13034//2832 12866//2832 13031//2832
f 13036//2833 12883//2833 12874//2833
f 13036//2833 12874//2833 13033//2833
f 13038//2834 12891//2834 12882//2834
f 13038//2834 12882//2834 13035//2834
f 13040//2835 12899//2835 12890//2835
f 13040//2835 12890//2835 13037//2835
f 13041//2836 12906//2836 12898//2836
f 13041//2836 12898//2836 13039//2836
f 13043//2837 12914//2837 12907//2837
f 13043//2837 12907//2837 13042//2837
f 13045//2838 12922//2838 12915//2838
f 13045//2838 12915//2838 13044//2838
f 13047//2839 12930//2839 12923//2839
f 13047//2839 12923//2839 13046//2839
f 13049//2840 12938//2840 12931//2840
f 13049//2840 12931//2840 13048//2840
f 12948//2841 12579//2841 12939//2841
f 12948//2841 12939//2841 13050//2841
f 13052//2795 12946//2795 12949//2795
f 13052//2795 12949//2795 13062//2795
f 13064//2796 12950//2796 12947//2796
f 13064//2796 12947//2796 13056//2796
f 13070//2797 12952//2797 12951//2797
f 13070//2797 12951//2797 13068//2797
f 13076//2798 12954//2798 12953//2798
f 13076//2798 12953//2798 13074//2798
f 13082//2799 12956//2799 12955//2799
f 13082//2799 12955//2799 13080//2799
f 13089//479 12959//479 12957//479
f 13089//479 12957//479 13086//479
f 13098//46 12962//46 12958//46
f 13099//2800 12960//2800 13090//2800
f 13105//2801 12965//2801 12961//2801
f 13105//2801 12961//2801 13094//2801
f 13111//2802 12967//2802 12964//2802
f 13111//2802 12964//2802 13101//2802
f 13117//2803 12970//2803 12966//2803
f 13117//2803 12966//2803 13107//2803
f 13123//2804 12972//2804 12968//2804
f 13123//2804 12968//2804 13113//2804
s 1
f 13129//2805 12975//2805 12971//2805
s 0
f 13129//2805 12971//2805 13119//2805
f 13135//2806 12977//2806 12974//2806
f 13135//2806 12974//2806 13125//2806
f 13141//2807 12979//2807 12976//2807
f 13141//2807 12976//2807 13131//2807
f 13147//2808 12981//2808 12978//2808
f 13147//2808 12978//2808 13137//2808
f 13153//2809 12983//2809 12980//2809
f 13153//2809 12980//2809 13143//2809
s 1
f 13158//2810 12985//2810 12982//2810
s 0
f 13158//2810 12982//2810 13148//2810
f 13162//2811 12986//2811 12984//2811
f 13162//2811 12984//2811 13155//2811
f 13167//2812 12988//2812 12987//2812
f 13167//2812 12987//2812 13165//2812
f 13172//2813 12990//2813 12989//2813
f 13172//2813 12989//2813 13170//2813
f 13179//2814 12992//2814 12991//2814
f 13179//2814 12991//2814 13177//2814
f 13185//2815 12994//2815 12993//2815
f 13185//2815 12993//2815 13183//2815
f 13191//2816 12996//2816 12995//2816
f 13191//2816 12995//2816 13189//2816
f 13197//2817 12998//2817 12997//2817
f 13197//2817 12997//2817 13195//2817
f 13203//2818 13000//2818 12999//2818
f 13203//2818 12999//2818 13201//2818
f 13209//2819 13002//2819 13001//2819
f 13209//2819 13001//2819 13207//2819
f 13215//2820 13004//2820 13003//2820
f 13215//2820 13003//2820 13213//2820
f 13221//2821 13007//2821 13005//2821
f 13221//2821 13005//2821 13219//2821
f 13227//2822 13010//2822 13009//2822
f 13227//2822 13009//2822 13225//2822
f 13235//2823 13014//2823 13011//2823
f 13235//2823 13011//2823 13231//2823
f 13244//2824 13016//2824 13013//2824
f 13243//21 13012//21 13234//21
f 13250//2825 13018//2825 13015//2825
f 13250//2825 13015//2825 13239//2825
f 13256//2826 13020//2826 13017//2826
f 13256//2826 13017//2826 13246//2826
f 13262//2827 13023//2827 13019//2827
f 13262//2827 13019//2827 13252//2827
f 13268//2828 13025//2828 13021//2828
f 13268//2828 13021//2828 13258//2828
f 13274//2829 13028//2829 13024//2829
f 13274//2829 13024//2829 13264//2829
f 13280//2830 13030//2830 13027//2830
f 13280//2830 13027//2830 13270//2830
f 13286//2831 13032//2831 13029//2831
f 13286//2831 13029//2831 13276//2831
f 13292//2832 13034//2832 13031//2832
f 13292//2832 13031//2832 13282//2832
f 13298//2833 13036//2833 13033//2833
f 13298//2833 13033//2833 13288//2833
f 13303//2834 13038//2834 13035//2834
f 13303//2834 13035//2834 13293//2834
f 13310//2835 13040//2835 13037//2835
f 13310//2835 13037//2835 13300//2835
f 13312//2836 13041//2836 13039//2836
f 13312//2836 13039//2836 13307//2836
f 13317//2837 13043//2837 13042//2837
f 13317//2837 13042//2837 13315//2837
f 13324//2838 13045//2838 13044//2838
f 13324//2838 13044//2838 13322//2838
f 13330//2839 13047//2839 13046//2839
f 13330//2839 13046//2839 13328//2839
f 13336//2840 13049//2840 13048//2840
f 13336//2840 13048//2840 13334//2840
f 13058//2841 12948//2841 13050//2841
f 13058//2841 13050//2841 13340//2841
f 13346//2845 13348//2845 13053//2845
f 13060//2846 13354//2846 13342//2846
f 13051//2847 13061//2847 13343//2847
f 13360//2848 13362//2848 13065//2848
f 13054//2849 13350//2849 13356//2849
f 13063//2850 13055//2850 13357//2850
f 13369//2851 13371//2851 13071//2851
f 13066//2852 13364//2852 13366//2852
f 13069//2853 13067//2853 13367//2853
f 13378//2854 13380//2854 13077//2854
f 13072//2855 13373//2855 13375//2855
f 13075//2856 13073//2856 13376//2856
f 13388//2857 13390//2857 13083//2857
f 13078//2858 13382//2858 13384//2858
f 13081//2859 13079//2859 13385//2859
f 13399//2860 13402//2860 13091//2860
f 13084//2861 13393//2861 13397//2861
f 13087//2862 13085//2862 13398//2862
f 13407//2863 13413//2863 13096//2863
f 13092//2864 13403//2864 13409//2864
f 13097//2865 13088//2865 13408//2865
f 13416//2866 13423//2866 13103//2866
f 13095//2867 13411//2867 13419//2867
f 13104//2868 13093//2868 13417//2868
f 13426//2869 13433//2869 13109//2869
f 13102//2870 13421//2870 13429//2870
f 13110//2871 13100//2871 13427//2871
f 13436//2872 13443//2872 13115//2872
f 13108//2873 13431//2873 13439//2873
f 13116//2874 13106//2874 13437//2874
f 13446//2875 13454//2875 13121//2875
f 13114//2876 13441//2876 13449//2876
f 13122//2877 13112//2877 13447//2877
f 13456//2878 13463//2878 13127//2878
f 13120//2879 13452//2879 13459//2879
f 13128//2880 13118//2880 13457//2880
f 13466//2881 13474//2881 13133//2881
f 13126//2882 13461//2882 13469//2882
f 13134//2883 13124//2883 13467//2883
f 13477//2884 13484//2884 13139//2884
f 13132//2885 13472//2885 13480//2885
f 13140//2886 13130//2886 13478//2886
f 13486//2887 13493//2887 13145//2887
f 13138//2888 13482//2888 13489//2888
f 13146//2889 13136//2889 13487//2889
f 13495//2890 13502//2890 13151//2890
f 13144//2891 13491//2891 13498//2891
f 13152//2892 13142//2892 13496//2892
f 13505//2893 13512//2893 13157//2893
f 13150//2894 13500//2894 13508//2894
f 13159//2895 13149//2895 13506//2895
f 13514//2896 13519//2896 13160//2896
f 13156//2897 13510//2897 13517//2897
f 13161//2898 13154//2898 13515//2898
f 13526//2899 13528//2899 13168//2899
f 13163//2900 13521//2900 13523//2900
f 13166//2901 13164//2901 13524//2901
f 13535//2902 13537//2902 13174//2902
f 13169//2903 13530//2903 13532//2903
f 13173//2904 13171//2904 13533//2904
f 13544//2905 13546//2905 13180//2905
f 13175//2906 13539//2906 13541//2906
f 13178//2907 13176//2907 13542//2907
f 13553//2908 13555//2908 13186//2908
f 13181//2909 13548//2909 13550//2909
f 13184//2910 13182//2910 13551//2910
f 13562//2911 13564//2911 13192//2911
f 13187//2912 13557//2912 13559//2912
f 13190//2913 13188//2913 13560//2913
f 13571//2914 13573//2914 13198//2914
f 13193//2915 13566//2915 13568//2915
f 13196//2916 13194//2916 13569//2916
f 13580//2917 13582//2917 13204//2917
f 13199//2918 13575//2918 13577//2918
f 13202//2919 13200//2919 13578//2919
f 13590//2920 13592//2920 13210//2920
f 13205//2921 13585//2921 13587//2921
f 13208//2922 13206//2922 13588//2922
f 13599//2923 13601//2923 13216//2923
f 13211//2924 13594//2924 13596//2924
f 13214//2925 13212//2925 13597//2925
f 13609//2926 13611//2926 13222//2926
f 13217//2927 13603//2927 13605//2927
f 13220//2928 13218//2928 13606//2928
f 13619//2929 13621//2929 13228//2929
f 13223//2930 13613//2930 13615//2930
f 13226//2931 13224//2931 13616//2931
f 13630//2932 13634//2932 13237//2932
f 13229//2933 13624//2933 13628//2933
f 13233//2934 13230//2934 13629//2934
f 13638//2935 13644//2935 13241//2935
f 13236//2936 13633//2936 13640//2936
f 13242//2937 13232//2937 13639//2937
f 13646//2938 13653//2938 13248//2938
f 13240//2939 13642//2939 13649//2939
f 13249//2940 13238//2940 13647//2940
f 13656//2941 13663//2941 13254//2941
f 13247//2942 13651//2942 13659//2942
f 13255//2943 13245//2943 13657//2943
f 13666//2944 13674//2944 13260//2944
f 13253//2945 13661//2945 13669//2945
f 13261//2946 13251//2946 13667//2946
f 13677//2947 13685//2947 13266//2947
f 13259//2948 13672//2948 13680//2948
f 13267//2949 13257//2949 13678//2949
f 13687//2950 13694//2950 13272//2950
f 13265//2951 13683//2951 13690//2951
f 13273//2952 13263//2952 13688//2952
f 13697//2953 13705//2953 13278//2953
f 13271//2954 13692//2954 13700//2954
f 13279//2955 13269//2955 13698//2955
f 13707//2956 13714//2956 13284//2956
f 13277//2957 13703//2957 13710//2957
f 13285//2958 13275//2958 13708//2958
f 13716//2959 13723//2959 13290//2959
f 13283//2960 13712//2960 13719//2960
f 13291//2961 13281//2961 13717//2961
f 13725//2962 13732//2962 13296//2962
f 13289//2963 13721//2963 13728//2963
f 13297//2964 13287//2964 13726//2964
f 13734//2965 13741//2965 13302//2965
f 13295//2966 13730//2966 13737//2966
f 13304//2967 13294//2967 13735//2967
f 13743//2968 13750//2968 13308//2968
f 13301//2969 13739//2969 13746//2969
f 13309//2970 13299//2970 13744//2970
f 13755//2971 13757//2971 13313//2971
f 13305//2972 13748//2972 13752//2972
f 13311//2973 13306//2973 13753//2973
f 13764//2974 13766//2974 13319//2974
f 13314//2975 13759//2975 13761//2975
f 13318//2976 13316//2976 13762//2976
f 13773//2977 13775//2977 13325//2977
f 13320//2978 13768//2978 13770//2978
f 13323//2979 13321//2979 13771//2979
f 13782//2980 13784//2980 13331//2980
f 13326//2981 13777//2981 13779//2981
f 13329//2982 13327//2982 13780//2982
f 13791//2983 13793//2983 13337//2983
f 13332//2984 13786//2984 13788//2984
f 13335//2985 13333//2985 13789//2985
f 13802//2986 13352//2986 13059//2986
f 13338//2987 13796//2987 13798//2987
f 13057//2988 13339//2988 13799//2988
f 13805//2989 13807//2989 13814//2989
s 1
f 13805//2989 13814//2989 13821//2989
s 0
f 13810//2990 13347//2990 13344//2990
f 13811//2991 13345//2991 13816//2991
f 13815//2992 13341//2992 13353//2992
f 13815//2992 13353//2992 13826//2992
f 13820//2993 13813//2993 13823//2993
f 13820//2993 13823//2993 13831//2993
f 13834//2994 13836//2994 13843//2994
f 13834//2994 13843//2994 13851//2994
s 1
f 13840//2995 13361//2995 13359//2995
s 0
f 13839//2996 13358//2996 13845//2996
f 13844//2997 13355//2997 13349//2997
f 13844//2997 13349//2997 13812//2997
f 13849//2998 13842//2998 13808//2998
f 13850//2999 13809//2999 13806//2999
f 13854//3000 13856//3000 13862//3000
f 13854//3000 13862//3000 13870//3000
f 13859//3001 13370//3001 13368//3001
f 13859//3001 13368//3001 13864//3001
f 13863//3002 13365//3002 13363//3002
f 13863//3002 13363//3002 13841//3002
f 13868//3003 13861//3003 13837//3003
f 13869//3004 13838//3004 13835//3004
f 13873//3005 13875//3005 13880//3005
f 13873//3005 13880//3005 13888//3005
f 13877//3006 13379//3006 13377//3006
f 13877//3006 13377//3006 13882//3006
f 13881//3007 13374//3007 13372//3007
f 13881//3007 13372//3007 13860//3007
f 13886//3008 13879//3008 13857//3008
f 13887//3009 13858//3009 13855//3009
f 13891//3010 13893//3010 13899//3010
f 13891//3010 13899//3010 13906//3010
f 13896//3011 13389//3011 13387//3011
s 1
f 13895//3012 13386//3012 13901//3012
s 0
f 13900//3013 13383//3013 13381//3013
f 13900//3013 13381//3013 13878//3013
f 13905//3014 13898//3014 13876//3014
s 1
f 13905//3014 13876//3014 13874//3014
s 0
f 13911//3015 13913//3015 13919//3015
f 13909//3016 13918//3016 13927//3016
f 13914//3017 13400//3017 13395//3017
f 13916//3018 13396//3018 13922//3018
f 13921//3019 13394//3019 13392//3019
f 13920//3020 13391//3020 13897//3020
f 13926//3021 13917//3021 13894//3021
f 13926//3021 13894//3021 13892//3021
f 13931//3022 13933//3022 13937//3022
f 13931//3022 13937//3022 13944//3022
f 13936//3023 13412//3023 13405//3023
f 13935//3024 13404//3024 13939//3024
f 13940//3025 13406//3025 13401//3025
f 13940//3025 13401//3025 13915//3025
f 13945//3026 13938//3026 13912//3026
f 13945//3026 13912//3026 13910//3026
f 13949//3027 13952//3027 13956//3027
f 13949//3027 13956//3027 13963//3027
f 13954//3028 13422//3028 13414//3028
f 13955//3029 13415//3029 13958//3029
f 13959//3030 13418//3030 13410//3030
f 13959//3030 13410//3030 13934//3030
f 13964//3031 13957//3031 13932//3031
f 13964//3031 13932//3031 13930//3031
f 13968//3032 13971//3032 13975//3032
f 13968//3032 13975//3032 13982//3032
f 13974//3033 13432//3033 13425//3033
f 13973//3034 13424//3034 13977//3034
f 13978//3035 13428//3035 13420//3035
f 13978//3035 13420//3035 13953//3035
s 1
f 13983//3036 13976//3036 13950//3036
s 0
f 13984//3037 13951//3037 13948//3037
f 13988//3038 13992//3038 13996//3038
f 13989//3039 13997//3039 14004//3039
f 13995//3040 13442//3040 13435//3040
f 13994//3041 13434//3041 13999//3041
f 14000//3042 13438//3042 13430//3042
f 14000//3042 13430//3042 13972//3042
f 14006//3043 13998//3043 13970//3043
f 14005//3044 13969//3044 13967//3044
f 14010//3045 14012//3045 14016//3045
f 14010//3045 14016//3045 14023//3045
f 14014//3046 13453//3046 13444//3046
f 14015//3047 13445//3047 14018//3047
f 14019//3048 13448//3048 13440//3048
f 14019//3048 13440//3048 13993//3048
f 14024//3049 14017//3049 13990//3049
f 14025//3050 13991//3050 13987//3050
f 14029//3051 14032//3051 14035//3051
f 14029//3051 14035//3051 14043//3051
f 14034//3052 13462//3052 13455//3052
f 14034//3052 13455//3052 14037//3052
f 14038//3053 13458//3053 13450//3053
f 14039//3054 13451//3054 14013//3054
s 1
f 14044//3055 14036//3055 14011//3055
s 0
f 14044//3055 14011//3055 14009//3055
s 1
f 14048//3056 14050//3056 14054//3056
s 0
f 14048//3056 14054//3056 14061//3056
f 14053//3057 13473//3057 13465//3057
f 14052//3058 13464//3058 14056//3058
f 14057//3059 13468//3059 13460//3059
f 14057//3059 13460//3059 14033//3059
f 14063//3060 14055//3060 14031//3060
f 14062//3061 14030//3061 14028//3061
f 14067//3062 14070//3062 14074//3062
f 14067//3062 14074//3062 14082//3062
f 14072//3063 13483//3063 13475//3063
f 14073//3064 13476//3064 14076//3064
f 14078//3065 13479//3065 13471//3065
f 14077//3066 13470//3066 14051//3066
f 14083//3067 14075//3067 14049//3067
f 14083//3067 14049//3067 14047//3067
f 14087//3068 14089//3068 14092//3068
f 14087//3068 14092//3068 14099//3068
f 14091//3069 13492//3069 13485//3069
f 14091//3069 13485//3069 14094//3069
f 14095//3070 13488//3070 13481//3070
s 1
f 14095//3070 13481//3070 14071//3070
f 14101//3071 14093//3071 14069//3071
s 0
f 14100//3072 14068//3072 14066//3072
f 14105//3073 14107//3073 14110//3073
f 14105//3073 14110//3073 14117//3073
f 14109//3074 13501//3074 13494//3074
f 14109//3074 13494//3074 14112//3074
f 14113//3075 13497//3075 13490//3075
f 14113//3075 13490//3075 14090//3075
f 14118//3076 14111//3076 14088//3076
f 14118//3076 14088//3076 14086//3076
f 14122//3077 14126//3077 14129//3077
f 14122//3077 14129//3077 14136//3077
f 14127//3078 13511//3078 13503//3078
f 14128//3079 13504//3079 14131//3079
f 14132//3080 13507//3080 13499//3080
f 14132//3080 13499//3080 14108//3080
f 14137//3081 14130//3081 14106//3081
f 14137//3081 14106//3081 14104//3081
f 14139//3082 14142//3082 14147//3082
f 14139//3082 14147//3082 14154//3082
f 14143//3083 13518//3083 13513//3083
f 14143//3083 13513//3083 14148//3083
f 14150//3084 13516//3084 13509//3084
s 1
f 14150//3084 13509//3084 14125//3084
s 0
f 14156//3085 14149//3085 14124//3085
f 14155//3086 14123//3086 14121//3086
s 1
f 14160//3087 14162//3087 14169//3087
s 0
f 14159//3088 14168//3088 14176//3088
f 14163//3089 13527//3089 13525//3089
f 14163//3089 13525//3089 14170//3089
f 14167//3090 13522//3090 13520//3090
f 14167//3090 13520//3090 14146//3090
f 14175//3091 14166//3091 14145//3091
f 14174//3092 14144//3092 14141//3092
f 14179//3093 14181//3093 14186//3093
f 14179//3093 14186//3093 14193//3093
f 14183//3094 13536//3094 13534//3094
f 14183//3094 13534//3094 14188//3094
f 14187//3095 13531//3095 13529//3095
f 14187//3095 13529//3095 14165//3095
f 14192//3096 14185//3096 14164//3096
f 14192//3096 14164//3096 14161//3096
f 14196//3097 14198//3097 14204//3097
f 14196//3097 14204//3097 14211//3097
f 14201//3098 13545//3098 13543//3098
f 14201//3098 13543//3098 14206//3098
f 14205//3099 13540//3099 13538//3099
f 14205//3099 13538//3099 14184//3099
f 14210//3100 14203//3100 14182//3100
s 1
f 14210//3100 14182//3100 14180//3100
s 0
f 14215//3101 14217//3101 14223//3101
f 14214//3102 14222//3102 14231//3102
s 1
f 14219//3103 13554//3103 13552//3103
s 0
f 14219//3103 13552//3103 14225//3103
f 14224//3104 13549//3104 13547//3104
f 14224//3104 13547//3104 14202//3104
f 14229//3105 14221//3105 14199//3105
f 14230//3106 14200//3106 14197//3106
f 14235//3107 14237//3107 14243//3107
f 14234//3108 14242//3108 14250//3108
f 14239//3109 13563//3109 13561//3109
f 14239//3109 13561//3109 14245//3109
f 14244//3110 13558//3110 13556//3110
f 14244//3110 13556//3110 14220//3110
f 14249//3111 14241//3111 14218//3111
f 14249//3111 14218//3111 14216//3111
f 14253//3112 14256//3112 14262//3112
s 1
f 14254//3113 14263//3113 14270//3113
f 14259//3114 13572//3114 13570//3114
s 0
f 14259//3114 13570//3114 14265//3114
f 14264//3115 13567//3115 13565//3115
f 14264//3115 13565//3115 14240//3115
f 14269//3116 14261//3116 14238//3116
s 1
f 14269//3116 14238//3116 14236//3116
s 0
f 14273//3117 14275//3117 14281//3117
f 14273//3117 14281//3117 14289//3117
f 14278//3118 13581//3118 13579//3118
f 14278//3118 13579//3118 14283//3118
f 14282//3119 13576//3119 13574//3119
f 14282//3119 13574//3119 14260//3119
f 14287//3120 14280//3120 14257//3120
f 14288//3121 14258//3121 14255//3121
f 14293//3122 14295//3122 14301//3122
f 14292//3123 14300//3123 14310//3123
f 14297//3124 13591//3124 13589//3124
f 14297//3124 13589//3124 14304//3124
f 14303//3125 13586//3125 13584//3125
f 14302//3126 13583//3126 14279//3126
s 1
f 14309//3127 14299//3127 14277//3127
s 0
f 14308//3128 14276//3128 14274//3128
f 14313//3129 14315//3129 14320//3129
f 14313//3129 14320//3129 14327//3129
f 14317//3130 13600//3130 13598//3130
f 14317//3130 13598//3130 14322//3130
f 14321//3131 13595//3131 13593//3131
f 14321//3131 13593//3131 14298//3131
f 14326//3132 14319//3132 14296//3132
f 14326//3132 14296//3132 14294//3132
f 14330//3133 14332//3133 14339//3133
f 14330//3133 14339//3133 14346//3133
f 14336//3134 13610//3134 13608//3134
f 14335//3135 13607//3135 14341//3135
s 1
f 14340//3136 13604//3136 13602//3136
s 0
f 14340//3136 13602//3136 14318//3136
f 14345//3137 14338//3137 14316//3137
f 14345//3137 14316//3137 14314//3137
f 14349//3138 14351//3138 14358//3138
f 14349//3138 14358//3138 14366//3138
f 14355//3139 13620//3139 13618//3139
s 1
f 14354//3140 13617//3140 14360//3140
s 0
f 14359//3141 13614//3141 13612//3141
f 14359//3141 13612//3141 14337//3141
f 14365//3142 14357//3142 14334//3142
f 14364//3143 14333//3143 14331//3143
f 14370//3144 14373//3144 14378//3144
f 14370//3144 14378//3144 14387//3144
f 14375//3145 13632//3145 13626//3145
f 14376//3146 13627//3146 14381//3146
f 14380//3147 13625//3147 13623//3147
f 14379//3148 13622//3148 14356//3148
f 14386//3149 14377//3149 14353//3149
f 14385//3150 14352//3150 14350//3150
f 14391//3151 14394//3151 14398//3151
f 14392//3152 14399//3152 14406//3152
f 14397//3153 13643//3153 13636//3153
f 14396//3154 13635//3154 14401//3154
f 14402//3155 13637//3155 13631//3155
f 14402//3155 13631//3155 14374//3155
f 14407//3156 14400//3156 14371//3156
f 14408//3157 14372//3157 14369//3157
f 14412//3158 14414//3158 14417//3158
f 14412//3158 14417//3158 14424//3158
f 14416//3159 13652//3159 13645//3159
f 14416//3159 13645//3159 14419//3159
f 14420//3160 13648//3160 13641//3160
f 14420//3160 13641//3160 14395//3160
f 14425//3161 14418//3161 14393//3161
f 14425//3161 14393//3161 14390//3161
f 14429//3162 14432//3162 14436//3162
f 14429//3162 14436//3162 14443//3162
f 14435//3163 13662//3163 13655//3163
f 14434//3164 13654//3164 14438//3164
f 14439//3165 13658//3165 13650//3165
f 14439//3165 13650//3165 14415//3165
f 14444//3166 14437//3166 14413//3166
f 14444//3166 14413//3166 14411//3166
f 14448//3167 14451//3167 14455//3167
s 1
f 14448//3167 14455//3167 14462//3167
s 0
f 14454//3168 13673//3168 13665//3168
f 14453//3169 13664//3169 14457//3169
f 14458//3170 13668//3170 13660//3170
f 14458//3170 13660//3170 14433//3170
f 14463//3171 14456//3171 14430//3171
f 14464//3172 14431//3172 14428//3172
f 14469//3173 14471//3173 14476//3173
f 14468//3174 14475//3174 14484//3174
f 14474//3175 13684//3175 13676//3175
f 14473//3176 13675//3176 14478//3176
f 14479//3177 13679//3177 13670//3177
f 14480//3178 13671//3178 14452//3178
f 14486//3179 14477//3179 14450//3179
f 14485//3180 14449//3180 14447//3180
f 14490//3181 14493//3181 14496//3181
f 14490//3181 14496//3181 14504//3181
f 14495//3182 13693//3182 13686//3182
f 14495//3182 13686//3182 14498//3182
f 14499//3183 13689//3183 13681//3183
f 14500//3184 13682//3184 14472//3184
f 14505//3185 14497//3185 14470//3185
f 14505//3185 14470//3185 14467//3185
s 1
f 14509//3186 14512//3186 14516//3186
f 14509//3186 14516//3186 14523//3186
s 0
f 14514//3187 13704//3187 13695//3187
f 14515//3188 13696//3188 14518//3188
f 14519//3189 13699//3189 13691//3189
f 14519//3189 13691//3189 14494//3189
f 14525//3190 14517//3190 14492//3190
f 14524//3191 14491//3191 14489//3191
f 14529//3192 14531//3192 14534//3192
f 14529//3192 14534//3192 14542//3192
f 14533//3193 13713//3193 13706//3193
f 14533//3193 13706//3193 14536//3193
f 14538//3194 13709//3194 13702//3194
f 14537//3195 13701//3195 14513//3195
f 14543//3196 14535//3196 14510//3196
f 14544//3197 14511//3197 14508//3197
f 14549//3198 14551//3198 14555//3198
f 14548//3199 14554//3199 14562//3199
f 14553//3200 13722//3200 13715//3200
f 14553//3200 13715//3200 14557//3200
f 14558//3201 13718//3201 13711//3201
f 14558//3201 13711//3201 14532//3201
s 1
f 14563//3202 14556//3202 14530//3202
s 0
f 14563//3202 14530//3202 14528//3202
f 14567//3203 14569//3203 14572//3203
f 14567//3203 14572//3203 14579//3203
f 14571//3204 13731//3204 13724//3204
f 14571//3204 13724//3204 14574//3204
f 14575//3205 13727//3205 13720//3205
f 14575//3205 13720//3205 14552//3205
f 14580//3206 14573//3206 14550//3206
f 14580//3206 14550//3206 14547//3206
f 14584//3207 14588//3207 14590//3207
f 14584//3207 14590//3207 14597//3207
f 14589//3208 13740//3208 13733//3208
f 14589//3208 13733//3208 14592//3208
f 14593//3209 13736//3209 13729//3209
f 14593//3209 13729//3209 14570//3209
f 14598//3210 14591//3210 14568//3210
f 14598//3210 14568//3210 14566//3210
f 14603//3211 14607//3211 14610//3211
f 14602//3212 14609//3212 14617//3212
f 14608//3213 13749//3213 13742//3213
f 14608//3213 13742//3213 14611//3213
f 14613//3214 13745//3214 13738//3214
s 1
f 14613//3214 13738//3214 14587//3214
s 0
f 14618//3215 14612//3215 14585//3215
f 14619//3216 14586//3216 14583//3216
f 14622//3217 14624//3217 14630//3217
f 14622//3217 14630//3217 14637//3217
f 14625//3218 13756//3218 13754//3218
f 14625//3218 13754//3218 14631//3218
f 14629//3219 13751//3219 13747//3219
f 14629//3219 13747//3219 14606//3219
f 14635//3220 14628//3220 14604//3220
f 14636//3221 14605//3221 14600//3221
f 14640//3222 14642//3222 14647//3222
f 14640//3222 14647//3222 14654//3222
f 14644//3223 13765//3223 13763//3223
f 14644//3223 13763//3223 14649//3223
f 14648//3224 13760//3224 13758//3224
f 14648//3224 13758//3224 14627//3224
f 14653//3225 14646//3225 14626//3225
f 14653//3225 14626//3225 14623//3225
f 14657//3226 14659//3226 14665//3226
f 14657//3226 14665//3226 14672//3226
f 14662//3227 13774//3227 13772//3227
f 14662//3227 13772//3227 14667//3227
f 14666//3228 13769//3228 13767//3228
f 14666//3228 13767//3228 14645//3228
f 14671//3229 14664//3229 14643//3229
s 1
f 14671//3229 14643//3229 14641//3229
s 0
f 14675//3230 14677//3230 14682//3230
f 14675//3230 14682//3230 14690//3230
f 14679//3231 13783//3231 13781//3231
f 14679//3231 13781//3231 14684//3231
f 14683//3232 13778//3232 13776//3232
f 14683//3232 13776//3232 14663//3232
f 14689//3233 14681//3233 14661//3233
f 14688//3234 14660//3234 14658//3234
f 14694//3235 14696//3235 14702//3235
f 14693//3236 14701//3236 14709//3236
f 14698//3237 13792//3237 13790//3237
s 1
f 14698//3237 13790//3237 14704//3237
s 0
f 14703//3238 13787//3238 13785//3238
f 14703//3238 13785//3238 14680//3238
f 14708//3239 14700//3239 14678//3239
f 14708//3239 14678//3239 14676//3239
f 13829//3240 13822//3240 14711//3240
f 13830//3241 14712//3241 14720//3241
s 1
f 13824//3242 13351//3242 13800//3242
s 0
f 13825//3243 13801//3243 14715//3243
f 14713//3244 13797//3244 13794//3244
f 14714//3245 13795//3245 14699//3245
f 14719//3246 14710//3246 14697//3246
f 14719//3246 14697//3246 14695//3246
f 13817//3247 13828//3247 14724//3247
f 14728//3248 13803//3248 13819//3248
s 1
f 14725//3249 14727//3249 13818//3249
s 0
f 13846//3250 13804//3250 14729//3250
f 14733//3251 13832//3251 13848//3251
f 14730//3252 14732//3252 13847//3252
f 13866//3253 13833//3253 14735//3253
f 14738//3254 13852//3254 13867//3254
f 14734//3255 14737//3255 13865//3255
f 13884//3256 13853//3256 14740//3256
f 14743//3257 13871//3257 13885//3257
f 14739//3258 14742//3258 13883//3258
f 13903//3259 13872//3259 14745//3259
f 14749//3260 13889//3260 13904//3260
f 14744//3261 14747//3261 13902//3261
f 13924//3262 13890//3262 14750//3262
f 14754//3263 13907//3263 13925//3263
f 14748//3264 14752//3264 13923//3264
f 13943//3265 13908//3265 14755//3265
f 14760//3266 13929//3266 13942//3266
f 14753//3267 14758//3267 13941//3267
f 13962//3268 13928//3268 14759//3268
f 14765//3269 13947//3269 13961//3269
f 14757//3270 14764//3270 13960//3270
f 13981//3271 13946//3271 14763//3271
f 14770//3272 13966//3272 13980//3272
f 14762//3273 14769//3273 13979//3273
f 14003//3274 13965//3274 14768//3274
f 14776//3275 13986//3275 14002//3275
f 14767//3276 14775//3276 14001//3276
f 14022//3277 13985//3277 14774//3277
f 14781//3278 14008//3278 14020//3278
f 14773//3279 14782//3279 14021//3279
f 14042//3280 14007//3280 14780//3280
f 14787//3281 14027//3281 14040//3281
f 14779//3282 14788//3282 14041//3282
f 14060//3283 14026//3283 14786//3283
f 14792//3284 14046//3284 14058//3284
f 14785//3285 14793//3285 14059//3285
f 14081//3286 14045//3286 14791//3286
f 14798//3287 14065//3287 14079//3287
f 14790//3288 14799//3288 14080//3288
f 14098//3289 14064//3289 14797//3289
f 14803//3290 14085//3290 14096//3290
f 14796//3291 14804//3291 14097//3291
f 14116//3292 14084//3292 14802//3292
f 14808//3293 14103//3293 14114//3293
f 14801//3294 14809//3294 14115//3294
f 14135//3295 14102//3295 14807//3295
f 14813//3296 14120//3296 14133//3296
f 14806//3297 14814//3297 14134//3297
f 14153//3298 14119//3298 14812//3298
f 14816//3299 14138//3299 14151//3299
f 14811//3300 14817//3300 14152//3300
f 14171//3301 14140//3301 14818//3301
f 14822//3302 14157//3302 14173//3302
f 14819//3303 14821//3303 14172//3303
f 14189//3304 14158//3304 14823//3304
f 14827//3305 14177//3305 14191//3305
f 14824//3306 14826//3306 14190//3306
f 14207//3307 14178//3307 14828//3307
f 14832//3308 14194//3308 14209//3308
f 14829//3309 14831//3309 14208//3309
f 14226//3310 14195//3310 14833//3310
f 14838//3311 14212//3311 14228//3311
f 14834//3312 14837//3312 14227//3312
f 14246//3313 14213//3313 14839//3313
f 14843//3314 14232//3314 14248//3314
f 14840//3315 14842//3315 14247//3315
f 14266//3316 14233//3316 14844//3316
f 14848//3317 14251//3317 14268//3317
f 14845//3318 14847//3318 14267//3318
f 14284//3319 14252//3319 14849//3319
f 14853//3320 14271//3320 14286//3320
f 14850//3321 14852//3321 14285//3321
f 14305//3322 14272//3322 14854//3322
f 14859//3323 14290//3323 14307//3323
f 14855//3324 14858//3324 14306//3324
f 14324//3325 14291//3325 14861//3325
f 14864//3326 14311//3326 14325//3326
f 14860//3327 14863//3327 14323//3327
f 14343//3328 14312//3328 14866//3328
f 14869//3329 14328//3329 14344//3329
f 14865//3330 14868//3330 14342//3330
f 14362//3331 14329//3331 14871//3331
f 14875//3332 14347//3332 14363//3332
f 14870//3333 14873//3333 14361//3333
f 14383//3334 14348//3334 14876//3334
f 14881//3335 14368//3335 14384//3335
f 14874//3336 14879//3336 14382//3336
f 14405//3337 14367//3337 14880//3337
f 14886//3338 14389//3338 14404//3338
f 14878//3339 14884//3339 14403//3339
f 14423//3340 14388//3340 14885//3340
f 14891//3341 14410//3341 14422//3341
f 14883//3342 14890//3342 14421//3342
f 14442//3343 14409//3343 14889//3343
f 14896//3344 14427//3344 14441//3344
f 14888//3345 14895//3345 14440//3345
f 14461//3346 14426//3346 14894//3346
f 14902//3347 14446//3347 14460//3347
f 14893//3348 14901//3348 14459//3348
f 14483//3349 14445//3349 14900//3349
f 14907//3350 14466//3350 14481//3350
f 14899//3351 14908//3351 14482//3351
f 14503//3352 14465//3352 14906//3352
f 14912//3353 14488//3353 14501//3353
f 14905//3354 14913//3354 14502//3354
f 14522//3355 14487//3355 14911//3355
f 14917//3356 14507//3356 14520//3356
f 14910//3357 14918//3357 14521//3357
f 14541//3358 14506//3358 14916//3358
f 14923//3359 14527//3359 14539//3359
f 14915//3360 14924//3360 14540//3360
f 14561//3361 14526//3361 14922//3361
f 14928//3362 14546//3362 14559//3362
f 14921//3363 14929//3363 14560//3363
f 14578//3364 14545//3364 14927//3364
f 14933//3365 14565//3365 14576//3365
f 14926//3366 14934//3366 14577//3366
f 14596//3367 14564//3367 14932//3367
f 14938//3368 14582//3368 14594//3368
f 14931//3369 14939//3369 14595//3369
f 14616//3370 14581//3370 14937//3370
f 14943//3371 14601//3371 14614//3371
f 14936//3372 14944//3372 14615//3372
f 14632//3373 14599//3373 14941//3373
s 1
f 14947//3374 14620//3374 14634//3374
s 0
f 14942//3375 14946//3375 14633//3375
f 14650//3376 14621//3376 14948//3376
f 14952//3377 14638//3377 14652//3377
f 14949//3378 14951//3378 14651//3378
f 14668//3379 14639//3379 14953//3379
f 14957//3380 14655//3380 14670//3380
f 14954//3381 14956//3381 14669//3381
f 14685//3382 14656//3382 14958//3382
f 14963//3383 14673//3383 14687//3383
f 14959//3384 14962//3384 14686//3384
f 14705//3385 14674//3385 14964//3385
f 14968//3386 14691//3386 14707//3386
f 14965//3387 14967//3387 14706//3387
f 14716//3388 14692//3388 14969//3388
f 14723//3389 13827//3389 14718//3389
f 14970//3390 14722//3390 14717//3390
f 14971//153 14726//153 14721//153
f 14971//153 14721//153 14973//153
f 14974//153 14731//153 14726//153
f 14974//153 14726//153 14971//153
f 14976//3391 14741//3391 14736//3391
f 14976//3391 14736//3391 14975//3391
f 14977//3391 14746//3391 14741//3391
f 14977//3391 14741//3391 14976//3391
f 14978//3391 14751//3391 14746//3391
f 14978//3391 14746//3391 14977//3391
f 14979//3391 14756//3391 14751//3391
f 14979//3391 14751//3391 14978//3391
f 14980//3391 14761//3391 14756//3391
f 14980//3391 14756//3391 14979//3391
f 14981//3391 14766//3391 14761//3391
f 14981//3391 14761//3391 14980//3391
f 14982//3391 14771//3391 14766//3391
f 14982//3391 14766//3391 14981//3391
f 14984//3391 14777//3391 14771//3391
f 14984//3391 14771//3391 14982//3391
f 14986//3391 14783//3391 14777//3391
f 14985//153 14772//153 14983//153
f 14987//153 14784//153 14778//153
f 14987//153 14778//153 14985//153
f 14988//153 14789//153 14784//153
f 14988//153 14784//153 14987//153
f 14989//153 14794//153 14789//153
f 14989//153 14789//153 14988//153
f 14991//3392 14800//3392 14795//3392
f 14991//3392 14795//3392 14990//3392
f 14992//3392 14805//3392 14800//3392
f 14992//3392 14800//3392 14991//3392
f 14993//3392 14810//3392 14805//3392
f 14993//3392 14805//3392 14992//3392
f 14994//3392 14815//3392 14810//3392
f 14994//3392 14810//3392 14993//3392
f 14995//3392 14820//3392 14815//3392
f 14995//3392 14815//3392 14994//3392
f 14996//3392 14825//3392 14820//3392
f 14996//3392 14820//3392 14995//3392
f 14997//3392 14830//3392 14825//3392
f 14997//3392 14825//3392 14996//3392
f 14999//3392 14836//3392 14830//3392
f 14999//3392 14830//3392 14997//3392
f 15000//153 14841//153 14835//153
f 15000//153 14835//153 14998//153
f 15001//153 14846//153 14841//153
f 15001//153 14841//153 15000//153
f 15002//153 14851//153 14846//153
f 15002//153 14846//153 15001//153
f 15004//153 14856//153 14851//153
f 15004//153 14851//153 15002//153
f 15006//3393 14862//3393 14857//3393
f 15006//3393 14857//3393 15005//3393
f 15007//3393 14867//3393 14862//3393
f 15007//3393 14862//3393 15006//3393
f 15008//3393 14872//3393 14867//3393
f 15008//3393 14867//3393 15007//3393
f 15009//3393 14877//3393 14872//3393
f 15009//3393 14872//3393 15008//3393
f 15010//3393 14882//3393 14877//3393
f 15010//3393 14877//3393 15009//3393
f 15011//3393 14887//3393 14882//3393
f 15011//3393 14882//3393 15010//3393
f 15012//3393 14892//3393 14887//3393
f 15012//3393 14887//3393 15011//3393
f 15014//3393 14898//3393 14892//3393
f 15014//3393 14892//3393 15012//3393
f 15016//3393 14904//3393 14898//3393
f 15015//153 14897//153 15013//153
f 15017//153 14909//153 14903//153
f 15017//153 14903//153 15015//153
f 15018//153 14914//153 14909//153
f 15018//153 14909//153 15017//153
f 15019//153 14919//153 14914//153
f 15019//153 14914//153 15018//153
f 15021//3394 14925//3394 14920//3394
f 15021//3394 14920//3394 15020//3394
f 15022//3394 14930//3394 14925//3394
f 15022//3394 14925//3394 15021//3394
f 15023//3394 14935//3394 14930//3394
f 15023//3394 14930//3394 15022//3394
f 15024//3394 14940//3394 14935//3394
f 15024//3394 14935//3394 15023//3394
f 15025//3394 14945//3394 14940//3394
f 15025//3394 14940//3394 15024//3394
f 15026//3394 14950//3394 14945//3394
f 15026//3394 14945//3394 15025//3394
f 15027//3394 14955//3394 14950//3394
f 15027//3394 14950//3394 15026//3394
f 15029//3394 14961//3394 14955//3394
f 15029//3394 14955//3394 15027//3394
f 15030//153 14966//153 14960//153
f 15030//153 14960//153 15028//153
f 14973//153 14721//153 14966//153
f 14973//153 14966//153 15030//153
f 15031//153 14971//153 14973//153
f 15031//153 14973//153 15034//153
f 15038//153 14974//153 14971//153
f 15039//3391 14972//3391 15032//3391
f 15041//3391 14976//3391 14975//3391
f 15041//3391 14975//3391 15039//3391
f 15044//3391 14977//3391 14976//3391
f 15044//3391 14976//3391 15041//3391
f 15047//3391 14978//3391 14977//3391
f 15047//3391 14977//3391 15044//3391
f 15050//3391 14979//3391 14978//3391
f 15050//3391 14978//3391 15047//3391
f 15052//3391 14980//3391 14979//3391
f 15052//3391 14979//3391 15050//3391
f 15055//3391 14981//3391 14980//3391
f 15055//3391 14980//3391 15052//3391
f 15058//3391 14982//3391 14981//3391
f 15058//3391 14981//3391 15055//3391
f 15062//3391 14984//3391 14982//3391
f 15062//3391 14982//3391 15058//3391
f 15064//153 14985//153 14983//153
f 15064//153 14983//153 15061//153
f 15066//153 14987//153 14985//153
f 15066//153 14985//153 15064//153
f 15070//153 14988//153 14987//153
f 15070//153 14987//153 15066//153
f 15074//153 14989//153 14988//153
f 15074//153 14988//153 15070//153
f 15077//3392 14991//3392 14990//3392
f 15077//3392 14990//3392 15075//3392
f 15081//3392 14992//3392 14991//3392
f 15081//3392 14991//3392 15077//3392
f 15084//3392 14993//3392 14992//3392
f 15084//3392 14992//3392 15081//3392
f 15087//3392 14994//3392 14993//3392
f 15087//3392 14993//3392 15084//3392
f 15089//3392 14995//3392 14994//3392
f 15089//3392 14994//3392 15087//3392
f 15092//3392 14996//3392 14995//3392
f 15092//3392 14995//3392 15089//3392
f 15095//3392 14997//3392 14996//3392
f 15095//3392 14996//3392 15092//3392
f 15100//3392 14999//3392 14997//3392
f 15100//3392 14997//3392 15095//3392
f 15102//153 15000//153 14998//153
f 15102//153 14998//153 15099//153
f 15106//153 15001//153 15000//153
f 15106//153 15000//153 15102//153
f 15110//153 15002//153 15001//153
f 15110//153 15001//153 15106//153
f 15113//153 15004//153 15002//153
f 15114//3393 15003//3393 15111//3393
f 15116//3393 15006//3393 15005//3393
f 15116//3393 15005//3393 15114//3393
f 15119//3393 15007//3393 15006//3393
f 15119//3393 15006//3393 15116//3393
f 15122//3393 15008//3393 15007//3393
f 15122//3393 15007//3393 15119//3393
f 15125//3393 15009//3393 15008//3393
f 15125//3393 15008//3393 15122//3393
f 15127//3393 15010//3393 15009//3393
f 15127//3393 15009//3393 15125//3393
f 15130//3393 15011//3393 15010//3393
f 15130//3393 15010//3393 15127//3393
f 15133//3393 15012//3393 15011//3393
f 15133//3393 15011//3393 15130//3393
f 15137//3393 15014//3393 15012//3393
f 15137//3393 15012//3393 15133//3393
f 15139//153 15015//153 15013//153
f 15139//153 15013//153 15136//153
f 15141//153 15017//153 15015//153
f 15141//153 15015//153 15139//153
f 15145//153 15018//153 15017//153
f 15145//153 15017//153 15141//153
f 15149//153 15019//153 15018//153
f 15149//153 15018//153 15145//153
f 15152//3394 15021//3394 15020//3394
f 15152//3394 15020//3394 15150//3394
f 15156//3394 15022//3394 15021//3394
f 15156//3394 15021//3394 15152//3394
f 15159//3394 15023//3394 15022//3394
f 15159//3394 15022//3394 15156//3394
f 15162//3394 15024//3394 15023//3394
f 15162//3394 15023//3394 15159//3394
f 15164//3394 15025//3394 15024//3394
f 15164//3394 15024//3394 15162//3394
f 15167//3394 15026//3394 15025//3394
f 15167//3394 15025//3394 15164//3394
f 15170//3394 15027//3394 15026//3394
f 15170//3394 15026//3394 15167//3394
f 15175//3394 15029//3394 15027//3394
f 15175//3394 15027//3394 15170//3394
f 15177//153 15030//153 15028//153
f 15177//153 15028//153 15174//153
f 15034//153 14973//153 15030//153
f 15034//153 15030//153 15177//153
f 12576//3395 9484//3395 9496//3395
f 12569//3396 9490//3396 9488//3396
f 12585//3397 9504//3397 9502//3397
f 12593//3398 9514//3398 9512//3398
f 9508//3399 9506//3399 12586//3399
f 9497//3400 9491//3400 12570//3400
f 12601//3401 9544//3401 9542//3401
f 12609//3402 9523//3402 9521//3402
f 9518//3403 9546//3403 12602//3403
f 12619//3404 9535//3404 9532//3404
f 12626//3405 9556//3405 9549//3405
f 9552//3406 9536//3406 12620//3406
f 9529//3407 9526//3407 12610//3407
f 9538//3408 9516//3408 12594//3408
f 12634//3409 9566//3409 9558//3409
f 12633//3410 9582//3410 9564//3410
f 12641//3411 9571//3411 9583//3411
f 12650//3412 9632//3412 9574//3412
f 9576//3413 9568//3413 12651//3413
f 9586//3414 9578//3414 12642//3414
f 12658//3415 9592//3415 9634//3415
s 1
f 12666//3416 9621//3416 9593//3416
s 0
f 9596//3417 9588//3417 12667//3417
s 1
f 12674//3418 9602//3418 9624//3418
s 0
f 12682//3419 9611//3419 9604//3419
f 9606//3420 9598//3420 12683//3420
f 9626//3421 9618//3421 12675//3421
f 9636//3422 9628//3422 12659//3422
f 9561//3423 9553//3423 12625//3423
s 1
f 12571//3424 12583//3424 9500//3424
s 0
f 12587//3425 12591//3425 9510//3425
f 12603//3426 12607//3426 9520//3426
f 12616//3427 12627//3427 9550//3427
f 12611//3428 12615//3428 9530//3428
f 12595//3429 12599//3429 9540//3429
f 12631//3430 12643//3430 9580//3430
f 12648//3431 12660//3431 9630//3431
f 12639//3432 12652//3432 9570//3432
f 12664//3433 12676//3433 9620//3433
f 12681//2808 12691//2808 9616//2808
f 12680//3434 9614//3434 9607//3434
f 12672//3435 12684//3435 9600//3435
f 12656//3436 12668//3436 9590//3436
f 12623//3437 12635//3437 9560//3437
f 12690//3438 9722//3438 9613//3438
f 12696//3439 9642//3439 9724//3439
f 9726//3440 9718//3440 12697//3440
f 12704//3441 9662//3441 9644//3441
f 12713//3442 9648//3442 9666//3442
f 9664//3443 9658//3443 12710//3443
f 9645//3444 9637//3444 12705//3444
f 12695//3445 12707//3445 9640//3445
f 12714//2812 12718//2812 9652//2812
f 12715//3446 9653//3446 9650//3446
f 12702//3447 12711//3447 9660//3447
f 12719//3448 9707//3448 9655//3448
f 12720//2813 12724//2813 9712//2813
f 12721//3449 9713//3449 9710//3449
f 12688//3450 12698//3450 9720//3450
f 12577//3451 12567//3451 9486//3451
f 12732//3452 9674//3452 9672//3452
f 12733//3453 9697//3453 9675//3453
f 12741//3454 9678//3454 9706//3454
f 12749//3455 9687//3455 9685//3455
f 9684//3456 9682//3456 12748//3456
f 9704//3457 9702//3457 12740//3457
f 12757//3458 9728//3458 9696//3458
f 9735//3459 12765//3459 9737//3459
f 12764//3460 9734//3460 9732//3460
f 9746//3461 12773//3461 9748//3461
f 9755//3462 12782//3462 9777//3462
f 12781//3463 9754//3463 9752//3463
f 12772//3464 9744//3464 9742//3464
f 9694//3465 9692//3465 12756//3465
f 9786//3466 12790//3466 9758//3466
f 9761//3467 12797//3467 9763//3467
f 9772//3468 12808//3468 9776//3468
f 9789//3469 12814//3469 9796//3469
f 12807//3470 9792//3470 9775//3470
f 12798//3471 9769//3471 9766//3471
f 9798//3472 12822//3472 9806//3472
f 9818//3473 12830//3473 9826//3473
f 12821//3474 9821//3474 9803//3474
f 9808//3475 12839//3475 9816//3475
f 9867//3476 12847//3476 9875//3476
f 12838//3477 9872//3477 9814//3477
f 12829//3478 9811//3478 9823//3478
f 12813//3479 9802//3479 9794//3479
f 12789//3480 9783//3480 9781//3480
f 9828//3481 12855//3481 9836//3481
f 9834//3482 12854//3482 9862//3482
s 1
f 9864//3483 12862//3483 9842//3483
s 0
f 9844//3484 12870//3484 9852//3484
f 12871//3485 9846//3485 9838//3485
f 12863//3486 9866//3486 9858//3486
f 12746//3487 9680//3487 12742//3487
f 9874//3488 12846//3488 9832//3488
f 12754//3489 9690//3489 12750//3489
f 9854//3490 12878//3490 9958//3490
f 12886//3491 9882//3491 9960//3491
f 9962//3492 9954//3492 12887//3492
f 12879//3493 9856//3493 9848//3493
f 12738//3494 9700//3494 12734//3494
f 12730//3495 9670//3495 12726//3495
f 9878//3496 12895//3496 9886//3496
f 9898//3497 12903//3497 9906//3497
f 12894//3498 9902//3498 9884//3498
f 9892//3499 12910//3499 9894//3499
f 9948//3500 12918//3500 9950//3500
f 12911//3501 9944//3501 9896//3501
f 12900//3502 9888//3502 9904//3502
f 9912//3503 12926//3503 9914//3503
f 9937//3504 12934//3504 9939//3504
f 12927//3505 9933//3505 9915//3505
f 9922//3506 12942//3506 9924//3506
s 1
f 9931//3507 12575//3507 9493//3507
s 0
f 12943//3508 9927//3508 9925//3508
f 12935//3509 9918//3509 9942//3509
f 12919//3510 9908//3510 9952//3510
f 12758//3511 12762//3511 9730//3511
f 12725//3512 9668//3512 9716//3512
f 12493//3513 15033//3513 15037//3513
f 12512//3513 15040//3513 15033//3513
f 12521//3514 15045//3514 15042//3514
f 12526//3515 15051//3515 15048//3515
f 15049//3514 15045//3514 12516//3514
f 15043//3513 15040//3513 12504//3513
f 12532//3516 15056//3516 15054//3516
f 12562//3517 15063//3517 15060//3517
f 15059//3516 15056//3516 12541//3516
f 12547//3517 15069//3517 15065//3517
f 12325//3518 15076//3518 15071//3518
f 15073//3519 15067//3519 12552//3519
f 15065//3517 15063//3517 12557//3517
f 15053//3515 15051//3515 12526//3515
f 12332//3520 15082//3520 15079//3520
f 12351//3520 15086//3520 15082//3520
f 9740//3521 12766//3521 12770//3521
f 9780//3522 12783//3522 12787//3522
f 9750//3523 12774//3523 12779//3523
f 12346//3524 15090//3524 15088//3524
f 12388//3525 15097//3525 15093//3525
f 15093//3525 15091//3525 12341//3525
f 12356//3526 15103//3526 15101//3526
f 12384//3527 15112//3527 15109//3527
f 15107//3528 15105//3528 12364//3528
f 15101//3526 15096//3526 12356//3526
f 15088//3524 15085//3524 12441//3524
f 15078//3518 15076//3518 12325//3518
f 12515//3515 12526//3515 15048//3515
f 12522//3529 12517//3529 15046//3529
f 15072//3520 12551//3520 12326//3520
f 12533//3529 12542//3529 15057//3529
f 15068//3530 12546//3530 12553//3530
f 12541//3516 12561//3516 15059//3516
f 12333//3530 15080//3530 12327//3530
f 15040//3513 12512//3513 12508//3513
f 15040//3513 12508//3513 12504//3513
f 12557//3517 12547//3517 15065//3517
f 12537//3517 15063//3517 12562//3517
f 12537//3517 12557//3517 15063//3517
f 12521//3514 15042//3514 12503//3514
f 12526//3515 12531//3515 15053//3515
f 15098//3531 12389//3531 12358//3531
f 12389//3531 15094//3531 12342//3531
f 12442//3520 15086//3520 12351//3520
f 12357//3525 12363//3525 15104//3525
f 15115//3527 12379//3527 15118//3527
f 12384//3527 12445//3527 15112//3527
f 12373//3532 15120//3532 15117//3532
f 15108//3531 12365//3531 12383//3531
f 12352//3530 15083//3530 12333//3530
f 12337//3524 12346//3524 15088//3524
f 12347//3525 12341//3525 15091//3525
f 12445//3527 15115//3527 15112//3527
f 15115//3527 12445//3527 12369//3527
f 15115//3527 12369//3527 12379//3527
f 15088//3524 12441//3524 12337//3524
f 12378//3532 12373//3532 15117//3532
f 12493//3513 12512//3513 15033//3513
f 9770//3533 12799//3533 12804//3533
f 9790//3534 12803//3534 12815//3534
f 9820//3535 12819//3535 12831//3535
f 9870//3536 12836//3536 12848//3536
f 9810//3537 12827//3537 12840//3537
f 9800//3538 12811//3538 12823//3538
f 12393//3539 15126//3539 15123//3539
f 12430//3540 15131//3540 15129//3540
f 15128//3539 15126//3539 12393//3539
f 12403//3541 15140//3541 15138//3541
f 15138//3541 15135//3541 12449//3541
f 15134//3540 15131//3540 12398//3540
f 9830//3542 12844//3542 12856//3542
f 9840//3543 12860//3543 12872//3543
f 9850//3544 12868//3544 12880//3544
s 1
f 9880//3545 12885//3545 12897//3545
s 0
f 9890//3546 12901//3546 12908//3546
f 9900//3547 12892//3547 12904//3547
f 9956//3548 12876//3548 12888//3548
f 12417//3549 15151//3549 15146//3549
f 15148//3550 15142//3550 12412//3550
f 9936//3551 12928//3551 12932//3551
f 9930//3552 12944//3552 12573//3552
f 9920//3553 12936//3553 12940//3553
f 9910//3554 12920//3554 12924//3554
s 1
f 9946//3555 12913//3555 12917//3555
s 0
f 15144//3541 15140//3541 12425//3541
f 9860//3556 12852//3556 12864//3556
f 12393//3539 12429//3539 15128//3539
f 12431//3557 12399//3557 15132//3557
f 12465//3558 15157//3558 15154//3558
f 15155//3559 12419//3559 12466//3559
f 12417//3549 15153//3549 15151//3549
f 12461//3559 15158//3559 12466//3559
f 12448//3540 15134//3540 12398//3540
f 12393//3539 15123//3539 12435//3539
f 15138//3541 12449//3541 12407//3541
f 15138//3541 12407//3541 12403//3541
f 15140//3541 12403//3541 12425//3541
f 12418//3558 15147//3558 12411//3558
f 12424//3559 12413//3559 15143//3559
f 15124//3532 15120//3532 12436//3532
f 15161//3558 15157//3558 12460//3558
f 12452//3560 15163//3560 15160//3560
f 12480//3561 15168//3561 15166//3561
f 15165//3560 15163//3560 12470//3560
f 12485//3562 15176//3562 15171//3562
f 12498//3563 15035//3563 15180//3563
f 15178//3562 15176//3562 12485//3562
f 15172//3561 15168//3561 12475//3561
f 12480//3561 15166//3561 12471//3561
f 15169//3564 12481//3564 12476//3564
f 12456//3560 12470//3560 15163//3560
f 12476//3564 12487//3564 15173//3564
f 15036//3564 12499//3564 12492//3564
f 15179//3561 12486//3561 12497//3561
f 12452//3560 12456//3560 15163//3560
f 12453//3558 15161//3558 12460//3558
f 15121//3557 12374//3557 12437//3557
f 9760//3565 12791//3565 12795//3565
